"itemName","accountId","accountName","sequence","date","operationNo","journalNo","transactionId","operationKind","sourceOperationType","description","quantityIn","quantityOut","physicalWeightIn","physicalWeightOut","e21WeightIn","e21WeightOut","unitCostBefore","inboundCost","outboundCOGS","adjustmentCost","quantityBalanceAfter","bookCostAfter","averageCostAfter","classification","bucket"
"خاتم حريمي","seed-account-f7259c51816b3eca60b0","seed-account-f7259c51816b3eca60b0","8","2026-01-01","","","csvref-entry-b8324f23d7d3c5bd7592962f7654dc3c","opening","قيد افتتاحي","قيد افتتاحي: seed-account-f7259c51816b3eca60b0 -> acct_non_inventory_046","328.47","0.00","383.22","0.00","328.47","0.00","","1970820.00","0.00","0.00","328.47","1970820.00","6000.000000","opening","opening"
"خاتم حريمي","seed-account-f7259c51816b3eca60b0","seed-account-f7259c51816b3eca60b0","39","2026-01-01","","","csvref-entry-01f403d7fa753ed1be1de9a8a08b29da","sale","بيع ذهب","بيع ذهب: acct_non_inventory_001 -> seed-account-f7259c51816b3eca60b0","0.00","1.64","0.00","1.91","0.00","1.64","6000.000000","0.00","9840.00","0.00","326.83","1960980.00","6000.000000","sale","outbound"
"خاتم حريمي","seed-account-f7259c51816b3eca60b0","seed-account-f7259c51816b3eca60b0","56","2026-01-04","","","csvref-entry-004bd327ee00d755f81a51e27454783a","sale","بيع ذهب","بيع ذهب: acct_non_inventory_001 -> seed-account-f7259c51816b3eca60b0","0.00","1.65","0.00","1.92","0.00","1.65","6000.000000","0.00","9900.00","0.00","325.18","1951080.00","6000.000000","sale","outbound"
"خاتم حريمي","seed-account-f7259c51816b3eca60b0","seed-account-f7259c51816b3eca60b0","57","2026-01-04","","","csvref-entry-95190a2c5370499d1f5aa6f925acd79e","sale","بيع ذهب","بيع ذهب: acct_non_inventory_001 -> seed-account-f7259c51816b3eca60b0","0.00","2.65","0.00","3.09","0.00","2.65","6000.000000","0.00","15900.00","0.00","322.53","1935180.00","6000.000000","sale","outbound"
"خاتم حريمي","seed-account-f7259c51816b3eca60b0","seed-account-f7259c51816b3eca60b0","59","2026-01-04","","","csvref-entry-dc292d9281de1babd07ba88247217d34","sale","بيع ذهب","بيع ذهب: acct_non_inventory_001 -> seed-account-f7259c51816b3eca60b0","0.00","3.19","0.00","3.72","0.00","3.19","6000.000000","0.00","19140.00","0.00","319.34","1916040.00","6000.000000","sale","outbound"
"خاتم حريمي","seed-account-f7259c51816b3eca60b0","seed-account-f7259c51816b3eca60b0","95","2026-01-07","","","csvref-entry-0883ce587fded6b31c823f5b7235b384","sale","بيع ذهب","بيع ذهب: acct_non_inventory_001 -> seed-account-f7259c51816b3eca60b0","0.00","2.26","0.00","2.64","0.00","2.26","6000.000000","0.00","13560.00","0.00","317.08","1902480.00","6000.000000","sale","outbound"
"خاتم حريمي","seed-account-f7259c51816b3eca60b0","seed-account-f7259c51816b3eca60b0","100","2026-01-07","","","csvref-entry-2e7f03e3daaa5169f00bc2641d4ebfcb","sale","بيع ذهب","بيع ذهب: acct_non_inventory_001 -> seed-account-f7259c51816b3eca60b0","0.00","1.75","0.00","2.04","0.00","1.75","6000.000000","0.00","10500.00","0.00","315.33","1891980.00","6000.000000","sale","outbound"
"خاتم حريمي","seed-account-f7259c51816b3eca60b0","seed-account-f7259c51816b3eca60b0","111","2026-01-08","","","csvref-entry-2d77d2cd962beaa5ea09b05bea340665","sale","بيع ذهب","بيع ذهب: acct_non_inventory_001 -> seed-account-f7259c51816b3eca60b0","0.00","2.48","0.00","2.89","0.00","2.48","6000.000000","0.00","14880.00","0.00","312.85","1877100.00","6000.000000","sale","outbound"
"خاتم حريمي","seed-account-f7259c51816b3eca60b0","seed-account-f7259c51816b3eca60b0","133","2026-01-11","","","csvref-entry-b086b8d2fb41272e59edcd5fd724ebf9","tifeet","تيفيت","تيفيت: seed-account-f7259c51816b3eca60b0 -> seed-account-7ac32db4e3484ce2dc22","9.03","0.00","10.53","0.00","9.03","0.00","6000.000000","52486.03","0.00","0.00","321.88","1929586.03","5994.737262","tafyeet","tafkeet"
"خاتم حريمي","seed-account-f7259c51816b3eca60b0","seed-account-f7259c51816b3eca60b0","151","2026-01-13","","","csvref-entry-ef520d0ce35ac678c06b8d0eeb98a40e","sale","بيع ذهب","بيع ذهب: acct_non_inventory_001 -> seed-account-f7259c51816b3eca60b0","0.00","4.03","0.00","4.70","0.00","4.03","5994.737262","0.00","24158.79","0.00","317.85","1905427.24","5994.737266","sale","outbound"
"خاتم حريمي","seed-account-f7259c51816b3eca60b0","seed-account-f7259c51816b3eca60b0","181","2026-01-16","","","csvref-entry-508e60a245d15c6518a1336318f86577","sale","بيع ذهب","بيع ذهب: acct_non_inventory_001 -> seed-account-f7259c51816b3eca60b0","0.00","1.67","0.00","1.95","0.00","1.67","5994.737266","0.00","10011.21","0.00","316.18","1895416.03","5994.737270","sale","outbound"
"خاتم حريمي","seed-account-f7259c51816b3eca60b0","seed-account-f7259c51816b3eca60b0","190","2026-01-16","","","csvref-entry-9cdd3ad386fdf0155316885f6edb2dfb","tifeet","تيفيت","تيفيت: seed-account-f7259c51816b3eca60b0 -> seed-account-7ac32db4e3484ce2dc22","1.61","0.00","1.88","0.00","1.61","0.00","5994.737270","9475.62","0.00","0.00","317.79","1904891.65","5994.183738","tafyeet","tafkeet"
"خاتم حريمي","seed-account-f7259c51816b3eca60b0","seed-account-f7259c51816b3eca60b0","217","2026-01-20","","","csvref-entry-f56256d60a9f5fa94f75fe4dab77275d","sale","بيع ذهب","بيع ذهب: acct_non_inventory_001 -> seed-account-f7259c51816b3eca60b0","0.00","2.62","0.00","3.06","0.00","2.62","5994.183738","0.00","15704.76","0.00","315.17","1889186.89","5994.183742","sale","outbound"
"خاتم حريمي","seed-account-f7259c51816b3eca60b0","seed-account-f7259c51816b3eca60b0","238","2026-01-23","","","csvref-entry-ee5aa3564c24162aa8a90116307e4bad","sale","بيع ذهب","بيع ذهب: acct_non_inventory_001 -> seed-account-f7259c51816b3eca60b0","0.00","1.59","0.00","1.86","0.00","1.59","5994.183742","0.00","9530.75","0.00","313.58","1879656.14","5994.183749","sale","outbound"
"خاتم حريمي","seed-account-f7259c51816b3eca60b0","seed-account-f7259c51816b3eca60b0","249","2026-01-23","","","csvref-entry-1863866d24a8c06dd2c5dc12e10e06e5","sale","بيع ذهب","بيع ذهب: acct_non_inventory_001 -> seed-account-f7259c51816b3eca60b0","0.00","3.39","0.00","3.95","0.00","3.39","5994.183749","0.00","20320.28","0.00","310.19","1859335.86","5994.183758","sale","outbound"
"خاتم حريمي","seed-account-f7259c51816b3eca60b0","seed-account-f7259c51816b3eca60b0","258","2026-01-24","","","csvref-entry-52d503e9a3fb40ec05d4783e6075b7c1","sale","بيع ذهب","بيع ذهب: acct_non_inventory_001 -> seed-account-f7259c51816b3eca60b0","0.00","5.63","0.00","6.57","0.00","5.63","5994.183758","0.00","33747.25","0.00","304.56","1825588.61","5994.183773","sale","outbound"
"خاتم حريمي","seed-account-f7259c51816b3eca60b0","seed-account-f7259c51816b3eca60b0","284","2026-01-25","","","csvref-entry-5c1763815157a2fe55f07292eb9734a1","tifeet","تيفيت","تيفيت: seed-account-f7259c51816b3eca60b0 -> seed-account-7ac32db4e3484ce2dc22","11.61","0.00","13.55","0.00","11.61","0.00","5994.183773","71885.40","0.00","0.00","316.17","1897474.01","6001.435968","tafyeet","tafkeet"
"خاتم حريمي","seed-account-f7259c51816b3eca60b0","seed-account-f7259c51816b3eca60b0","291","2026-01-25","","","csvref-entry-8bce16a78b50cbbe196bdb515517c4c6","sale","بيع ذهب","بيع ذهب: acct_non_inventory_001 -> seed-account-f7259c51816b3eca60b0","0.00","1.77","0.00","2.07","0.00","1.77","6001.435968","0.00","10622.54","0.00","314.40","1886851.47","6001.435973","sale","outbound"
"خاتم حريمي","seed-account-f7259c51816b3eca60b0","seed-account-f7259c51816b3eca60b0","308","2026-01-27","","","csvref-entry-cd698da5339100a1fab8287bc08ba1e3","sale","بيع ذهب","بيع ذهب: acct_non_inventory_001 -> seed-account-f7259c51816b3eca60b0","0.00","1.37","0.00","1.60","0.00","1.37","6001.435973","0.00","8221.97","0.00","313.03","1878629.50","6001.435965","sale","outbound"
"خاتم حريمي","seed-account-f7259c51816b3eca60b0","seed-account-f7259c51816b3eca60b0","310","2026-01-27","","","csvref-entry-96d1d80b2c2c9f9f972d1c2b50de54ac","sale","بيع ذهب","بيع ذهب: acct_non_inventory_001 -> seed-account-f7259c51816b3eca60b0","0.00","2.38","0.00","2.78","0.00","2.38","6001.435965","0.00","14283.42","0.00","310.65","1864346.08","6001.435957","sale","outbound"
"خاتم حريمي","seed-account-f7259c51816b3eca60b0","seed-account-f7259c51816b3eca60b0","313","2026-01-28","","","csvref-entry-43d1a42acd271a2e8e23a41974e3188c","sale","بيع ذهب","بيع ذهب: acct_non_inventory_001 -> seed-account-f7259c51816b3eca60b0","0.00","1.70","0.00","1.98","0.00","1.70","6001.435957","0.00","10202.44","0.00","308.95","1854143.64","6001.435961","sale","outbound"
"خاتم حريمي","seed-account-f7259c51816b3eca60b0","seed-account-f7259c51816b3eca60b0","316","2026-01-28","","","csvref-entry-bfe22480c3c0d801759007e9be62a5d8","sale","بيع ذهب","بيع ذهب: acct_non_inventory_001 -> seed-account-f7259c51816b3eca60b0","0.00","1.52","0.00","1.77","0.00","1.52","6001.435961","0.00","9122.18","0.00","307.43","1845021.46","6001.435969","sale","outbound"
"خاتم حريمي","seed-account-f7259c51816b3eca60b0","seed-account-f7259c51816b3eca60b0","352","2026-02-01","","","csvref-entry-f22e3d72bffb6ff42b1633939b786472","sale","بيع ذهب","بيع ذهب: acct_non_inventory_001 -> seed-account-f7259c51816b3eca60b0","0.00","1.40","0.00","1.63","0.00","1.40","6001.435969","0.00","8402.01","0.00","306.03","1836619.45","6001.435970","sale","outbound"
"خاتم حريمي","seed-account-f7259c51816b3eca60b0","seed-account-f7259c51816b3eca60b0","367","2026-02-02","","","csvref-entry-9e7f8dd88f15230c225c25440444f241","tifeet","تيفيت","تيفيت: seed-account-f7259c51816b3eca60b0 -> seed-account-7ac32db4e3484ce2dc22","4.86","0.00","5.67","0.00","4.86","0.00","6001.435970","30596.96","0.00","0.00","310.89","1867216.41","6006.035607","tafyeet","tafkeet"
"خاتم حريمي","seed-account-f7259c51816b3eca60b0","seed-account-f7259c51816b3eca60b0","371","2026-02-02","","","csvref-entry-face4c3b0b34539a3a1b2bed2e61bae1","sale","بيع ذهب","بيع ذهب: acct_non_inventory_001 -> seed-account-f7259c51816b3eca60b0","0.00","2.67","0.00","3.12","0.00","2.67","6006.035607","0.00","16036.12","0.00","308.22","1851180.29","6006.035591","sale","outbound"
"خاتم حريمي","seed-account-f7259c51816b3eca60b0","seed-account-f7259c51816b3eca60b0","379","2026-02-03","","","csvref-entry-59ad73e2c3c6e542ee052fc608c8f8ab","sale","بيع ذهب","بيع ذهب: acct_non_inventory_001 -> seed-account-f7259c51816b3eca60b0","0.00","1.35","0.00","1.58","0.00","1.35","6006.035591","0.00","8108.15","0.00","306.87","1843072.14","6006.035585","sale","outbound"
"خاتم حريمي","seed-account-f7259c51816b3eca60b0","seed-account-f7259c51816b3eca60b0","391","2026-02-04","","","csvref-entry-b04168fcfc2f4cedc5478d3750fbb71f","sale","بيع ذهب","بيع ذهب: acct_non_inventory_001 -> seed-account-f7259c51816b3eca60b0","0.00","1.35","0.00","1.57","0.00","1.35","6006.035585","0.00","8108.15","0.00","305.52","1834963.99","6006.035579","sale","outbound"
"خاتم حريمي","seed-account-f7259c51816b3eca60b0","seed-account-f7259c51816b3eca60b0","396","2026-02-05","","","csvref-entry-9b725baacbdceca8edecd564327a9f27","sale","بيع ذهب","بيع ذهب: acct_non_inventory_001 -> seed-account-f7259c51816b3eca60b0","0.00","1.95","0.00","2.27","0.00","1.95","6006.035579","0.00","11711.77","0.00","303.57","1823252.22","6006.035577","sale","outbound"
"خاتم حريمي","seed-account-f7259c51816b3eca60b0","seed-account-f7259c51816b3eca60b0","404","2026-02-05","","","csvref-entry-1be294d417e4bf845b91a105ac496d4b","tifeet","تيفيت","تيفيت: seed-account-f7259c51816b3eca60b0 -> seed-account-7ac32db4e3484ce2dc22","1.18","0.00","1.38","0.00","1.18","0.00","6006.035577","7477.19","0.00","0.00","304.75","1830729.41","6007.315537","tafyeet","tafkeet"
"خاتم حريمي","seed-account-f7259c51816b3eca60b0","seed-account-f7259c51816b3eca60b0","408","2026-02-05","","","csvref-entry-e4ba342ecd18fbb80f1bf6fd9027ebb0","sale","بيع ذهب","بيع ذهب: acct_non_inventory_001 -> seed-account-f7259c51816b3eca60b0","0.00","3.75","0.00","4.38","0.00","3.75","6007.315537","0.00","22527.43","0.00","301.00","1808201.98","6007.315548","sale","outbound"
"خاتم حريمي","seed-account-f7259c51816b3eca60b0","seed-account-f7259c51816b3eca60b0","421","2026-02-06","","","csvref-entry-7cc47599fe08ca010a82d75dece20b44","sale","بيع ذهب","بيع ذهب: acct_non_inventory_001 -> seed-account-f7259c51816b3eca60b0","0.00","3.69","0.00","4.31","0.00","3.69","6007.315548","0.00","22166.99","0.00","297.31","1786034.99","6007.315563","sale","outbound"
"خاتم حريمي","seed-account-f7259c51816b3eca60b0","seed-account-f7259c51816b3eca60b0","434","2026-02-08","","","csvref-entry-30ecfa1128b79d2109dbc69c19ff6c87","sale","بيع ذهب","بيع ذهب: acct_non_inventory_001 -> seed-account-f7259c51816b3eca60b0","0.00","3.08","0.00","3.59","0.00","3.08","6007.315563","0.00","18502.53","0.00","294.23","1767532.46","6007.315569","sale","outbound"
"خاتم حريمي","seed-account-f7259c51816b3eca60b0","seed-account-f7259c51816b3eca60b0","440","2026-02-08","","","csvref-entry-42ff73b274310a5fa52e7e055fa3c22b","sale","بيع ذهب","بيع ذهب: acct_non_inventory_001 -> seed-account-f7259c51816b3eca60b0","0.00","2.60","0.00","3.03","0.00","2.60","6007.315569","0.00","15619.02","0.00","291.63","1751913.44","6007.315571","sale","outbound"
"خاتم حريمي","seed-account-f7259c51816b3eca60b0","seed-account-f7259c51816b3eca60b0","445","2026-02-08","","","csvref-entry-ae9088f58dac4ee3e165eb9d4c98e9ea","tifeet","تيفيت","تيفيت: seed-account-f7259c51816b3eca60b0 -> seed-account-7ac32db4e3484ce2dc22","7.20","0.00","8.40","0.00","7.20","0.00","6007.315571","75017.98","0.00","0.00","298.83","1826931.42","6113.614497","tafyeet","tafkeet"
"خاتم حريمي","seed-account-f7259c51816b3eca60b0","seed-account-f7259c51816b3eca60b0","460","2026-02-11","","","csvref-entry-00c1217959300dbbe8a116ab32f185dd","sale","بيع ذهب","بيع ذهب: acct_non_inventory_001 -> seed-account-f7259c51816b3eca60b0","0.00","1.95","0.00","2.27","0.00","1.95","6113.614497","0.00","11921.55","0.00","296.88","1815009.87","6113.614491","sale","outbound"
"خاتم حريمي","seed-account-f7259c51816b3eca60b0","seed-account-f7259c51816b3eca60b0","483","2026-02-14","","","csvref-entry-d8207b9657942ad3b81e8d1d4ba2743c","sale","بيع ذهب","بيع ذهب: acct_non_inventory_001 -> seed-account-f7259c51816b3eca60b0","0.00","4.70","0.00","5.48","0.00","4.70","6113.614491","0.00","28733.99","0.00","292.18","1786275.88","6113.614484","sale","outbound"
"خاتم حريمي","seed-account-f7259c51816b3eca60b0","seed-account-f7259c51816b3eca60b0","489","2026-02-14","","","csvref-entry-3f9de44e3a324a872f36c5408a7dd8e4","sale","بيع ذهب","بيع ذهب: acct_non_inventory_001 -> seed-account-f7259c51816b3eca60b0","0.00","2.10","0.00","2.45","0.00","2.10","6113.614484","0.00","12838.59","0.00","290.08","1773437.29","6113.614486","sale","outbound"
"خاتم حريمي","seed-account-f7259c51816b3eca60b0","seed-account-f7259c51816b3eca60b0","509","2026-02-16","","","csvref-entry-2c409ee71926d8c87798cfb755f7c45a","sale","بيع ذهب","بيع ذهب: acct_non_inventory_001 -> seed-account-f7259c51816b3eca60b0","0.00","2.16","0.00","2.52","0.00","2.16","6113.614486","0.00","13205.41","0.00","287.92","1760231.88","6113.614476","sale","outbound"
"خاتم حريمي","seed-account-f7259c51816b3eca60b0","seed-account-f7259c51816b3eca60b0","518","2026-02-16","","","csvref-entry-91fdc2967c073c2d157567875962a84c","tifeet","تيفيت","تيفيت: seed-account-f7259c51816b3eca60b0 -> seed-account-7ac32db4e3484ce2dc22","2.58","0.00","3.01","0.00","2.58","0.00","6113.614476","19636.35","0.00","0.00","290.50","1779868.23","6126.913012","tafyeet","tafkeet"
"خاتم حريمي","seed-account-f7259c51816b3eca60b0","seed-account-f7259c51816b3eca60b0","532","2026-02-17","","","csvref-entry-05bfacf442cfcaf960a621b1ebaf63ec","purchase","تاجر ذهب","تاجر ذهب: seed-account-f7259c51816b3eca60b0 -> acct_non_inventory_039","111.69","0.00","130.30","0.00","111.69","0.00","6126.913012","29655.00","0.00","0.00","402.19","1809523.23","4499.175091","merchant_receipt","inbound"
"خاتم حريمي","seed-account-f7259c51816b3eca60b0","seed-account-f7259c51816b3eca60b0","538","2026-02-17","","","csvref-entry-125b0bcbd8c813cadf9353f8d5765410","sale","بيع ذهب","بيع ذهب: acct_non_inventory_001 -> seed-account-f7259c51816b3eca60b0","0.00","1.67","0.00","1.95","0.00","1.67","4499.175091","0.00","7513.73","0.00","400.52","1802009.50","4499.174823","sale","outbound"
"خاتم حريمي","seed-account-f7259c51816b3eca60b0","seed-account-f7259c51816b3eca60b0","574","2026-02-24","","","csvref-entry-9480ccd12944ceb51e6431e4bf16203b","sale","بيع ذهب","بيع ذهب: acct_non_inventory_001 -> seed-account-f7259c51816b3eca60b0","0.00","2.55","0.00","2.98","0.00","2.55","4499.174823","0.00","11473.21","0.00","397.97","1790536.29","4499.174033","sale","outbound"
"خاتم حريمي","seed-account-f7259c51816b3eca60b0","seed-account-f7259c51816b3eca60b0","585","2026-02-25","","","csvref-entry-f2dc63b6918abb861dfee78967917deb","sale","بيع ذهب","بيع ذهب: acct_non_inventory_001 -> seed-account-f7259c51816b3eca60b0","0.00","1.17","0.00","1.37","0.00","1.17","4499.174033","0.00","5264.35","0.00","396.80","1785271.94","4499.173236","sale","outbound"
"خاتم حريمي","seed-account-f7259c51816b3eca60b0","seed-account-f7259c51816b3eca60b0","586","2026-02-25","","","csvref-entry-791642166c88a89f6d66a0335f97d784","sale","بيع ذهب","بيع ذهب: acct_non_inventory_001 -> seed-account-f7259c51816b3eca60b0","0.00","2.10","0.00","2.45","0.00","2.10","4499.173236","0.00","9448.26","0.00","394.70","1775823.68","4499.173246","sale","outbound"
"خاتم حريمي","seed-account-f7259c51816b3eca60b0","seed-account-f7259c51816b3eca60b0","593","2026-02-25","","","csvref-entry-1bfbe7ae03540a0e4e871e7ff73edf5d","tifeet","تيفيت","تيفيت: seed-account-f7259c51816b3eca60b0 -> seed-account-7ac32db4e3484ce2dc22","4.05","0.00","4.73","0.00","4.05","0.00","4499.173246","80289.19","0.00","0.00","398.75","1856112.87","4654.828514","tafyeet","tafkeet"
"خاتم حريمي","seed-account-f7259c51816b3eca60b0","seed-account-f7259c51816b3eca60b0","599","2026-02-26","","","csvref-entry-a7ef29383d068ef47cfaa52459150f59","sale","بيع ذهب","بيع ذهب: acct_non_inventory_001 -> seed-account-f7259c51816b3eca60b0","0.00","1.05","0.00","1.23","0.00","1.05","4654.828514","0.00","4887.88","0.00","397.70","1851224.99","4654.827734","sale","outbound"
"خاتم حريمي","seed-account-f7259c51816b3eca60b0","seed-account-f7259c51816b3eca60b0","616","2026-02-28","","","csvref-entry-4aaef262bb4c655c4145b8b0703e3a78","sale","بيع ذهب","بيع ذهب: acct_non_inventory_001 -> seed-account-f7259c51816b3eca60b0","0.00","1.26","0.00","1.47","0.00","1.26","4654.827734","0.00","5865.09","0.00","396.44","1845359.90","4654.827717","sale","outbound"
"خاتم حريمي","seed-account-f7259c51816b3eca60b0","seed-account-f7259c51816b3eca60b0","629","2026-03-02","","","csvref-entry-409640b7fa5bf5cf19ee1bdc05330ddf","sale","بيع ذهب","بيع ذهب: acct_non_inventory_001 -> seed-account-f7259c51816b3eca60b0","0.00","2.35","0.00","2.74","0.00","2.35","4654.827717","0.00","10938.74","0.00","394.09","1834421.16","4654.827983","sale","outbound"
"خاتم حريمي","seed-account-f7259c51816b3eca60b0","seed-account-f7259c51816b3eca60b0","638","2026-03-02","","","csvref-entry-7a7b6a722b53e60a7c77b7d8a9111977","transfer","تحويل","تحويل: seed-account-7ac32db4e3484ce2dc22 -> seed-account-f7259c51816b3eca60b0","0.00","3.22","0.00","3.76","0.00","3.22","4654.827983","0.00","14988.75","0.00","390.87","1819432.41","4654.827462","transfer","transfer"
"خاتم حريمي","seed-account-f7259c51816b3eca60b0","seed-account-f7259c51816b3eca60b0","666","2026-03-04","","","csvref-entry-ac0a8face3b9d3f70e721804c368d3af","tifeet","تيفيت","تيفيت: seed-account-f7259c51816b3eca60b0 -> seed-account-7ac32db4e3484ce2dc22","5.19","0.00","6.05","0.00","5.19","0.00","4654.827462","37927.80","0.00","0.00","396.06","1857360.21","4689.593016","tafyeet","tafkeet"
"خاتم حريمي","seed-account-f7259c51816b3eca60b0","seed-account-f7259c51816b3eca60b0","695","2026-03-07","","","csvref-entry-c1ca1dda8e9a05f5a854dbc4f7f758b3","sale","بيع ذهب","بيع ذهب: acct_non_inventory_001 -> seed-account-f7259c51816b3eca60b0","0.00","1.21","0.00","1.41","0.00","1.21","4689.593016","0.00","5674.30","0.00","394.85","1851685.91","4689.593289","sale","outbound"
"خاتم حريمي","seed-account-f7259c51816b3eca60b0","seed-account-f7259c51816b3eca60b0","705","2026-03-08","","","csvref-entry-956da4808fa154ff11f23d14d978774f","sale","بيع ذهب","بيع ذهب: acct_non_inventory_001 -> seed-account-f7259c51816b3eca60b0","0.00","2.09","0.00","2.44","0.00","2.09","4689.593289","0.00","9801.35","0.00","392.76","1841884.56","4689.593034","sale","outbound"
"خاتم حريمي","seed-account-f7259c51816b3eca60b0","seed-account-f7259c51816b3eca60b0","719","2026-03-09","","","csvref-entry-92bdabcceca12ae45f97dce63d94afec","transfer","تحويل","تحويل: seed-account-7ac32db4e3484ce2dc22 -> seed-account-f7259c51816b3eca60b0","0.00","14.31","0.00","16.70","0.00","14.31","4689.593034","0.00","67108.38","0.00","378.45","1774776.18","4689.592231","transfer","transfer"
"خاتم حريمي","seed-account-f7259c51816b3eca60b0","seed-account-f7259c51816b3eca60b0","785","2026-03-13","","","csvref-entry-fdd38e68dcb55f8f4936278af1ac49ca","tifeet","تيفيت","تيفيت: seed-account-f7259c51816b3eca60b0 -> seed-account-7ac32db4e3484ce2dc22","7.44","0.00","8.68","0.00","7.44","0.00","4689.592231","49453.29","0.00","0.00","385.89","1824229.47","4727.330250","tafyeet","tafkeet"
"خاتم حريمي","seed-account-f7259c51816b3eca60b0","seed-account-f7259c51816b3eca60b0","828","2026-03-18","","","csvref-entry-2b2b2913d0f7171f55b532ed78c97090","sale","بيع ذهب","بيع ذهب: acct_non_inventory_001 -> seed-account-f7259c51816b3eca60b0","0.00","1.35","0.00","1.58","0.00","1.35","4727.330250","0.00","6382.20","0.00","384.54","1817847.27","4727.329459","sale","outbound"
"خاتم حريمي","seed-account-f7259c51816b3eca60b0","seed-account-f7259c51816b3eca60b0","831","2026-03-19","","","csvref-entry-25f97499d3c1fcf543c48664b2a16a1c","sale","بيع ذهب","بيع ذهب: acct_non_inventory_001 -> seed-account-f7259c51816b3eca60b0","0.00","2.36","0.00","2.75","0.00","2.36","4727.329459","0.00","11156.30","0.00","382.18","1806690.97","4727.329975","sale","outbound"
"خاتم حريمي","seed-account-f7259c51816b3eca60b0","seed-account-f7259c51816b3eca60b0","850","2026-03-20","","","csvref-entry-4f2ec16fd2413ee474976cc6aaf363d2","tifeet","تيفيت","تيفيت: seed-account-f7259c51816b3eca60b0 -> seed-account-7ac32db4e3484ce2dc22","6.33","0.00","7.38","0.00","6.33","0.00","4727.329975","120083.92","0.00","0.00","388.51","1926774.89","4959.395871","tafyeet","tafkeet"
"خاتم حريمي","seed-account-f7259c51816b3eca60b0","seed-account-f7259c51816b3eca60b0","852","2026-03-21","","","csvref-entry-13db5cce0e8f5955cf729126f53e1de7","sale","بيع ذهب","بيع ذهب: acct_non_inventory_001 -> seed-account-f7259c51816b3eca60b0","0.00","2.84","0.00","3.31","0.00","2.84","4959.395871","0.00","14084.49","0.00","385.67","1912690.40","4959.396375","sale","outbound"
"خاتم حريمي","seed-account-f7259c51816b3eca60b0","seed-account-f7259c51816b3eca60b0","857","2026-03-21","","","csvref-entry-cbb0c5fda26e78acd80999215c6cae78","sale","بيع ذهب","بيع ذهب: acct_non_inventory_001 -> seed-account-f7259c51816b3eca60b0","0.00","1.61","0.00","1.88","0.00","1.61","4959.396375","0.00","7984.73","0.00","384.06","1904705.67","4959.396110","sale","outbound"
"خاتم حريمي","seed-account-f7259c51816b3eca60b0","seed-account-f7259c51816b3eca60b0","865","2026-03-22","","","csvref-entry-fecf5b6bd5975c3309ddd4a989a789b7","sale","بيع ذهب","بيع ذهب: acct_non_inventory_001 -> seed-account-f7259c51816b3eca60b0","0.00","5.56","0.00","6.49","0.00","5.56","4959.396110","0.00","27574.45","0.00","378.50","1877131.22","4959.395561","sale","outbound"
"خاتم حريمي","seed-account-f7259c51816b3eca60b0","seed-account-f7259c51816b3eca60b0","869","2026-03-22","","","csvref-entry-4aaf2a4745e3498848fdcd8cbcf909fb","sale","بيع ذهب","بيع ذهب: acct_non_inventory_001 -> seed-account-f7259c51816b3eca60b0","0.00","1.44","0.00","1.68","0.00","1.44","4959.395561","0.00","7141.53","0.00","377.06","1869989.69","4959.395560","sale","outbound"
"خاتم حريمي","seed-account-f7259c51816b3eca60b0","seed-account-f7259c51816b3eca60b0","871","2026-03-22","","","csvref-entry-4980f766dc725b59af4519749d9bc493","sale","بيع ذهب","بيع ذهب: acct_non_inventory_001 -> seed-account-f7259c51816b3eca60b0","0.00","0.93","0.00","1.08","0.00","0.93","4959.395560","0.00","4611.94","0.00","376.13","1865377.75","4959.396352","sale","outbound"
"خاتم حريمي","seed-account-f7259c51816b3eca60b0","seed-account-f7259c51816b3eca60b0","879","2026-03-23","","","csvref-entry-725cc134e8ee9d032dd4eae69ae5b55b","transfer","تحويل","تحويل: seed-account-f7259c51816b3eca60b0 -> seed-account-60ed1f8a1341a1ab20be","2.70","0.00","3.15","0.00","2.70","0.00","4959.396352","16190.48","0.00","0.00","378.83","1881568.23","4966.787820","transfer","transfer"
"خاتم حريمي","seed-account-f7259c51816b3eca60b0","seed-account-f7259c51816b3eca60b0","911","2026-03-24","","","csvref-entry-cb964b9e547ef2e23e1f197160100855","tifeet","تيفيت","تيفيت: seed-account-f7259c51816b3eca60b0 -> seed-account-7ac32db4e3484ce2dc22","1.92","0.00","2.24","0.00","1.92","0.00","4966.787820","45487.22","0.00","0.00","380.75","1927055.45","5061.209324","tafyeet","tafkeet"
"خاتم حريمي","seed-account-f7259c51816b3eca60b0","seed-account-f7259c51816b3eca60b0","916","2026-03-25","","","csvref-entry-c8a19b0b25262c97976aa5da016312a2","sale","بيع ذهب","بيع ذهب: acct_non_inventory_001 -> seed-account-f7259c51816b3eca60b0","0.00","1.63","0.00","1.90","0.00","1.63","5061.209324","0.00","8249.68","0.00","379.12","1918805.77","5061.209564","sale","outbound"
"خاتم حريمي","seed-account-f7259c51816b3eca60b0","seed-account-f7259c51816b3eca60b0","918","2026-03-25","","","csvref-entry-ea72ad95d958a150e06284a09ba93934","sale","بيع ذهب","بيع ذهب: acct_non_inventory_001 -> seed-account-f7259c51816b3eca60b0","0.00","2.84","0.00","3.31","0.00","2.84","5061.209564","0.00","14373.64","0.00","376.28","1904432.13","5061.210083","sale","outbound"
"خاتم حريمي","seed-account-f7259c51816b3eca60b0","seed-account-f7259c51816b3eca60b0","945","2026-03-26","","","csvref-entry-6d4064d2d891556dc5a4b7eab199e1dd","sale","بيع ذهب","بيع ذهب: acct_non_inventory_001 -> seed-account-f7259c51816b3eca60b0","0.00","1.18","0.00","1.38","0.00","1.18","5061.210083","0.00","5972.42","0.00","375.10","1898459.71","5061.209571","sale","outbound"
"خاتم حريمي","seed-account-f7259c51816b3eca60b0","seed-account-f7259c51816b3eca60b0","947","2026-03-26","","","csvref-entry-6e5fd98317fa6391e4979c6a9e4ddd41","sale","بيع ذهب","بيع ذهب: acct_non_inventory_001 -> seed-account-f7259c51816b3eca60b0","0.00","2.07","0.00","2.42","0.00","2.07","5061.209571","0.00","10477.00","0.00","373.03","1887982.71","5061.208777","sale","outbound"
"خاتم حريمي","seed-account-f7259c51816b3eca60b0","seed-account-f7259c51816b3eca60b0","961","2026-03-28","","","csvref-entry-7465ead8ffe5dedb0e3b9c63c8f5c170","sale","بيع ذهب","بيع ذهب: acct_non_inventory_001 -> seed-account-f7259c51816b3eca60b0","0.00","1.11","0.00","1.30","0.00","1.11","5061.208777","0.00","5618.24","0.00","371.92","1882364.47","5061.207975","sale","outbound"
"خاتم حريمي","seed-account-f7259c51816b3eca60b0","seed-account-f7259c51816b3eca60b0","971","2026-03-28","","","csvref-entry-3f6ae124c69dc560c2ccb2249c313d32","tifeet","تيفيت","تيفيت: seed-account-f7259c51816b3eca60b0 -> seed-account-7ac32db4e3484ce2dc22","1.47","0.00","1.71","0.00","1.47","0.00","5061.207975","13162.78","0.00","0.00","373.39","1895527.25","5076.534588","tafyeet","tafkeet"
"خاتم حريمي","seed-account-f7259c51816b3eca60b0","seed-account-f7259c51816b3eca60b0","1014","2026-04-01","","","csvref-entry-c251977ef2061f691577bdc71682e00b","tifeet","تيفيت","تيفيت: seed-account-f7259c51816b3eca60b0 -> seed-account-7ac32db4e3484ce2dc22","1.65","0.00","1.92","0.00","1.65","0.00","5076.534588","13311.84","0.00","0.00","375.04","1908839.09","5089.694673","tafyeet","tafkeet"
"خاتم حريمي","seed-account-f7259c51816b3eca60b0","seed-account-f7259c51816b3eca60b0","1043","2026-04-03","","","csvref-entry-4f2007ad6174d011c6cbb8c157489195","sale","بيع ذهب","بيع ذهب: acct_non_inventory_001 -> seed-account-f7259c51816b3eca60b0","0.00","2.05","0.00","2.39","0.00","2.05","5089.694673","0.00","10433.78","0.00","372.99","1898405.31","5089.694925","sale","outbound"
"خاتم حريمي","seed-account-f7259c51816b3eca60b0","seed-account-f7259c51816b3eca60b0","1046","2026-04-03","","","csvref-entry-41fb20cadf68e50d9397bbf212ef6ce4","sale","بيع ذهب","بيع ذهب: acct_non_inventory_001 -> seed-account-f7259c51816b3eca60b0","0.00","4.48","0.00","5.23","0.00","4.48","5089.694925","0.00","22802.04","0.00","368.51","1875603.27","5089.694364","sale","outbound"
"خاتم حريمي","seed-account-f7259c51816b3eca60b0","seed-account-f7259c51816b3eca60b0","1068","2026-04-04","","","csvref-entry-4d1156ccc03cbbdf368908828aeb80ce","tifeet","تيفيت","تيفيت: seed-account-f7259c51816b3eca60b0 -> seed-account-7ac32db4e3484ce2dc22","5.43","0.00","6.33","0.00","5.43","0.00","5089.694364","66246.48","0.00","0.00","373.94","1941849.75","5192.944724","tafyeet","tafkeet"
"خاتم حريمي","seed-account-f7259c51816b3eca60b0","seed-account-f7259c51816b3eca60b0","1086","2026-04-05","","","csvref-entry-a4f5e4abdf350ff089cf771fbeccf2bc","tifeet","تيفيت","تيفيت: seed-account-f7259c51816b3eca60b0 -> seed-account-7ac32db4e3484ce2dc22","1.68","0.00","1.96","0.00","1.68","0.00","5192.944724","15442.83","0.00","0.00","375.62","1957292.58","5210.831638","tafyeet","tafkeet"
"خاتم حريمي","seed-account-f7259c51816b3eca60b0","seed-account-f7259c51816b3eca60b0","1088","2026-04-05","","","csvref-entry-d6aad4624e7b3d7fee18af3bc029c11c","tifeet","تيفيت","تيفيت: seed-account-f7259c51816b3eca60b0 -> seed-account-7ac32db4e3484ce2dc22","2.47","0.00","2.88","0.00","2.47","0.00","5210.831638","22704.63","0.00","0.00","378.09","1979997.21","5236.840990","tafyeet","tafkeet"
"خاتم حريمي","seed-account-f7259c51816b3eca60b0","seed-account-f7259c51816b3eca60b0","1110","2026-04-07","","","csvref-entry-5cbcae5c03fa492b7a55968a706f0aca","tifeet","تيفيت","تيفيت: seed-account-f7259c51816b3eca60b0 -> seed-account-7ac32db4e3484ce2dc22","2.31","0.00","2.69","0.00","2.31","0.00","5236.840990","17593.03","0.00","0.00","380.40","1997590.24","5251.288749","tafyeet","tafkeet"
"خاتم حريمي","seed-account-f7259c51816b3eca60b0","seed-account-f7259c51816b3eca60b0","1117","2026-04-08","","","csvref-entry-38c5a9e1aa521fe4ade5670ae8badfa2","sale","بيع ذهب","بيع ذهب: acct_non_inventory_001 -> seed-account-f7259c51816b3eca60b0","0.00","1.34","0.00","1.56","0.00","1.34","5251.288749","0.00","7036.55","0.00","379.06","1990553.69","5251.289215","sale","outbound"
"خاتم حريمي","seed-account-f7259c51816b3eca60b0","seed-account-f7259c51816b3eca60b0","1131","2026-04-09","","","csvref-entry-81bd784a5433bc2e25f980ccbed4b52c","sale","بيع ذهب","بيع ذهب: acct_non_inventory_001 -> seed-account-f7259c51816b3eca60b0","0.00","1.02","0.00","1.19","0.00","1.02","5251.289215","0.00","5356.32","0.00","378.04","1985197.37","5251.289202","sale","outbound"
"خاتم حريمي","seed-account-f7259c51816b3eca60b0","seed-account-f7259c51816b3eca60b0","1142","2026-04-10","","","csvref-entry-07f82023fa188b724b3afda3e1554464","sale","بيع ذهب","بيع ذهب: acct_non_inventory_001 -> seed-account-f7259c51816b3eca60b0","0.00","2.61","0.00","3.04","0.00","2.61","5251.289202","0.00","13705.59","0.00","375.43","1971491.78","5251.289934","sale","outbound"
"خاتم حريمي","seed-account-f7259c51816b3eca60b0","seed-account-f7259c51816b3eca60b0","1146","2026-04-10","","","csvref-entry-e7609a4dbdd622706f6f861c99a3fd1c","sale","بيع ذهب","بيع ذهب: acct_non_inventory_001 -> seed-account-f7259c51816b3eca60b0","0.00","1.24","0.00","1.45","0.00","1.24","5251.289934","0.00","6511.79","0.00","374.19","1964979.99","5251.289425","sale","outbound"
"خاتم حريمي","seed-account-f7259c51816b3eca60b0","seed-account-f7259c51816b3eca60b0","1164","2026-04-11","","","csvref-entry-00bd7d454aad91344642ff2199006990","sale","بيع ذهب","بيع ذهب: acct_non_inventory_001 -> seed-account-f7259c51816b3eca60b0","0.00","1.53","0.00","1.78","0.00","1.53","5251.289425","0.00","8034.20","0.00","372.66","1956945.79","5251.290157","sale","outbound"
"خاتم حريمي","seed-account-f7259c51816b3eca60b0","seed-account-f7259c51816b3eca60b0","1181","2026-04-12","","","csvref-entry-c49b77938ab559ead09afeee692fc461","sale","بيع ذهب","بيع ذهب: acct_non_inventory_001 -> seed-account-f7259c51816b3eca60b0","0.00","1.68","0.00","1.96","0.00","1.68","5251.290157","0.00","8822.18","0.00","370.98","1948123.61","5251.290123","sale","outbound"
"خاتم حريمي","seed-account-f7259c51816b3eca60b0","seed-account-f7259c51816b3eca60b0","1186","2026-04-13","","","csvref-entry-9926e01c99494ca82482cdb88a04235a","sale","بيع ذهب","بيع ذهب: acct_non_inventory_001 -> seed-account-f7259c51816b3eca60b0","0.00","2.31","0.00","2.69","0.00","2.31","5251.290123","0.00","12130.21","0.00","368.67","1935993.40","5251.290856","sale","outbound"
"خاتم حريمي","seed-account-f7259c51816b3eca60b0","seed-account-f7259c51816b3eca60b0","1191","2026-04-13","","","csvref-entry-3c920d1e6fd067f50c0c4be2af2c1012","transfer","تحويل","تحويل: seed-account-7ac32db4e3484ce2dc22 -> seed-account-f7259c51816b3eca60b0","0.00","10.93","0.00","12.75","0.00","10.93","5251.290856","0.00","57396.56","0.00","357.74","1878596.84","5251.290993","transfer","transfer"
"خاتم حريمي","seed-account-f7259c51816b3eca60b0","seed-account-f7259c51816b3eca60b0","1199","2026-04-13","","","csvref-entry-18869c3ce7fa3aa8934ed8168018a5b5","sale","بيع ذهب","بيع ذهب: acct_non_inventory_001 -> seed-account-f7259c51816b3eca60b0","0.00","3.19","0.00","3.72","0.00","3.19","5251.290993","0.00","16751.54","0.00","354.55","1861845.30","5251.291214","sale","outbound"
"خاتم حريمي","seed-account-f7259c51816b3eca60b0","seed-account-f7259c51816b3eca60b0","1207","2026-04-13","","","csvref-entry-866276e64fa24e60d475e28a41ce8a95","tifeet","تيفيت","تيفيت: seed-account-f7259c51816b3eca60b0 -> seed-account-7ac32db4e3484ce2dc22","10.17","0.00","11.87","0.00","10.17","0.00","5251.291214","66909.65","0.00","0.00","364.72","1928754.95","5288.316928","tafyeet","tafkeet"
"خاتم حريمي","seed-account-f7259c51816b3eca60b0","seed-account-f7259c51816b3eca60b0","1224","2026-04-14","","","csvref-entry-81ad8d8dbbb8c742974ea2322b6ce745","tifeet","تيفيت","تيفيت: seed-account-f7259c51816b3eca60b0 -> seed-account-7ac32db4e3484ce2dc22","5.75","0.00","6.71","0.00","5.75","0.00","5288.316928","38922.28","0.00","0.00","370.47","1967677.23","5311.299781","tafyeet","tafkeet"
"خاتم حريمي","seed-account-f7259c51816b3eca60b0","seed-account-f7259c51816b3eca60b0","1231","2026-04-15","","","csvref-entry-95e1ead49a53377eab616e7e654b0c8f","sale","بيع ذهب","بيع ذهب: acct_non_inventory_001 -> seed-account-f7259c51816b3eca60b0","0.00","1.23","0.00","1.43","0.00","1.23","5311.299781","0.00","6532.63","0.00","369.24","1961144.60","5311.300509","sale","outbound"
"خاتم حريمي","seed-account-f7259c51816b3eca60b0","seed-account-f7259c51816b3eca60b0","1260","2026-04-17","","","csvref-entry-cfbcbb6693434d500d6afdda022e62ca","sale","بيع ذهب","بيع ذهب: acct_non_inventory_001 -> seed-account-f7259c51816b3eca60b0","0.00","1.25","0.00","1.46","0.00","1.25","5311.300509","0.00","6639.21","0.00","367.99","1954505.39","5311.300280","sale","outbound"
"خاتم حريمي","seed-account-f7259c51816b3eca60b0","seed-account-f7259c51816b3eca60b0","1282","2026-04-18","","","csvref-entry-69273d7d18d8acc364899dd9b9a1007c","sale","بيع ذهب","بيع ذهب: acct_non_inventory_001 -> seed-account-f7259c51816b3eca60b0","0.00","2.77","0.00","3.23","0.00","2.77","5311.300280","0.00","14712.21","0.00","365.22","1939793.18","5311.300531","sale","outbound"
"خاتم حريمي","seed-account-f7259c51816b3eca60b0","seed-account-f7259c51816b3eca60b0","1290","2026-04-18","","","csvref-entry-ac68df201b7931674c7f67ee2e7186c3","tifeet","تيفيت","تيفيت: seed-account-f7259c51816b3eca60b0 -> seed-account-7ac32db4e3484ce2dc22","1.64","0.00","1.91","0.00","1.64","0.00","5311.300531","11208.12","0.00","0.00","366.86","1951001.30","5318.108543","tafyeet","tafkeet"
"خاتم حريمي","seed-account-f7259c51816b3eca60b0","seed-account-f7259c51816b3eca60b0","1296","2026-04-19","","","csvref-entry-e0ebdc885d436f749dd3cc3ea953d942","sale","بيع ذهب","بيع ذهب: acct_non_inventory_001 -> seed-account-f7259c51816b3eca60b0","0.00","1.07","0.00","1.25","0.00","1.07","5318.108543","0.00","5690.47","0.00","365.79","1945310.83","5318.108286","sale","outbound"
"خاتم حريمي","seed-account-f7259c51816b3eca60b0","seed-account-f7259c51816b3eca60b0","1304","2026-04-20","","","csvref-entry-66697675a71bc7ba976bc395d1bbd6c0","sale","بيع ذهب","بيع ذهب: acct_non_inventory_001 -> seed-account-f7259c51816b3eca60b0","0.00","1.59","0.00","1.86","0.00","1.59","5318.108286","0.00","8456.07","0.00","364.20","1936854.76","5318.107523","sale","outbound"
"خاتم حريمي","seed-account-f7259c51816b3eca60b0","seed-account-f7259c51816b3eca60b0","1331","2026-04-21","","","csvref-entry-b9cf721062556d62beea6ac82f7b8343","tifeet","تيفيت","تيفيت: seed-account-f7259c51816b3eca60b0 -> seed-account-7ac32db4e3484ce2dc22","4.67","0.00","5.45","0.00","4.67","0.00","5318.107523","31784.00","0.00","0.00","368.87","1968638.76","5336.944615","tafyeet","tafkeet"
"خاتم حريمي","seed-account-f7259c51816b3eca60b0","seed-account-f7259c51816b3eca60b0","1353","2026-04-23","","","csvref-entry-cd134dcb41565bc362cdca483088b9c0","tifeet","تيفيت","تيفيت: seed-account-f7259c51816b3eca60b0 -> seed-account-7ac32db4e3484ce2dc22","1.89","0.00","2.21","0.00","1.89","0.00","5336.944615","12907.39","0.00","0.00","370.76","1981546.15","5344.552136","tafyeet","tafkeet"
"خاتم حريمي","seed-account-f7259c51816b3eca60b0","seed-account-f7259c51816b3eca60b0","1356","2026-04-23","","","csvref-entry-8042c3b995f92eba1d56347ee08ac99a","sale","بيع ذهب","بيع ذهب: acct_non_inventory_001 -> seed-account-f7259c51816b3eca60b0","0.00","3.23","0.00","3.77","0.00","3.23","5344.552136","0.00","17262.99","0.00","367.53","1964283.16","5344.551901","sale","outbound"
"خاتم حريمي","seed-account-f7259c51816b3eca60b0","seed-account-f7259c51816b3eca60b0","1378","2026-04-24","","","csvref-entry-2cc40018892e8b83ee174cc1c968f267","tifeet","تيفيت","تيفيت: seed-account-f7259c51816b3eca60b0 -> seed-account-7ac32db4e3484ce2dc22","3.99","0.00","4.65","0.00","3.99","0.00","5344.551901","27295.52","0.00","0.00","371.52","1991578.68","5360.623062","tafyeet","tafkeet"
"خاتم حريمي","seed-account-f7259c51816b3eca60b0","seed-account-f7259c51816b3eca60b0","1388","2026-04-26","","","csvref-entry-5853fe0fdc2c3bd433279685149034ff","sale","بيع ذهب","بيع ذهب: acct_non_inventory_001 -> seed-account-f7259c51816b3eca60b0","0.00","2.09","0.00","2.44","0.00","2.09","5360.623062","0.00","11203.80","0.00","369.43","1980374.88","5360.622797","sale","outbound"
"خاتم حريمي","seed-account-f7259c51816b3eca60b0","seed-account-f7259c51816b3eca60b0","1410","2026-04-28","","","csvref-entry-91995a65f12d7f40f1d862e806cdee88","sale","بيع ذهب","بيع ذهب: acct_non_inventory_001 -> seed-account-f7259c51816b3eca60b0","0.00","3.12","0.00","3.64","0.00","3.12","5360.622797","0.00","16725.16","0.00","366.31","1963649.72","5360.622751","sale","outbound"
"خاتم حريمي","seed-account-f7259c51816b3eca60b0","seed-account-f7259c51816b3eca60b0","1426","2026-04-29","","","csvref-entry-8e5dc118845385e642be434355018864","sale","بيع ذهب","بيع ذهب: acct_non_inventory_001 -> seed-account-f7259c51816b3eca60b0","0.00","1.69","0.00","1.97","0.00","1.69","5360.622751","0.00","9059.37","0.00","364.62","1954590.35","5360.622977","sale","outbound"
"خاتم حريمي","seed-account-f7259c51816b3eca60b0","seed-account-f7259c51816b3eca60b0","1431","2026-04-29","","","csvref-entry-7a87cd131067d4a6f83124a3d27a6914","sale","بيع ذهب","بيع ذهب: acct_non_inventory_001 -> seed-account-f7259c51816b3eca60b0","0.00","2.77","0.00","3.23","0.00","2.77","5360.622977","0.00","14848.84","0.00","361.85","1939741.51","5360.623214","sale","outbound"
"خاتم حريمي","seed-account-f7259c51816b3eca60b0","seed-account-f7259c51816b3eca60b0","1436","2026-04-29","","","csvref-entry-21b5274456e88bb884fe6746973e91ed","tifeet","تيفيت","تيفيت: seed-account-f7259c51816b3eca60b0 -> seed-account-7ac32db4e3484ce2dc22","5.67","0.00","6.62","0.00","5.67","0.00","5360.623214","90513.80","0.00","0.00","367.52","2030255.31","5524.203608","tafyeet","tafkeet"
"خاتم حريمي","seed-account-f7259c51816b3eca60b0","seed-account-f7259c51816b3eca60b0","1465","2026-05-02","","","csvref-entry-0528a1008ede0e7bb412784e4f81dd7a","tifeet","تيفيت","تيفيت: seed-account-f7259c51816b3eca60b0 -> seed-account-7ac32db4e3484ce2dc22","1.04","0.00","1.21","0.00","1.04","0.00","5524.203608","10270.99","0.00","0.00","368.56","2040526.30","5536.483341","tafyeet","tafkeet"
"خاتم حريمي","seed-account-f7259c51816b3eca60b0","seed-account-f7259c51816b3eca60b0","1510","2026-05-08","","","csvref-entry-9ba87bbe254478f3df73400d8c6cdeaa","sale","بيع ذهب","بيع ذهب: acct_non_inventory_001 -> seed-account-f7259c51816b3eca60b0","0.00","1.05","0.00","1.22","0.00","1.05","5536.483341","0.00","5813.04","0.00","367.51","2034713.26","5536.484068","sale","outbound"
"خاتم حريمي","seed-account-f7259c51816b3eca60b0","seed-account-f7259c51816b3eca60b0","1521","2026-05-09","","","csvref-entry-e5aee325f611feb99f9e368e13fc7867","tifeet","تيفيت","تيفيت: seed-account-f7259c51816b3eca60b0 -> seed-account-7ac32db4e3484ce2dc22","5.56","0.00","6.49","0.00","5.56","0.00","5536.484068","39656.46","0.00","0.00","373.07","2074369.72","5560.269440","tafyeet","tafkeet"
"خاتم حريمي","seed-account-f7259c51816b3eca60b0","seed-account-f7259c51816b3eca60b0","1532","2026-05-10","","","csvref-entry-d8dfc0d96ba541876a49154bb9585894","sale","بيع ذهب","بيع ذهب: acct_non_inventory_001 -> seed-account-f7259c51816b3eca60b0","0.00","2.95","0.00","3.44","0.00","2.95","5560.269440","0.00","16402.72","0.00","370.12","2057967.00","5560.269642","sale","outbound"
"خاتم حريمي","seed-account-f7259c51816b3eca60b0","seed-account-f7259c51816b3eca60b0","1535","2026-05-10","","","csvref-entry-b8e33a687a78ba0f6ec8d5b8b9c30bf1","sale","بيع ذهب","بيع ذهب: acct_non_inventory_001 -> seed-account-f7259c51816b3eca60b0","0.00","1.88","0.00","2.19","0.00","1.88","5560.269642","0.00","10453.14","0.00","368.24","2047513.86","5560.270096","sale","outbound"
"خاتم حريمي","seed-account-f7259c51816b3eca60b0","seed-account-f7259c51816b3eca60b0","1577","2026-05-13","","","csvref-entry-ed0aedc23c3fbb578c9cafd9f12f0cb7","sale","بيع ذهب","بيع ذهب: acct_non_inventory_001 -> seed-account-f7259c51816b3eca60b0","0.00","1.24","0.00","1.45","0.00","1.24","5560.270096","0.00","6894.91","0.00","367.00","2040618.95","5560.269619","sale","outbound"
"خاتم حريمي","seed-account-f7259c51816b3eca60b0","seed-account-f7259c51816b3eca60b0","1580","2026-05-13","","","csvref-entry-c0301fa0bc68841f2c475d67f06a428b","tifeet","تيفيت","تيفيت: seed-account-f7259c51816b3eca60b0 -> seed-account-7ac32db4e3484ce2dc22","4.32","0.00","5.04","0.00","4.32","0.00","5560.269619","29590.82","0.00","0.00","371.32","2070209.77","5575.271383","tafyeet","tafkeet"
"خاتم حريمي","seed-account-f7259c51816b3eca60b0","seed-account-f7259c51816b3eca60b0","1586","2026-05-14","","","csvref-entry-74861ca2f80127578c091b98b4691d2f","sale","بيع ذهب","بيع ذهب: acct_non_inventory_001 -> seed-account-f7259c51816b3eca60b0","0.00","1.60","0.00","1.87","0.00","1.60","5575.271383","0.00","8920.61","0.00","369.72","2061289.16","5575.270908","sale","outbound"
"خاتم حريمي","seed-account-f7259c51816b3eca60b0","seed-account-f7259c51816b3eca60b0","1587","2026-05-14","","","csvref-entry-4edb3383929ebe1f8e7a37a982367a21","sale","بيع ذهب","بيع ذهب: acct_non_inventory_001 -> seed-account-f7259c51816b3eca60b0","0.00","1.45","0.00","1.69","0.00","1.45","5575.270908","0.00","8084.06","0.00","368.27","2053205.10","5575.271133","sale","outbound"
"خاتم حريمي","seed-account-f7259c51816b3eca60b0","seed-account-f7259c51816b3eca60b0","1599","2026-05-14","","","csvref-entry-d405fb165e74bd3cd502d78d8f71885b","tifeet","تيفيت","تيفيت: seed-account-f7259c51816b3eca60b0 -> seed-account-7ac32db4e3484ce2dc22","2.37","0.00","2.76","0.00","2.37","0.00","5575.271133","16224.98","0.00","0.00","370.64","2069430.08","5583.396503","tafyeet","tafkeet"
"خاتم حريمي","seed-account-f7259c51816b3eca60b0","seed-account-f7259c51816b3eca60b0","1602","2026-05-15","","","csvref-entry-9a0e1f94b3379e6f1bbf286b5adf66dc","sale","بيع ذهب","بيع ذهب: acct_non_inventory_001 -> seed-account-f7259c51816b3eca60b0","0.00","1.65","0.00","1.93","0.00","1.65","5583.396503","0.00","9212.86","0.00","368.99","2060217.22","5583.395810","sale","outbound"
"خاتم حريمي","seed-account-f7259c51816b3eca60b0","seed-account-f7259c51816b3eca60b0","1640","2026-05-19","","","csvref-entry-6242a2da42eb11e9656207512055a86f","tifeet","تيفيت","تيفيت: seed-account-f7259c51816b3eca60b0 -> seed-account-7ac32db4e3484ce2dc22","3.32","0.00","3.87","0.00","3.32","0.00","5583.395810","56409.27","0.00","0.00","372.31","2116626.49","5685.118557","tafyeet","tafkeet"
"خاتم حريمي","seed-account-f7259c51816b3eca60b0","seed-account-f7259c51816b3eca60b0","1649","2026-05-20","","","csvref-entry-c428304f8addb72e4d44b0ad2e068957","sale","بيع ذهب","بيع ذهب: acct_non_inventory_001 -> seed-account-f7259c51816b3eca60b0","0.00","2.35","0.00","2.74","0.00","2.35","5685.118557","0.00","13359.95","0.00","369.96","2103266.54","5685.118770","sale","outbound"
"خاتم حريمي","seed-account-f7259c51816b3eca60b0","seed-account-f7259c51816b3eca60b0","1673","2026-05-23","","","csvref-entry-d830f9c04d2a4a1df36aa279c4fdd66b","sale","بيع ذهب","بيع ذهب: acct_non_inventory_001 -> seed-account-f7259c51816b3eca60b0","0.00","2.79","0.00","3.25","0.00","2.79","5685.118770","0.00","15861.24","0.00","367.17","2087405.30","5685.119427","sale","outbound"
"خاتم حريمي","seed-account-f7259c51816b3eca60b0","seed-account-f7259c51816b3eca60b0","1676","2026-05-23","","","csvref-entry-b33233fb74b67e5fd4a71c2c23f93550","sale","بيع ذهب","بيع ذهب: acct_non_inventory_001 -> seed-account-f7259c51816b3eca60b0","0.00","1.41","0.00","1.64","0.00","1.41","5685.119427","0.00","8015.77","0.00","365.76","2079389.53","5685.120106","sale","outbound"
"خاتم حريمي","seed-account-f7259c51816b3eca60b0","seed-account-f7259c51816b3eca60b0","1705","2026-05-25","","","csvref-entry-3dc8b5ec2a0c129ff176e4291dfe2b53","sale","بيع ذهب","بيع ذهب: acct_non_inventory_001 -> seed-account-f7259c51816b3eca60b0","0.00","1.45","0.00","1.69","0.00","1.45","5685.120106","0.00","8243.34","0.00","364.31","2071146.19","5685.120337","sale","outbound"
"خاتم حريمي","seed-account-f7259c51816b3eca60b0","seed-account-f7259c51816b3eca60b0","1719","2026-05-27","","","csvref-entry-2c0b35d5abed18bb15b4bba6b3b9a9ab","sale","بيع ذهب","بيع ذهب: acct_non_inventory_001 -> seed-account-f7259c51816b3eca60b0","0.00","3.13","0.00","3.65","0.00","3.13","5685.120337","0.00","17794.35","0.00","361.18","2053351.84","5685.120549","sale","outbound"
"خاتم حريمي","seed-account-f7259c51816b3eca60b0","seed-account-f7259c51816b3eca60b0","1730","2026-05-27","","","csvref-entry-2bd04d04e6ef9f3fb6b79b503dff083f","tifeet","تيفيت","تيفيت: seed-account-f7259c51816b3eca60b0 -> seed-account-7ac32db4e3484ce2dc22","6.90","0.00","8.05","0.00","6.90","0.00","5685.120549","70772.42","0.00","0.00","368.08","2124124.26","5770.822267","tafyeet","tafkeet"
"خاتم حريمي","seed-account-f7259c51816b3eca60b0","seed-account-f7259c51816b3eca60b0","1755","2026-05-31","","","csvref-entry-be38803a01e7d84effa4e6184ea47840","sale","بيع ذهب","بيع ذهب: acct_non_inventory_001 -> seed-account-f7259c51816b3eca60b0","0.00","2.15","0.00","2.51","0.00","2.15","5770.822267","0.00","12407.35","0.00","365.93","2111716.91","5770.822042","sale","outbound"
"خاتم حريمي","seed-account-f7259c51816b3eca60b0","seed-account-f7259c51816b3eca60b0","1769","2026-06-01","","","csvref-entry-fd6b1dfefdc7f99c4e12b55e8945f843","sale","بيع ذهب","بيع ذهب: acct_non_inventory_001 -> seed-account-f7259c51816b3eca60b0","0.00","2.08","0.00","2.43","0.00","2.08","5770.822042","0.00","12003.48","0.00","363.85","2099713.43","5770.821575","sale","outbound"
"خاتم أطفال","seed-account-960d86a1b65899e364b7","seed-account-960d86a1b65899e364b7","16","2026-01-01","","","csvref-entry-30b8602c9289c6aa322eaec9db1fb86a","opening","قيد افتتاحي","قيد افتتاحي: seed-account-960d86a1b65899e364b7 -> acct_non_inventory_046","89.37","0.00","104.26","0.00","89.37","0.00","","536220.00","0.00","0.00","89.37","536220.00","6000.000000","opening","opening"
"خاتم أطفال","seed-account-960d86a1b65899e364b7","seed-account-960d86a1b65899e364b7","79","2026-01-06","","","csvref-entry-86c9797ce6a91b705aec2bced1e03b0b","sale","بيع ذهب","بيع ذهب: acct_non_inventory_001 -> seed-account-960d86a1b65899e364b7","0.00","0.44","0.00","0.51","0.00","0.44","6000.000000","0.00","2640.00","0.00","88.93","533580.00","6000.000000","sale","outbound"
"خاتم أطفال","seed-account-960d86a1b65899e364b7","seed-account-960d86a1b65899e364b7","135","2026-01-11","","","csvref-entry-38e83804eee2844d0c28c97ff3eb636e","tifeet","تيفيت","تيفيت: seed-account-960d86a1b65899e364b7 -> seed-account-7ac32db4e3484ce2dc22","0.60","0.00","0.70","0.00","0.60","0.00","6000.000000","3487.44","0.00","0.00","89.53","537067.44","5998.742768","tafyeet","tafkeet"
"خاتم أطفال","seed-account-960d86a1b65899e364b7","seed-account-960d86a1b65899e364b7","173","2026-01-14","","","csvref-entry-97c9bd6bbe511e9bad7814ce0b747d5f","tifeet","تيفيت","تيفيت: seed-account-960d86a1b65899e364b7 -> seed-account-7ac32db4e3484ce2dc22","0.35","0.00","0.41","0.00","0.35","0.00","5998.742768","2050.81","0.00","0.00","89.88","539118.25","5998.200378","tafyeet","tafkeet"
"خاتم أطفال","seed-account-960d86a1b65899e364b7","seed-account-960d86a1b65899e364b7","243","2026-01-23","","","csvref-entry-9a194fd6ab2d0fec6512bbecbeffcef4","sale","بيع ذهب","بيع ذهب: acct_non_inventory_001 -> seed-account-960d86a1b65899e364b7","0.00","0.57","0.00","0.67","0.00","0.57","5998.200378","0.00","3418.97","0.00","89.31","535699.28","5998.200425","sale","outbound"
"خاتم أطفال","seed-account-960d86a1b65899e364b7","seed-account-960d86a1b65899e364b7","257","2026-01-24","","","csvref-entry-bab557d1f633ff5e395a5f4277d54b1b","sale","بيع ذهب","بيع ذهب: acct_non_inventory_001 -> seed-account-960d86a1b65899e364b7","0.00","0.20","0.00","0.23","0.00","0.20","5998.200425","0.00","1199.64","0.00","89.11","534499.64","5998.200426","sale","outbound"
"خاتم أطفال","seed-account-960d86a1b65899e364b7","seed-account-960d86a1b65899e364b7","269","2026-01-25","","","csvref-entry-56f301c2c08944a4112e30870ee08c83","sale","بيع ذهب","بيع ذهب: acct_non_inventory_001 -> seed-account-960d86a1b65899e364b7","0.00","0.38","0.00","0.44","0.00","0.38","5998.200426","0.00","2279.32","0.00","88.73","532220.32","5998.200383","sale","outbound"
"خاتم أطفال","seed-account-960d86a1b65899e364b7","seed-account-960d86a1b65899e364b7","278","2026-01-25","","","csvref-entry-6a7fe0c6ec7742f4fa30b7b8c71c8c25","tifeet","تيفيت","تيفيت: seed-account-960d86a1b65899e364b7 -> seed-account-7ac32db4e3484ce2dc22","0.25","0.00","0.29","0.00","0.25","0.00","5998.200383","1547.92","0.00","0.00","88.98","533768.24","5998.743987","tafyeet","tafkeet"
"خاتم أطفال","seed-account-960d86a1b65899e364b7","seed-account-960d86a1b65899e364b7","366","2026-02-02","","","csvref-entry-77669dae7c0cdf370976da840a6f5153","tifeet","تيفيت","تيفيت: seed-account-960d86a1b65899e364b7 -> seed-account-7ac32db4e3484ce2dc22","0.20","0.00","0.23","0.00","0.20","0.00","5998.743987","1259.13","0.00","0.00","89.18","535027.37","5999.409845","tafyeet","tafkeet"
"خاتم أطفال","seed-account-960d86a1b65899e364b7","seed-account-960d86a1b65899e364b7","412","2026-02-06","","","csvref-entry-1ae64feac1fd6294ae97e920c900cfaf","sale","بيع ذهب","بيع ذهب: acct_non_inventory_001 -> seed-account-960d86a1b65899e364b7","0.00","0.20","0.00","0.23","0.00","0.20","5999.409845","0.00","1199.88","0.00","88.98","533827.49","5999.409867","sale","outbound"
"خاتم أطفال","seed-account-960d86a1b65899e364b7","seed-account-960d86a1b65899e364b7","464","2026-02-11","","","csvref-entry-07287d56186ca033fcd575084a1eda65","sale","بيع ذهب","بيع ذهب: acct_non_inventory_001 -> seed-account-960d86a1b65899e364b7","0.00","0.43","0.00","0.50","0.00","0.43","5999.409867","0.00","2579.75","0.00","88.55","531247.74","5999.409825","sale","outbound"
"خاتم أطفال","seed-account-960d86a1b65899e364b7","seed-account-960d86a1b65899e364b7","501","2026-02-15","","","csvref-entry-a830e8a54b0c54e71f5684bf68972639","sale","بيع ذهب","بيع ذهب: acct_non_inventory_001 -> seed-account-960d86a1b65899e364b7","0.00","0.29","0.00","0.34","0.00","0.29","5999.409825","0.00","1739.83","0.00","88.26","529507.91","5999.409812","sale","outbound"
"خاتم أطفال","seed-account-960d86a1b65899e364b7","seed-account-960d86a1b65899e364b7","526","2026-02-16","","","csvref-entry-34b4cda110ee5186537f51275c715b0e","sale","بيع ذهب","بيع ذهب: acct_non_inventory_001 -> seed-account-960d86a1b65899e364b7","0.00","0.51","0.00","0.59","0.00","0.51","5999.409812","0.00","3059.70","0.00","87.75","526448.21","5999.409801","sale","outbound"
"خاتم أطفال","seed-account-960d86a1b65899e364b7","seed-account-960d86a1b65899e364b7","528","2026-02-16","","","csvref-entry-2024d024f81d0ec3a3c2d9d6d7377bbb","tifeet","تيفيت","تيفيت: seed-account-960d86a1b65899e364b7 -> seed-account-7ac32db4e3484ce2dc22","0.57","0.00","0.67","0.00","0.57","0.00","5999.409801","4338.26","0.00","0.00","88.32","530786.47","6009.810575","tafyeet","tafkeet"
"خاتم أطفال","seed-account-960d86a1b65899e364b7","seed-account-960d86a1b65899e364b7","530","2026-02-17","","","csvref-entry-a852921770d279f325868bbcf971c223","sale","بيع ذهب","بيع ذهب: acct_non_inventory_001 -> seed-account-960d86a1b65899e364b7","0.00","0.34","0.00","0.40","0.00","0.34","6009.810575","0.00","2043.34","0.00","87.98","528743.13","6009.810525","sale","outbound"
"خاتم أطفال","seed-account-960d86a1b65899e364b7","seed-account-960d86a1b65899e364b7","558","2026-02-20","","","csvref-entry-35c0fad97a68d98b543ad4cc5a60129b","sale","بيع ذهب","بيع ذهب: acct_non_inventory_001 -> seed-account-960d86a1b65899e364b7","0.00","0.29","0.00","0.34","0.00","0.29","6009.810525","0.00","1742.85","0.00","87.69","527000.28","6009.810469","sale","outbound"
"خاتم أطفال","seed-account-960d86a1b65899e364b7","seed-account-960d86a1b65899e364b7","580","2026-02-24","","","csvref-entry-695c904e8abd14a452e9310a6d23f5da","sale","بيع ذهب","بيع ذهب: acct_non_inventory_001 -> seed-account-960d86a1b65899e364b7","0.00","0.53","0.00","0.62","0.00","0.53","6009.810469","0.00","3185.20","0.00","87.16","523815.08","6009.810464","sale","outbound"
"خاتم أطفال","seed-account-960d86a1b65899e364b7","seed-account-960d86a1b65899e364b7","595","2026-02-25","","","csvref-entry-304e1afec7b3b5381f32b69176e013b3","tifeet","تيفيت","تيفيت: seed-account-960d86a1b65899e364b7 -> seed-account-7ac32db4e3484ce2dc22","0.61","0.00","0.71","0.00","0.61","0.00","6009.810464","12092.94","0.00","0.00","87.77","535908.02","6105.822263","tafyeet","tafkeet"
"خاتم أطفال","seed-account-960d86a1b65899e364b7","seed-account-960d86a1b65899e364b7","604","2026-02-26","","","csvref-entry-08a3c00a9535ab534e55bb2b21572b00","sale","بيع ذهب","بيع ذهب: acct_non_inventory_001 -> seed-account-960d86a1b65899e364b7","0.00","0.30","0.00","0.35","0.00","0.30","6105.822263","0.00","1831.75","0.00","87.47","534076.27","6105.822225","sale","outbound"
"خاتم أطفال","seed-account-960d86a1b65899e364b7","seed-account-960d86a1b65899e364b7","650","2026-03-04","","","csvref-entry-2a9668c41f8099e6d9056bceecd9360f","sale","بيع ذهب","بيع ذهب: acct_non_inventory_001 -> seed-account-960d86a1b65899e364b7","0.00","0.21","0.00","0.25","0.00","0.21","6105.822225","0.00","1282.22","0.00","87.26","532794.05","6105.822255","sale","outbound"
"خاتم أطفال","seed-account-960d86a1b65899e364b7","seed-account-960d86a1b65899e364b7","660","2026-03-04","","","csvref-entry-a166689f80d1ec9681e3159e12cb40a9","sale","بيع ذهب","بيع ذهب: acct_non_inventory_001 -> seed-account-960d86a1b65899e364b7","0.00","0.36","0.00","0.42","0.00","0.36","6105.822255","0.00","2198.10","0.00","86.90","530595.95","6105.822209","sale","outbound"
"خاتم أطفال","seed-account-960d86a1b65899e364b7","seed-account-960d86a1b65899e364b7","702","2026-03-08","","","csvref-entry-4611f84670e1b83ef512f97caf916517","sale","بيع ذهب","بيع ذهب: acct_non_inventory_001 -> seed-account-960d86a1b65899e364b7","0.00","0.30","0.00","0.35","0.00","0.30","6105.822209","0.00","1831.75","0.00","86.60","528764.20","6105.822171","sale","outbound"
"خاتم أطفال","seed-account-960d86a1b65899e364b7","seed-account-960d86a1b65899e364b7","735","2026-03-10","","","csvref-entry-1e4ee7c340fdf016925cd54bd3afce5e","sale","بيع ذهب","بيع ذهب: acct_non_inventory_001 -> seed-account-960d86a1b65899e364b7","0.00","0.29","0.00","0.34","0.00","0.29","6105.822171","0.00","1770.69","0.00","86.31","526993.51","6105.822153","sale","outbound"
"خاتم أطفال","seed-account-960d86a1b65899e364b7","seed-account-960d86a1b65899e364b7","776","2026-03-13","","","csvref-entry-7eb3a862240d8a26ba8f5653040b813e","sale","بيع ذهب","بيع ذهب: acct_non_inventory_001 -> seed-account-960d86a1b65899e364b7","0.00","0.25","0.00","0.29","0.00","0.25","6105.822153","0.00","1526.46","0.00","86.06","525467.05","6105.822101","sale","outbound"
"خاتم أطفال","seed-account-960d86a1b65899e364b7","seed-account-960d86a1b65899e364b7","786","2026-03-13","","","csvref-entry-a4ec2830a88d735ae776660b1fe109f1","tifeet","تيفيت","تيفيت: seed-account-960d86a1b65899e364b7 -> seed-account-7ac32db4e3484ce2dc22","0.45","0.00","0.53","0.00","0.45","0.00","6105.822101","2991.17","0.00","0.00","86.51","528458.22","6108.637383","tafyeet","tafkeet"
"خاتم أطفال","seed-account-960d86a1b65899e364b7","seed-account-960d86a1b65899e364b7","817","2026-03-17","","","csvref-entry-e53580d18385f5e9f095302342e67a7f","sale","بيع ذهب","بيع ذهب: acct_non_inventory_001 -> seed-account-960d86a1b65899e364b7","0.00","0.25","0.00","0.29","0.00","0.25","6108.637383","0.00","1527.16","0.00","86.26","526931.06","6108.637375","sale","outbound"
"خاتم أطفال","seed-account-960d86a1b65899e364b7","seed-account-960d86a1b65899e364b7","845","2026-03-20","","","csvref-entry-f5a4f85f1c11af552a1c8994919dc617","tifeet","تيفيت","تيفيت: seed-account-960d86a1b65899e364b7 -> seed-account-7ac32db4e3484ce2dc22","0.66","0.00","0.77","0.00","0.66","0.00","6108.637375","12520.60","0.00","0.00","86.92","539451.66","6206.300736","tafyeet","tafkeet"
"خاتم أطفال","seed-account-960d86a1b65899e364b7","seed-account-960d86a1b65899e364b7","899","2026-03-24","","","csvref-entry-b6e73254531be530b8c080e07fe4703e","sale","بيع ذهب","بيع ذهب: acct_non_inventory_001 -> seed-account-960d86a1b65899e364b7","0.00","0.27","0.00","0.31","0.00","0.27","6206.300736","0.00","1675.71","0.00","86.65","537775.95","6206.300635","sale","outbound"
"خاتم أطفال","seed-account-960d86a1b65899e364b7","seed-account-960d86a1b65899e364b7","907","2026-03-24","","","csvref-entry-dbaf04a6e2c2500de5fa9a2afdd7e761","tifeet","تيفيت","تيفيت: seed-account-960d86a1b65899e364b7 -> seed-account-7ac32db4e3484ce2dc22","0.28","0.00","0.33","0.00","0.28","0.00","6206.300635","6633.56","0.00","0.00","86.93","544409.51","6262.619464","tafyeet","tafkeet"
"خاتم أطفال","seed-account-960d86a1b65899e364b7","seed-account-960d86a1b65899e364b7","921","2026-03-25","","","csvref-entry-947968a6b64ab6f08fdef3732cab8a29","tifeet","تيفيت","تيفيت: seed-account-960d86a1b65899e364b7 -> seed-account-7ac32db4e3484ce2dc22","0.35","0.00","0.41","0.00","0.35","0.00","6262.619464","7573.35","0.00","0.00","87.28","551982.86","6324.276581","tafyeet","tafkeet"
"خاتم أطفال","seed-account-960d86a1b65899e364b7","seed-account-960d86a1b65899e364b7","983","2026-03-30","","","csvref-entry-b598b312b34f615a480bbf83c5b18a8c","sale","بيع ذهب","بيع ذهب: acct_non_inventory_001 -> seed-account-960d86a1b65899e364b7","0.00","0.73","0.00","0.85","0.00","0.73","6324.276581","0.00","4616.72","0.00","86.55","547366.14","6324.276603","sale","outbound"
"خاتم أطفال","seed-account-960d86a1b65899e364b7","seed-account-960d86a1b65899e364b7","994","2026-03-31","","","csvref-entry-9a5ce8270d9f1cd4e689e17db8d3780c","sale","بيع ذهب","بيع ذهب: acct_non_inventory_001 -> seed-account-960d86a1b65899e364b7","0.00","0.33","0.00","0.38","0.00","0.33","6324.276603","0.00","2087.01","0.00","86.22","545279.13","6324.276618","sale","outbound"
"خاتم أطفال","seed-account-960d86a1b65899e364b7","seed-account-960d86a1b65899e364b7","1010","2026-04-01","","","csvref-entry-1f7264c916b2420b3863bcf9381e14dd","adjustment","تسوية","تسوية: acct_non_inventory_073 -> seed-account-960d86a1b65899e364b7","0.00","0.31","0.00","0.36","0.00","0.31","6324.276618","0.00","1960.52","-1960.52","85.91","543318.61","6324.276685","shortage","adjustment"
"خاتم أطفال","seed-account-960d86a1b65899e364b7","seed-account-960d86a1b65899e364b7","1072","2026-04-04","","","csvref-entry-965ef6d096f437a25b925fd2550b6ea7","tifeet","تيفيت","تيفيت: seed-account-960d86a1b65899e364b7 -> seed-account-7ac32db4e3484ce2dc22","0.36","0.00","0.42","0.00","0.36","0.00","6324.276685","4392.03","0.00","0.00","86.27","547710.64","6348.796105","tafyeet","tafkeet"
"خاتم أطفال","seed-account-960d86a1b65899e364b7","seed-account-960d86a1b65899e364b7","1115","2026-04-08","","","csvref-entry-9e85abe2d425c91124da7b2dc58f663b","sale","بيع ذهب","بيع ذهب: acct_non_inventory_001 -> seed-account-960d86a1b65899e364b7","0.00","0.57","0.00","0.67","0.00","0.57","6348.796105","0.00","3618.81","0.00","85.70","544091.83","6348.796149","sale","outbound"
"خاتم أطفال","seed-account-960d86a1b65899e364b7","seed-account-960d86a1b65899e364b7","1130","2026-04-09","","","csvref-entry-03cb9132fc66db8846868f495695ab5c","sale","بيع ذهب","بيع ذهب: acct_non_inventory_001 -> seed-account-960d86a1b65899e364b7","0.00","0.39","0.00","0.46","0.00","0.39","6348.796149","0.00","2476.04","0.00","85.31","541615.79","6348.796038","sale","outbound"
"خاتم أطفال","seed-account-960d86a1b65899e364b7","seed-account-960d86a1b65899e364b7","1291","2026-04-18","","","csvref-entry-12192b79fcf8de9d85cbf2caaf1095bf","tifeet","تيفيت","تيفيت: seed-account-960d86a1b65899e364b7 -> seed-account-7ac32db4e3484ce2dc22","0.39","0.00","0.45","0.00","0.39","0.00","6348.796038","2665.34","0.00","0.00","85.70","544281.13","6351.005018","tafyeet","tafkeet"
"خاتم أطفال","seed-account-960d86a1b65899e364b7","seed-account-960d86a1b65899e364b7","1326","2026-04-21","","","csvref-entry-d01f8c755b18d4fa010ff692cc4a0965","sale","بيع ذهب","بيع ذهب: acct_non_inventory_001 -> seed-account-960d86a1b65899e364b7","0.00","0.30","0.00","0.35","0.00","0.30","6351.005018","0.00","1905.30","0.00","85.40","542375.83","6351.005035","sale","outbound"
"خاتم أطفال","seed-account-960d86a1b65899e364b7","seed-account-960d86a1b65899e364b7","1327","2026-04-21","","","csvref-entry-0501d94f34005550a4c819849216f2be","sale","بيع ذهب","بيع ذهب: acct_non_inventory_001 -> seed-account-960d86a1b65899e364b7","0.00","0.54","0.00","0.63","0.00","0.54","6351.005035","0.00","3429.54","0.00","84.86","538946.29","6351.005067","sale","outbound"
"خاتم أطفال","seed-account-960d86a1b65899e364b7","seed-account-960d86a1b65899e364b7","1339","2026-04-22","","","csvref-entry-0ec71144110edfb79c92e19ad5e83d63","sale","بيع ذهب","بيع ذهب: acct_non_inventory_001 -> seed-account-960d86a1b65899e364b7","0.00","0.33","0.00","0.38","0.00","0.33","6351.005067","0.00","2095.83","0.00","84.53","536850.46","6351.005087","sale","outbound"
"خاتم أطفال","seed-account-960d86a1b65899e364b7","seed-account-960d86a1b65899e364b7","1411","2026-04-28","","","csvref-entry-85b42090d468b126fd3073d06b7743cd","sale","بيع ذهب","بيع ذهب: acct_non_inventory_001 -> seed-account-960d86a1b65899e364b7","0.00","0.29","0.00","0.34","0.00","0.29","6351.005087","0.00","1841.80","0.00","84.24","535008.66","6351.004986","sale","outbound"
"خاتم أطفال","seed-account-960d86a1b65899e364b7","seed-account-960d86a1b65899e364b7","1437","2026-04-29","","","csvref-entry-3056e7cbed1752bb0380bafe35b060db","tifeet","تيفيت","تيفيت: seed-account-960d86a1b65899e364b7 -> seed-account-7ac32db4e3484ce2dc22","1.25","0.00","1.46","0.00","1.25","0.00","6351.004986","19954.54","0.00","0.00","85.49","554963.20","6491.556907","tafyeet","tafkeet"
"خاتم أطفال","seed-account-960d86a1b65899e364b7","seed-account-960d86a1b65899e364b7","1447","2026-04-30","","","csvref-entry-3b9cf19a705ccea19e02c207394295ee","sale","بيع ذهب","بيع ذهب: acct_non_inventory_001 -> seed-account-960d86a1b65899e364b7","0.00","0.27","0.00","0.32","0.00","0.27","6491.556907","0.00","1752.72","0.00","85.22","553210.48","6491.556912","sale","outbound"
"خاتم أطفال","seed-account-960d86a1b65899e364b7","seed-account-960d86a1b65899e364b7","1474","2026-05-03","","","csvref-entry-6035abf71804b4d4c70654a12d68de71","tifeet","تيفيت","تيفيت: seed-account-960d86a1b65899e364b7 -> seed-account-7ac32db4e3484ce2dc22","0.66","0.00","0.77","0.00","0.66","0.00","6491.556912","15639.27","0.00","0.00","85.88","568849.75","6623.774453","tafyeet","tafkeet"
"خاتم أطفال","seed-account-960d86a1b65899e364b7","seed-account-960d86a1b65899e364b7","1475","2026-05-03","","","csvref-entry-66454c370a1de5eacdf463db503a9ed0","sale","بيع ذهب","بيع ذهب: acct_non_inventory_001 -> seed-account-960d86a1b65899e364b7","0.00","0.57","0.00","0.66","0.00","0.57","6623.774453","0.00","3775.55","0.00","85.31","565074.20","6623.774470","sale","outbound"
"خاتم أطفال","seed-account-960d86a1b65899e364b7","seed-account-960d86a1b65899e364b7","1522","2026-05-09","","","csvref-entry-6de88cd15168b2c6c6288f328346a94f","tifeet","تيفيت","تيفيت: seed-account-960d86a1b65899e364b7 -> seed-account-7ac32db4e3484ce2dc22","0.33","0.00","0.38","0.00","0.33","0.00","6623.774470","2353.71","0.00","0.00","85.64","567427.91","6625.734587","tafyeet","tafkeet"
"خاتم أطفال","seed-account-960d86a1b65899e364b7","seed-account-960d86a1b65899e364b7","1531","2026-05-10","","","csvref-entry-d74079f39087ec3030b8319e5b2fc7a3","sale","بيع ذهب","بيع ذهب: acct_non_inventory_001 -> seed-account-960d86a1b65899e364b7","0.00","0.33","0.00","0.39","0.00","0.33","6625.734587","0.00","2186.50","0.00","85.31","565241.41","6625.734498","sale","outbound"
"خاتم أطفال","seed-account-960d86a1b65899e364b7","seed-account-960d86a1b65899e364b7","1600","2026-05-14","","","csvref-entry-b5e58d2729eaa83fccd9daa9e773de45","sale","بيع ذهب","بيع ذهب: acct_non_inventory_001 -> seed-account-960d86a1b65899e364b7","0.00","0.27","0.00","0.31","0.00","0.27","6625.734498","0.00","1788.94","0.00","85.04","563452.47","6625.734595","sale","outbound"
"خاتم أطفال","seed-account-960d86a1b65899e364b7","seed-account-960d86a1b65899e364b7","1616","2026-05-16","","","csvref-entry-70c034270cbe810e3e8f9d1f6b35ca56","tifeet","تيفيت","تيفيت: seed-account-960d86a1b65899e364b7 -> seed-account-7ac32db4e3484ce2dc22","1.67","0.00","1.95","0.00","1.67","0.00","6625.734595","11479.82","0.00","0.00","86.71","574932.29","6630.518856","tafyeet","tafkeet"
"خاتم أطفال","seed-account-960d86a1b65899e364b7","seed-account-960d86a1b65899e364b7","1756","2026-05-31","","","csvref-entry-f9711c52ff248337a437142b9f7d416d","sale","بيع ذهب","بيع ذهب: acct_non_inventory_001 -> seed-account-960d86a1b65899e364b7","0.00","0.36","0.00","0.42","0.00","0.36","6630.518856","0.00","2386.99","0.00","86.35","572545.30","6630.518819","sale","outbound"
"خاتم عربي","seed-account-ea099bf0071894125ad3","seed-account-ea099bf0071894125ad3","17","2026-01-01","","","csvref-entry-c29964c51a937f621bfdf7fef60149c0","opening","قيد افتتاحي","قيد افتتاحي: seed-account-ea099bf0071894125ad3 -> acct_non_inventory_046","222.52","0.00","222.52","0.00","222.52","0.00","","1335120.00","0.00","0.00","222.52","1335120.00","6000.000000","opening","opening"
"خاتم عربي","seed-account-ea099bf0071894125ad3","seed-account-ea099bf0071894125ad3","61","2026-01-05","","","csvref-entry-faf4fa325ca3694b833d5f0d9afe97eb","sale","بيع ذهب","بيع ذهب: acct_non_inventory_001 -> seed-account-ea099bf0071894125ad3","0.00","2.65","0.00","2.65","0.00","2.65","6000.000000","0.00","15900.00","0.00","219.87","1319220.00","6000.000000","sale","outbound"
"خاتم عربي","seed-account-ea099bf0071894125ad3","seed-account-ea099bf0071894125ad3","72","2026-01-05","","","csvref-entry-ec9a6c89dee1048758f57c1c5b21fde0","sale","بيع ذهب","بيع ذهب: acct_non_inventory_001 -> seed-account-ea099bf0071894125ad3","0.00","1.37","0.00","1.37","0.00","1.37","6000.000000","0.00","8220.00","0.00","218.50","1311000.00","6000.000000","sale","outbound"
"خاتم عربي","seed-account-ea099bf0071894125ad3","seed-account-ea099bf0071894125ad3","102","2026-01-07","","","csvref-entry-bfa242c4314dc3543007b99a2690e9df","sale","بيع ذهب","بيع ذهب: acct_non_inventory_001 -> seed-account-ea099bf0071894125ad3","0.00","2.62","0.00","2.62","0.00","2.62","6000.000000","0.00","15720.00","0.00","215.88","1295280.00","6000.000000","sale","outbound"
"خاتم عربي","seed-account-ea099bf0071894125ad3","seed-account-ea099bf0071894125ad3","103","2026-01-07","","","csvref-entry-08c3bd9ee34b7aa7a074b51ca4aa1732","sale","بيع ذهب","بيع ذهب: acct_non_inventory_001 -> seed-account-ea099bf0071894125ad3","0.00","2.48","0.00","2.48","0.00","2.48","6000.000000","0.00","14880.00","0.00","213.40","1280400.00","6000.000000","sale","outbound"
"خاتم عربي","seed-account-ea099bf0071894125ad3","seed-account-ea099bf0071894125ad3","120","2026-01-10","","","csvref-entry-f699b5296af86b494ce485ce1e943d98","sale","بيع ذهب","بيع ذهب: acct_non_inventory_001 -> seed-account-ea099bf0071894125ad3","0.00","2.54","0.00","2.54","0.00","2.54","6000.000000","0.00","15240.00","0.00","210.86","1265160.00","6000.000000","sale","outbound"
"خاتم عربي","seed-account-ea099bf0071894125ad3","seed-account-ea099bf0071894125ad3","129","2026-01-11","","","csvref-entry-89bae8afb4b67f49352bbcf4d82da5f9","tifeet","تيفيت","تيفيت: seed-account-ea099bf0071894125ad3 -> seed-account-d1216eb4076ccdf40e20","21.63","0.00","21.63","0.00","21.63","0.00","6000.000000","126989.60","0.00","0.00","232.49","1392149.60","5987.997763","tafyeet","tafkeet"
"خاتم عربي","seed-account-ea099bf0071894125ad3","seed-account-ea099bf0071894125ad3","143","2026-01-12","","","csvref-entry-65e357ba934a00dd4cf36863c1a2c6ad","sale","بيع ذهب","بيع ذهب: acct_non_inventory_001 -> seed-account-ea099bf0071894125ad3","0.00","2.40","0.00","2.40","0.00","2.40","5987.997763","0.00","14371.19","0.00","230.09","1377778.41","5987.997783","sale","outbound"
"خاتم عربي","seed-account-ea099bf0071894125ad3","seed-account-ea099bf0071894125ad3","148","2026-01-12","","","csvref-entry-89c515f70df8e79793ebc8d1482440f9","tifeet","تيفيت","تيفيت: seed-account-ea099bf0071894125ad3 -> seed-account-d1216eb4076ccdf40e20","3.53","0.00","3.53","0.00","3.53","0.00","5987.997783","20719.74","0.00","0.00","233.62","1398498.15","5986.209015","tafyeet","tafkeet"
"خاتم عربي","seed-account-ea099bf0071894125ad3","seed-account-ea099bf0071894125ad3","149","2026-01-12","","","csvref-entry-d7699160bda3033743f7515847b387a8","sale","بيع ذهب","بيع ذهب: acct_non_inventory_001 -> seed-account-ea099bf0071894125ad3","0.00","1.93","0.00","1.93","0.00","1.93","5986.209015","0.00","11553.38","0.00","231.69","1386944.77","5986.209029","sale","outbound"
"خاتم عربي","seed-account-ea099bf0071894125ad3","seed-account-ea099bf0071894125ad3","172","2026-01-14","","","csvref-entry-a92a5f490ef7445c271dea3b325ac29e","tifeet","تيفيت","تيفيت: seed-account-ea099bf0071894125ad3 -> seed-account-d1216eb4076ccdf40e20","5.88","0.00","5.88","0.00","5.88","0.00","5986.209029","34831.08","0.00","0.00","237.57","1421775.85","5984.660732","tafyeet","tafkeet"
"خاتم عربي","seed-account-ea099bf0071894125ad3","seed-account-ea099bf0071894125ad3","209","2026-01-19","","","csvref-entry-aad121b781a96fb900f24a513cb3cc70","sale","بيع ذهب","بيع ذهب: acct_non_inventory_001 -> seed-account-ea099bf0071894125ad3","0.00","2.73","0.00","2.73","0.00","2.73","5984.660732","0.00","16338.12","0.00","234.84","1405437.73","5984.660748","sale","outbound"
"خاتم عربي","seed-account-ea099bf0071894125ad3","seed-account-ea099bf0071894125ad3","288","2026-01-25","","","csvref-entry-7cc6b1e463c29ba4a8d6445a6271ee93","tifeet","تيفيت","تيفيت: seed-account-ea099bf0071894125ad3 -> seed-account-d1216eb4076ccdf40e20","2.15","0.00","2.15","0.00","2.15","0.00","5984.660748","13578.26","0.00","0.00","236.99","1419015.99","5987.661884","tafyeet","tafkeet"
"خاتم عربي","seed-account-ea099bf0071894125ad3","seed-account-ea099bf0071894125ad3","297","2026-01-26","","","csvref-entry-b1f5d67e5344d674d4e757a2252e8a59","sale","بيع ذهب","بيع ذهب: acct_non_inventory_001 -> seed-account-ea099bf0071894125ad3","0.00","2.36","0.00","2.36","0.00","2.36","5987.661884","0.00","14130.88","0.00","234.63","1404885.11","5987.661893","sale","outbound"
"خاتم عربي","seed-account-ea099bf0071894125ad3","seed-account-ea099bf0071894125ad3","299","2026-01-26","","","csvref-entry-8900fecd72575dd77d2bcbca32e04ef2","sale","بيع ذهب","بيع ذهب: acct_non_inventory_001 -> seed-account-ea099bf0071894125ad3","0.00","4.24","0.00","4.24","0.00","4.24","5987.661893","0.00","25387.69","0.00","230.39","1379497.42","5987.661878","sale","outbound"
"خاتم عربي","seed-account-ea099bf0071894125ad3","seed-account-ea099bf0071894125ad3","302","2026-01-26","","","csvref-entry-71abc6830283555f5ee04e0c7ab5ae08","sale","بيع ذهب","بيع ذهب: acct_non_inventory_001 -> seed-account-ea099bf0071894125ad3","0.00","3.19","0.00","3.19","0.00","3.19","5987.661878","0.00","19100.64","0.00","227.20","1360396.78","5987.661884","sale","outbound"
"خاتم عربي","seed-account-ea099bf0071894125ad3","seed-account-ea099bf0071894125ad3","303","2026-01-26","","","csvref-entry-03034a8426448b01c880c4155d983902","sale","بيع ذهب","بيع ذهب: acct_non_inventory_001 -> seed-account-ea099bf0071894125ad3","0.00","2.16","0.00","2.16","0.00","2.16","5987.661884","0.00","12933.35","0.00","225.04","1347463.43","5987.661882","sale","outbound"
"خاتم عربي","seed-account-ea099bf0071894125ad3","seed-account-ea099bf0071894125ad3","309","2026-01-27","","","csvref-entry-d45a36386cf967088c26de00437d1ac1","sale","بيع ذهب","بيع ذهب: acct_non_inventory_001 -> seed-account-ea099bf0071894125ad3","0.00","3.04","0.00","3.04","0.00","3.04","5987.661882","0.00","18202.49","0.00","222.00","1329260.94","5987.661892","sale","outbound"
"خاتم عربي","seed-account-ea099bf0071894125ad3","seed-account-ea099bf0071894125ad3","311","2026-01-27","","","csvref-entry-2f7a52ea1a4f3abfced6e2779dd67545","sale","بيع ذهب","بيع ذهب: acct_non_inventory_001 -> seed-account-ea099bf0071894125ad3","0.00","2.52","0.00","2.52","0.00","2.52","5987.661892","0.00","15088.91","0.00","219.48","1314172.03","5987.661883","sale","outbound"
"خاتم عربي","seed-account-ea099bf0071894125ad3","seed-account-ea099bf0071894125ad3","335","2026-01-30","","","csvref-entry-6d702161fa4810eaead7e981eb791491","sale","بيع ذهب","بيع ذهب: acct_non_inventory_001 -> seed-account-ea099bf0071894125ad3","0.00","8.38","0.00","8.38","0.00","8.38","5987.661883","0.00","50176.61","0.00","211.10","1263995.42","5987.661866","sale","outbound"
"خاتم عربي","seed-account-ea099bf0071894125ad3","seed-account-ea099bf0071894125ad3","339","2026-01-31","","","csvref-entry-bc4e910698e1956c12e2849f1ccc3b0d","sale","بيع ذهب","بيع ذهب: acct_non_inventory_001 -> seed-account-ea099bf0071894125ad3","0.00","3.70","0.00","3.70","0.00","3.70","5987.661866","0.00","22154.35","0.00","207.40","1241841.07","5987.661861","sale","outbound"
"خاتم عربي","seed-account-ea099bf0071894125ad3","seed-account-ea099bf0071894125ad3","345","2026-01-31","","","csvref-entry-ad6bb906b8a1ca7974c28ff94819cf1f","tifeet","تيفيت","تيفيت: seed-account-ea099bf0071894125ad3 -> seed-account-d1216eb4076ccdf40e20","5.33","0.00","5.33","0.00","5.33","0.00","5987.661861","34065.91","0.00","0.00","212.73","1275906.98","5997.776430","tafyeet","tafkeet"
"خاتم عربي","seed-account-ea099bf0071894125ad3","seed-account-ea099bf0071894125ad3","362","2026-02-02","","","csvref-entry-25eba8bef7cc40eb2157f4d9c750b25d","tifeet","تيفيت","تيفيت: seed-account-ea099bf0071894125ad3 -> seed-account-d1216eb4076ccdf40e20","3.20","0.00","3.20","0.00","3.20","0.00","5997.776430","20678.31","0.00","0.00","215.93","1296585.29","6004.655629","tafyeet","tafkeet"
"خاتم عربي","seed-account-ea099bf0071894125ad3","seed-account-ea099bf0071894125ad3","387","2026-02-04","","","csvref-entry-c6eecf866847174dbc16671ed7292a35","sale","بيع ذهب","بيع ذهب: acct_non_inventory_001 -> seed-account-ea099bf0071894125ad3","0.00","0.58","0.00","0.58","0.00","0.58","6004.655629","0.00","3482.70","0.00","215.35","1293102.59","6004.655630","sale","outbound"
"خاتم عربي","seed-account-ea099bf0071894125ad3","seed-account-ea099bf0071894125ad3","407","2026-02-05","","","csvref-entry-ee5f232db59b6d30ba6a13a91c97f84e","tifeet","تيفيت","تيفيت: seed-account-ea099bf0071894125ad3 -> seed-account-d1216eb4076ccdf40e20","2.52","0.00","2.52","0.00","2.52","0.00","6004.655630","43650.19","0.00","0.00","217.87","1336752.78","6135.552302","tafyeet","tafkeet"
"خاتم عربي","seed-account-ea099bf0071894125ad3","seed-account-ea099bf0071894125ad3","439","2026-02-08","","","csvref-entry-bbdda4be8163b1ddad44ce2b450ab935","tifeet","تيفيت","تيفيت: seed-account-ea099bf0071894125ad3 -> seed-account-d1216eb4076ccdf40e20","6.16","0.00","6.16","0.00","6.16","0.00","6135.552302","63619.86","0.00","0.00","224.03","1400372.64","6250.826407","tafyeet","tafkeet"
"خاتم عربي","seed-account-ea099bf0071894125ad3","seed-account-ea099bf0071894125ad3","458","2026-02-10","","","csvref-entry-011dd4eafc7b704902d92998e85b2070","sale","بيع ذهب","بيع ذهب: acct_non_inventory_001 -> seed-account-ea099bf0071894125ad3","0.00","2.95","0.00","2.95","0.00","2.95","6250.826407","0.00","18439.94","0.00","221.08","1381932.70","6250.826398","sale","outbound"
"خاتم عربي","seed-account-ea099bf0071894125ad3","seed-account-ea099bf0071894125ad3","470","2026-02-13","","","csvref-entry-47ad5a70d79fba4db53d6a3329eb397c","sale","بيع ذهب","بيع ذهب: acct_non_inventory_001 -> seed-account-ea099bf0071894125ad3","0.00","2.92","0.00","2.92","0.00","2.92","6250.826398","0.00","18252.41","0.00","218.16","1363680.29","6250.826412","sale","outbound"
"خاتم عربي","seed-account-ea099bf0071894125ad3","seed-account-ea099bf0071894125ad3","473","2026-02-13","","","csvref-entry-4a96119ac0dc2eb4f038910a0a629afb","sale","بيع ذهب","بيع ذهب: acct_non_inventory_001 -> seed-account-ea099bf0071894125ad3","0.00","5.90","0.00","5.90","0.00","5.90","6250.826412","0.00","36879.88","0.00","212.26","1326800.41","6250.826392","sale","outbound"
"خاتم عربي","seed-account-ea099bf0071894125ad3","seed-account-ea099bf0071894125ad3","506","2026-02-16","","","csvref-entry-f31d18131d4c4af4764e16c619251257","sale","بيع ذهب","بيع ذهب: acct_non_inventory_001 -> seed-account-ea099bf0071894125ad3","0.00","5.67","0.00","5.67","0.00","5.67","6250.826392","0.00","35442.19","0.00","206.59","1291358.22","6250.826371","sale","outbound"
"خاتم عربي","seed-account-ea099bf0071894125ad3","seed-account-ea099bf0071894125ad3","521","2026-02-16","","","csvref-entry-b090f49aeb5ffc90c73387241cef645a","tifeet","تيفيت","تيفيت: seed-account-ea099bf0071894125ad3 -> seed-account-d1216eb4076ccdf40e20","4.72","0.00","4.72","0.00","4.72","0.00","6250.826371","37932.42","0.00","0.00","211.31","1329290.64","6290.713360","tafyeet","tafkeet"
"خاتم عربي","seed-account-ea099bf0071894125ad3","seed-account-ea099bf0071894125ad3","547","2026-02-18","","","csvref-entry-b6057602ed3494e9d588f451f5e81ee5","sale","بيع ذهب","بيع ذهب: acct_non_inventory_001 -> seed-account-ea099bf0071894125ad3","0.00","4.90","0.00","4.90","0.00","4.90","6290.713360","0.00","30824.50","0.00","206.41","1298466.14","6290.713338","sale","outbound"
"خاتم عربي","seed-account-ea099bf0071894125ad3","seed-account-ea099bf0071894125ad3","589","2026-02-25","","","csvref-entry-5e60e797bdd890736a846cf479af173b","tifeet","تيفيت","تيفيت: seed-account-ea099bf0071894125ad3 -> seed-account-d1216eb4076ccdf40e20","4.83","0.00","4.83","0.00","4.83","0.00","6290.713338","87856.48","0.00","0.00","211.24","1386322.62","6562.784605","tafyeet","tafkeet"
"خاتم عربي","seed-account-ea099bf0071894125ad3","seed-account-ea099bf0071894125ad3","601","2026-02-26","","","csvref-entry-407fb65c2a9de09dc34141c51a1816af","sale","بيع ذهب","بيع ذهب: acct_non_inventory_001 -> seed-account-ea099bf0071894125ad3","0.00","3.70","0.00","3.70","0.00","3.70","6562.784605","0.00","24282.30","0.00","207.54","1362040.32","6562.784620","sale","outbound"
"خاتم عربي","seed-account-ea099bf0071894125ad3","seed-account-ea099bf0071894125ad3","624","2026-03-01","","","csvref-entry-223a478846e305114530e308fc7325c7","tifeet","تيفيت","تيفيت: seed-account-ea099bf0071894125ad3 -> seed-account-d1216eb4076ccdf40e20","3.77","0.00","3.77","0.00","3.77","0.00","6562.784620","25642.63","0.00","0.00","211.31","1387682.95","6567.048176","tafyeet","tafkeet"
"خاتم عربي","seed-account-ea099bf0071894125ad3","seed-account-ea099bf0071894125ad3","625","2026-03-01","","","csvref-entry-42caa165a491b19a13d8b3160f6f173b","sale","بيع ذهب","بيع ذهب: acct_non_inventory_001 -> seed-account-ea099bf0071894125ad3","0.00","3.22","0.00","3.22","0.00","3.22","6567.048176","0.00","21145.90","0.00","208.09","1366537.05","6567.048152","sale","outbound"
"خاتم عربي","seed-account-ea099bf0071894125ad3","seed-account-ea099bf0071894125ad3","658","2026-03-04","","","csvref-entry-8bac4f51c5f366affbcb8884610f549e","tifeet","تيفيت","تيفيت: seed-account-ea099bf0071894125ad3 -> seed-account-d1216eb4076ccdf40e20","6.61","0.00","6.61","0.00","6.61","0.00","6567.048152","45279.86","0.00","0.00","214.70","1411816.91","6575.765766","tafyeet","tafkeet"
"خاتم عربي","seed-account-ea099bf0071894125ad3","seed-account-ea099bf0071894125ad3","708","2026-03-09","","","csvref-entry-53a99a4dd9953847cd4a04d8f54fda03","transfer","تحويل","تحويل: seed-account-d1216eb4076ccdf40e20 -> seed-account-ea099bf0071894125ad3","0.00","9.95","0.00","9.95","0.00","9.95","6575.765766","0.00","65428.87","0.00","204.75","1346388.04","6575.765763","transfer","transfer"
"خاتم عربي","seed-account-ea099bf0071894125ad3","seed-account-ea099bf0071894125ad3","740","2026-03-10","","","csvref-entry-4e882a47026e2d99363e29cdad0eec7f","sale","بيع ذهب","بيع ذهب: acct_non_inventory_001 -> seed-account-ea099bf0071894125ad3","0.00","2.99","0.00","2.99","0.00","2.99","6575.765763","0.00","19661.54","0.00","201.76","1326726.50","6575.765761","sale","outbound"
"خاتم عربي","seed-account-ea099bf0071894125ad3","seed-account-ea099bf0071894125ad3","743","2026-03-10","","","csvref-entry-0d30bb677629a6c2069a2f7a1a20618a","sale","بيع ذهب","بيع ذهب: acct_non_inventory_001 -> seed-account-ea099bf0071894125ad3","0.00","3.83","0.00","3.83","0.00","3.83","6575.765761","0.00","25185.18","0.00","197.93","1301541.32","6575.765776","sale","outbound"
"خاتم عربي","seed-account-ea099bf0071894125ad3","seed-account-ea099bf0071894125ad3","775","2026-03-13","","","csvref-entry-8f39a5081731665a14783b2cfa5595f8","sale","بيع ذهب","بيع ذهب: acct_non_inventory_001 -> seed-account-ea099bf0071894125ad3","0.00","3.11","0.00","3.11","0.00","3.11","6575.765776","0.00","20450.63","0.00","194.82","1281090.69","6575.765784","sale","outbound"
"خاتم عربي","seed-account-ea099bf0071894125ad3","seed-account-ea099bf0071894125ad3","809","2026-03-17","","","csvref-entry-4df9499afa29002281435e95444c6435","sale","بيع ذهب","بيع ذهب: acct_non_inventory_001 -> seed-account-ea099bf0071894125ad3","0.00","2.93","0.00","2.93","0.00","2.93","6575.765784","0.00","19266.99","0.00","191.89","1261823.70","6575.765803","sale","outbound"
"خاتم عربي","seed-account-ea099bf0071894125ad3","seed-account-ea099bf0071894125ad3","813","2026-03-17","","","csvref-entry-eab57a9869a8b4dac5758e5a156f6763","sale","بيع ذهب","بيع ذهب: acct_non_inventory_001 -> seed-account-ea099bf0071894125ad3","0.00","5.15","0.00","5.15","0.00","5.15","6575.765803","0.00","33865.19","0.00","186.74","1227958.51","6575.765824","sale","outbound"
"خاتم عربي","seed-account-ea099bf0071894125ad3","seed-account-ea099bf0071894125ad3","840","2026-03-19","","","csvref-entry-3d613f83edad86aa8c80357e394c3876","sale","بيع ذهب","بيع ذهب: acct_non_inventory_001 -> seed-account-ea099bf0071894125ad3","0.00","2.30","0.00","2.30","0.00","2.30","6575.765824","0.00","15124.26","0.00","184.44","1212834.25","6575.765832","sale","outbound"
"خاتم عربي","seed-account-ea099bf0071894125ad3","seed-account-ea099bf0071894125ad3","843","2026-03-20","","","csvref-entry-1b98bb3be288cabd58b39fce8361ae0d","sale","بيع ذهب","بيع ذهب: acct_non_inventory_001 -> seed-account-ea099bf0071894125ad3","0.00","2.56","0.00","2.56","0.00","2.56","6575.765832","0.00","16833.96","0.00","181.88","1196000.29","6575.765835","sale","outbound"
"خاتم عربي","seed-account-ea099bf0071894125ad3","seed-account-ea099bf0071894125ad3","844","2026-03-20","","","csvref-entry-0d4c9ee1f0f2eae2af57a503a0c3dce8","tifeet","تيفيت","تيفيت: seed-account-ea099bf0071894125ad3 -> seed-account-d1216eb4076ccdf40e20","4.29","0.00","4.29","0.00","4.29","0.00","6575.765835","96048.26","0.00","0.00","186.17","1292048.55","6940.154429","tafyeet","tafkeet"
"خاتم عربي","seed-account-ea099bf0071894125ad3","seed-account-ea099bf0071894125ad3","859","2026-03-21","","","csvref-entry-cc53ee74893af1a01d1aef793bf20104","sale","بيع ذهب","بيع ذهب: acct_non_inventory_001 -> seed-account-ea099bf0071894125ad3","0.00","3.64","0.00","3.64","0.00","3.64","6940.154429","0.00","25262.16","0.00","182.53","1266786.39","6940.154440","sale","outbound"
"خاتم عربي","seed-account-ea099bf0071894125ad3","seed-account-ea099bf0071894125ad3","868","2026-03-22","","","csvref-entry-e670f480e0b929ade6c9b55bf3462bd0","sale","بيع ذهب","بيع ذهب: acct_non_inventory_001 -> seed-account-ea099bf0071894125ad3","0.00","3.20","0.00","3.20","0.00","3.20","6940.154440","0.00","22208.49","0.00","179.33","1244577.90","6940.154464","sale","outbound"
"خاتم عربي","seed-account-ea099bf0071894125ad3","seed-account-ea099bf0071894125ad3","881","2026-03-23","","","csvref-entry-c147141f369f5c9b41e294916f593a58","sale","بيع ذهب","بيع ذهب: acct_non_inventory_001 -> seed-account-ea099bf0071894125ad3","0.00","6.11","0.00","6.11","0.00","6.11","6940.154464","0.00","42404.34","0.00","173.22","1202173.56","6940.154486","sale","outbound"
"خاتم عربي","seed-account-ea099bf0071894125ad3","seed-account-ea099bf0071894125ad3","891","2026-03-24","","","csvref-entry-a88673091d6b792cc3bef005a73c9cb0","sale","بيع ذهب","بيع ذهب: acct_non_inventory_001 -> seed-account-ea099bf0071894125ad3","0.00","2.98","0.00","2.98","0.00","2.98","6940.154486","0.00","20681.66","0.00","170.24","1181491.90","6940.154488","sale","outbound"
"خاتم عربي","seed-account-ea099bf0071894125ad3","seed-account-ea099bf0071894125ad3","897","2026-03-24","","","csvref-entry-8e59fbe4fd18ff4e8285e54fb1745492","sale","بيع ذهب","بيع ذهب: acct_non_inventory_001 -> seed-account-ea099bf0071894125ad3","0.00","0.90","0.00","0.90","0.00","0.90","6940.154488","0.00","6246.14","0.00","169.34","1175245.76","6940.154482","sale","outbound"
"خاتم عربي","seed-account-ea099bf0071894125ad3","seed-account-ea099bf0071894125ad3","924","2026-03-25","","","csvref-entry-34ea48e5ccccc5335ef5928c0a91fe67","tifeet","تيفيت","تيفيت: seed-account-ea099bf0071894125ad3 -> seed-account-d1216eb4076ccdf40e20","5.31","0.00","5.31","0.00","5.31","0.00","6940.154482","40785.47","0.00","0.00","174.65","1216031.23","6962.675236","tafyeet","tafkeet"
"خاتم عربي","seed-account-ea099bf0071894125ad3","seed-account-ea099bf0071894125ad3","930","2026-03-26","","","csvref-entry-c28ecdc12788d579d06d5c658a80efa8","sale","بيع ذهب","بيع ذهب: acct_non_inventory_001 -> seed-account-ea099bf0071894125ad3","0.00","3.37","0.00","3.37","0.00","3.37","6962.675236","0.00","23464.22","0.00","171.28","1192567.01","6962.675210","sale","outbound"
"خاتم عربي","seed-account-ea099bf0071894125ad3","seed-account-ea099bf0071894125ad3","933","2026-03-26","","","csvref-entry-6c98a0fe26439311dd1c592fa49c7970","sale","بيع ذهب","بيع ذهب: acct_non_inventory_001 -> seed-account-ea099bf0071894125ad3","0.00","3.76","0.00","3.76","0.00","3.76","6962.675210","0.00","26179.66","0.00","167.52","1166387.35","6962.675203","sale","outbound"
"خاتم عربي","seed-account-ea099bf0071894125ad3","seed-account-ea099bf0071894125ad3","953","2026-03-27","","","csvref-entry-a060aaa23ad00ab3b4835f7846bcd2ce","sale","بيع ذهب","بيع ذهب: acct_non_inventory_001 -> seed-account-ea099bf0071894125ad3","0.00","3.27","0.00","3.27","0.00","3.27","6962.675203","0.00","22767.95","0.00","164.25","1143619.40","6962.675190","sale","outbound"
"خاتم عربي","seed-account-ea099bf0071894125ad3","seed-account-ea099bf0071894125ad3","1007","2026-03-31","","","csvref-entry-617fdcdbae4ddb982b46331ffff57433","tifeet","تيفيت","تيفيت: seed-account-ea099bf0071894125ad3 -> seed-account-d1216eb4076ccdf40e20","1.93","0.00","1.93","0.00","1.93","0.00","6962.675190","13541.26","0.00","0.00","166.18","1157160.66","6963.296787","tafyeet","tafkeet"
"خاتم عربي","seed-account-ea099bf0071894125ad3","seed-account-ea099bf0071894125ad3","1016","2026-04-01","","","csvref-entry-8aa4714f404e060f1082aafc9419c05d","sale","بيع ذهب","بيع ذهب: acct_non_inventory_001 -> seed-account-ea099bf0071894125ad3","0.00","5.71","0.00","5.71","0.00","5.71","6963.296787","0.00","39760.42","0.00","160.47","1117400.24","6963.296816","sale","outbound"
"خاتم عربي","seed-account-ea099bf0071894125ad3","seed-account-ea099bf0071894125ad3","1020","2026-04-01","","","csvref-entry-79b1fc9d1c154c6632519b0fdf14b3bc","tifeet","تيفيت","تيفيت: seed-account-ea099bf0071894125ad3 -> seed-account-d1216eb4076ccdf40e20","2.52","0.00","2.52","0.00","2.52","0.00","6963.296816","17807.54","0.00","0.00","162.99","1135207.78","6964.892202","tafyeet","tafkeet"
"خاتم عربي","seed-account-ea099bf0071894125ad3","seed-account-ea099bf0071894125ad3","1031","2026-04-02","","","csvref-entry-689eebc52f58c2729cc24a211eea49fb","sale","بيع ذهب","بيع ذهب: acct_non_inventory_001 -> seed-account-ea099bf0071894125ad3","0.00","2.50","0.00","2.50","0.00","2.50","6964.892202","0.00","17412.23","0.00","160.49","1117795.55","6964.892205","sale","outbound"
"خاتم عربي","seed-account-ea099bf0071894125ad3","seed-account-ea099bf0071894125ad3","1082","2026-04-05","","","csvref-entry-f738b9b5500f613c236aff6c8ccea7a1","tifeet","تيفيت","تيفيت: seed-account-ea099bf0071894125ad3 -> seed-account-d1216eb4076ccdf40e20","2.52","0.00","2.52","0.00","2.52","0.00","6964.892205","26731.49","0.00","0.00","163.01","1144527.04","7021.207533","tafyeet","tafkeet"
"خاتم عربي","seed-account-ea099bf0071894125ad3","seed-account-ea099bf0071894125ad3","1114","2026-04-08","","","csvref-entry-c0b9914a9fbfa2188226b224c45894de","sale","بيع ذهب","بيع ذهب: acct_non_inventory_001 -> seed-account-ea099bf0071894125ad3","0.00","1.92","0.00","1.92","0.00","1.92","7021.207533","0.00","13480.72","0.00","161.09","1131046.32","7021.207524","sale","outbound"
"خاتم عربي","seed-account-ea099bf0071894125ad3","seed-account-ea099bf0071894125ad3","1150","2026-04-10","","","csvref-entry-7decedc1a2d80d7620897618e62f5e96","tifeet","تيفيت","تيفيت: seed-account-ea099bf0071894125ad3 -> seed-account-d1216eb4076ccdf40e20","8.86","0.00","8.86","0.00","8.86","0.00","7021.207524","77950.82","0.00","0.00","169.95","1208997.14","7113.840188","tafyeet","tafkeet"
"خاتم عربي","seed-account-ea099bf0071894125ad3","seed-account-ea099bf0071894125ad3","1158","2026-04-11","","","csvref-entry-5913079a25ea103cb5ec9bae8878024a","sale","بيع ذهب","بيع ذهب: acct_non_inventory_001 -> seed-account-ea099bf0071894125ad3","0.00","3.34","0.00","3.34","0.00","3.34","7113.840188","0.00","23760.23","0.00","166.61","1185236.91","7113.840166","sale","outbound"
"خاتم عربي","seed-account-ea099bf0071894125ad3","seed-account-ea099bf0071894125ad3","1160","2026-04-11","","","csvref-entry-a76102ab2263e6434b22b0c90d40c336","sale","بيع ذهب","بيع ذهب: acct_non_inventory_001 -> seed-account-ea099bf0071894125ad3","0.00","8.53","0.00","8.53","0.00","8.53","7113.840166","0.00","60681.06","0.00","158.08","1124555.85","7113.840144","sale","outbound"
"خاتم عربي","seed-account-ea099bf0071894125ad3","seed-account-ea099bf0071894125ad3","1178","2026-04-12","","","csvref-entry-5d7da25492bcd6404042b31e8f3392d6","sale","بيع ذهب","بيع ذهب: acct_non_inventory_001 -> seed-account-ea099bf0071894125ad3","0.00","4.41","0.00","4.41","0.00","4.41","7113.840144","0.00","31372.04","0.00","153.67","1093183.81","7113.840112","sale","outbound"
"خاتم عربي","seed-account-ea099bf0071894125ad3","seed-account-ea099bf0071894125ad3","1189","2026-04-13","","","csvref-entry-8adf9f50fec3ae1e4adfc4f22800f5c3","transfer","تحويل","تحويل: seed-account-d1216eb4076ccdf40e20 -> seed-account-ea099bf0071894125ad3","0.00","8.78","0.00","8.78","0.00","8.78","7113.840112","0.00","62459.52","0.00","144.89","1030724.29","7113.840086","transfer","transfer"
"خاتم عربي","seed-account-ea099bf0071894125ad3","seed-account-ea099bf0071894125ad3","1201","2026-04-13","","","csvref-entry-ed75d14b8b57824e4d1b46995532803e","tifeet","تيفيت","تيفيت: seed-account-ea099bf0071894125ad3 -> seed-account-d1216eb4076ccdf40e20","3.21","0.00","3.21","0.00","3.21","0.00","7113.840086","22245.10","0.00","0.00","148.10","1052969.39","7109.854085","tafyeet","tafkeet"
"خاتم عربي","seed-account-ea099bf0071894125ad3","seed-account-ea099bf0071894125ad3","1203","2026-04-13","","","csvref-entry-c57300ce2774f9bcb844772d2ff11b47","tifeet","تيفيت","تيفيت: seed-account-ea099bf0071894125ad3 -> seed-account-d1216eb4076ccdf40e20","4.24","0.00","4.24","0.00","4.24","0.00","7109.854085","29382.94","0.00","0.00","152.34","1082352.33","7104.846593","tafyeet","tafkeet"
"خاتم عربي","seed-account-ea099bf0071894125ad3","seed-account-ea099bf0071894125ad3","1232","2026-04-15","","","csvref-entry-866a81034e2d232681a1ad1f03b62fe7","sale","بيع ذهب","بيع ذهب: acct_non_inventory_001 -> seed-account-ea099bf0071894125ad3","0.00","2.53","0.00","2.53","0.00","2.53","7104.846593","0.00","17975.26","0.00","149.81","1064377.07","7104.846606","sale","outbound"
"خاتم عربي","seed-account-ea099bf0071894125ad3","seed-account-ea099bf0071894125ad3","1249","2026-04-16","","","csvref-entry-c33ca10b92f7d6e721d7082786e7bb9e","sale","بيع ذهب","بيع ذهب: acct_non_inventory_001 -> seed-account-ea099bf0071894125ad3","0.00","3.30","0.00","3.30","0.00","3.30","7104.846606","0.00","23445.99","0.00","146.51","1040931.08","7104.846632","sale","outbound"
"خاتم عربي","seed-account-ea099bf0071894125ad3","seed-account-ea099bf0071894125ad3","1276","2026-04-17","","","csvref-entry-4179fd0fae2a007bcfb4bcd15b3a7be1","tifeet","تيفيت","تيفيت: seed-account-ea099bf0071894125ad3 -> seed-account-d1216eb4076ccdf40e20","1.65","0.00","1.65","0.00","1.65","0.00","7104.846632","11452.67","0.00","0.00","148.16","1052383.75","7103.022071","tafyeet","tafkeet"
"خاتم عربي","seed-account-ea099bf0071894125ad3","seed-account-ea099bf0071894125ad3","1287","2026-04-18","","","csvref-entry-b5453ac4aa153a16b2adb9768123c976","sale","بيع ذهب","بيع ذهب: acct_non_inventory_001 -> seed-account-ea099bf0071894125ad3","0.00","2.52","0.00","2.52","0.00","2.52","7103.022071","0.00","17899.62","0.00","145.64","1034484.13","7103.022041","sale","outbound"
"خاتم عربي","seed-account-ea099bf0071894125ad3","seed-account-ea099bf0071894125ad3","1318","2026-04-20","","","csvref-entry-50a1c0b852508dfb118f25c8b3ca3c97","tifeet","تيفيت","تيفيت: seed-account-ea099bf0071894125ad3 -> seed-account-d1216eb4076ccdf40e20","1.81","0.00","1.81","0.00","1.81","0.00","7103.022041","12536.33","0.00","0.00","147.45","1047020.46","7100.850865","tafyeet","tafkeet"
"خاتم عربي","seed-account-ea099bf0071894125ad3","seed-account-ea099bf0071894125ad3","1381","2026-04-25","","","csvref-entry-69625ec6733bce22e45340231485af8e","adjustment","تسوية","تسوية: seed-account-ea099bf0071894125ad3 -> acct_non_inventory_056","0.11","0.00","0.11","0.00","0.11","0.00","7100.850865","781.09","0.00","781.09","147.56","1047801.55","7100.850840","surplus","adjustment"
"خاتم عربي","seed-account-ea099bf0071894125ad3","seed-account-ea099bf0071894125ad3","1425","2026-04-29","","","csvref-entry-2f6e8a21525e4fb27be685b6c0b29980","sale","بيع ذهب","بيع ذهب: acct_non_inventory_001 -> seed-account-ea099bf0071894125ad3","0.00","2.50","0.00","2.50","0.00","2.50","7100.850840","0.00","17752.13","0.00","145.06","1030049.42","7100.850820","sale","outbound"
"خاتم عربي","seed-account-ea099bf0071894125ad3","seed-account-ea099bf0071894125ad3","1427","2026-04-29","","","csvref-entry-d6d1d7d0387af6f00f669dac19195a73","sale","بيع ذهب","بيع ذهب: acct_non_inventory_001 -> seed-account-ea099bf0071894125ad3","0.00","1.47","0.00","1.47","0.00","1.47","7100.850820","0.00","10438.25","0.00","143.59","1019611.17","7100.850825","sale","outbound"
"خاتم عربي","seed-account-ea099bf0071894125ad3","seed-account-ea099bf0071894125ad3","1479","2026-05-05","","","csvref-entry-540e9be49573e7a7571682e288427346","sale","بيع ذهب","بيع ذهب: acct_non_inventory_001 -> seed-account-ea099bf0071894125ad3","0.00","4.89","0.00","4.89","0.00","4.89","7100.850825","0.00","34723.16","0.00","138.70","984888.01","7100.850829","sale","outbound"
"خاتم عربي","seed-account-ea099bf0071894125ad3","seed-account-ea099bf0071894125ad3","1482","2026-05-05","","","csvref-entry-01fbd994005c1af473d26fe00b991eef","sale","بيع ذهب","بيع ذهب: acct_non_inventory_001 -> seed-account-ea099bf0071894125ad3","0.00","1.80","0.00","1.80","0.00","1.80","7100.850829","0.00","12781.53","0.00","136.90","972106.48","7100.850840","sale","outbound"
"خاتم عربي","seed-account-ea099bf0071894125ad3","seed-account-ea099bf0071894125ad3","1511","2026-05-09","","","csvref-entry-690d5358c33c51376a77db072cae1d60","tifeet","تيفيت","تيفيت: seed-account-ea099bf0071894125ad3 -> seed-account-d1216eb4076ccdf40e20","5.05","0.00","5.05","0.00","5.05","0.00","7100.850840","49889.77","0.00","0.00","141.95","1021996.25","7199.691793","tafyeet","tafkeet"
"خاتم عربي","seed-account-ea099bf0071894125ad3","seed-account-ea099bf0071894125ad3","1538","2026-05-10","","","csvref-entry-76263362e7fdf92fca2603629cd0aa86","sale","بيع ذهب","بيع ذهب: acct_non_inventory_001 -> seed-account-ea099bf0071894125ad3","0.00","1.70","0.00","1.70","0.00","1.70","7199.691793","0.00","12239.48","0.00","140.25","1009756.77","7199.691765","sale","outbound"
"خاتم عربي","seed-account-ea099bf0071894125ad3","seed-account-ea099bf0071894125ad3","1576","2026-05-13","","","csvref-entry-fb181fbe34d7d9ba0005767e1e10a582","tifeet","تيفيت","تيفيت: seed-account-ea099bf0071894125ad3 -> seed-account-d1216eb4076ccdf40e20","2.37","0.00","2.37","0.00","2.37","0.00","7199.691765","17339.16","0.00","0.00","142.62","1027095.93","7201.626210","tafyeet","tafkeet"
"خاتم عربي","seed-account-ea099bf0071894125ad3","seed-account-ea099bf0071894125ad3","1628","2026-05-18","","","csvref-entry-460da9fe0f3c980db822362dbe4accb3","sale","بيع ذهب","بيع ذهب: acct_non_inventory_001 -> seed-account-ea099bf0071894125ad3","0.00","2.47","0.00","2.47","0.00","2.47","7201.626210","0.00","17788.02","0.00","140.15","1009307.91","7201.626186","sale","outbound"
"خاتم عربي","seed-account-ea099bf0071894125ad3","seed-account-ea099bf0071894125ad3","1636","2026-05-19","","","csvref-entry-295610bef60e156a413be1939e57882d","tifeet","تيفيت","تيفيت: seed-account-ea099bf0071894125ad3 -> seed-account-d1216eb4076ccdf40e20","3.04","0.00","3.04","0.00","3.04","0.00","7201.626186","20757.00","0.00","0.00","143.19","1030064.91","7193.693065","tafyeet","tafkeet"
"خاتم عربي","seed-account-ea099bf0071894125ad3","seed-account-ea099bf0071894125ad3","1688","2026-05-24","","","csvref-entry-06b0bb30261336a9427edb4c2b75374b","sale","بيع ذهب","بيع ذهب: acct_non_inventory_001 -> seed-account-ea099bf0071894125ad3","0.00","1.80","0.00","1.80","0.00","1.80","7193.693065","0.00","12948.65","0.00","141.39","1017116.26","7193.693048","sale","outbound"
"خاتم عربي","seed-account-ea099bf0071894125ad3","seed-account-ea099bf0071894125ad3","1722","2026-05-27","","","csvref-entry-fceafbef1c59976cf8cf79cb22946d0e","tifeet","تيفيت","تيفيت: seed-account-ea099bf0071894125ad3 -> seed-account-d1216eb4076ccdf40e20","5.16","0.00","5.16","0.00","5.16","0.00","7193.693048","34741.37","0.00","0.00","146.55","1051857.63","7177.465916","tafyeet","tafkeet"
"خاتم عربي","seed-account-ea099bf0071894125ad3","seed-account-ea099bf0071894125ad3","1749","2026-05-28","","","csvref-entry-babfe460360e91f0176468604321e9d2","tifeet","تيفيت","تيفيت: seed-account-ea099bf0071894125ad3 -> seed-account-d1216eb4076ccdf40e20","3.18","0.00","3.18","0.00","3.18","0.00","7177.465916","21384.21","0.00","0.00","149.73","1073241.84","7167.847726","tafyeet","tafkeet"
"كسر أفرنجي","seed-account-7ac32db4e3484ce2dc22","seed-account-7ac32db4e3484ce2dc22","4","2026-01-01","","","csvref-entry-fcdb3b3251b4f26a1e329bfc6937517c","opening","قيد افتتاحي","قيد افتتاحي: seed-account-7ac32db4e3484ce2dc22 -> acct_non_inventory_046","4.65","0.00","5.43","0.00","4.65","0.00","","27900.00","0.00","0.00","4.65","27900.00","6000.000000","opening","opening"
"كسر أفرنجي","seed-account-7ac32db4e3484ce2dc22","seed-account-7ac32db4e3484ce2dc22","30","2026-01-01","","","csvref-entry-aff3289ee3fe05ddde5debea663061cb","purchase","شراء ذهب","شراء ذهب: seed-account-7ac32db4e3484ce2dc22 -> acct_non_inventory_001","0.32","0.00","0.37","0.00","0.32","0.00","6000.000000","1800.00","0.00","0.00","4.97","29700.00","5975.855131","customer_purchase","inbound"
"كسر أفرنجي","seed-account-7ac32db4e3484ce2dc22","seed-account-7ac32db4e3484ce2dc22","34","2026-01-01","","","csvref-entry-e30f121ddab963308efce0c7668fb638","purchase","شراء ذهب","شراء ذهب: seed-account-7ac32db4e3484ce2dc22 -> acct_non_inventory_001","1.24","0.00","1.45","0.00","1.24","0.00","5975.855131","7100.00","0.00","0.00","6.21","36800.00","5925.925926","customer_purchase","inbound"
"كسر أفرنجي","seed-account-7ac32db4e3484ce2dc22","seed-account-7ac32db4e3484ce2dc22","35","2026-01-01","","","csvref-entry-ed7954f44ca2488115e089f7ea168771","purchase","شراء ذهب","شراء ذهب: seed-account-7ac32db4e3484ce2dc22 -> acct_non_inventory_001","2.72","0.00","3.17","0.00","2.72","0.00","5925.925926","15500.00","0.00","0.00","8.93","52300.00","5856.662934","customer_purchase","inbound"
"كسر أفرنجي","seed-account-7ac32db4e3484ce2dc22","seed-account-7ac32db4e3484ce2dc22","37","2026-01-01","","","csvref-entry-36ec22b15b0162d82fa99f246d44886e","purchase","شراء ذهب","شراء ذهب: seed-account-7ac32db4e3484ce2dc22 -> acct_non_inventory_001","1.79","0.00","2.09","0.00","1.79","0.00","5856.662934","10200.00","0.00","0.00","10.72","62500.00","5830.223881","customer_purchase","inbound"
"كسر أفرنجي","seed-account-7ac32db4e3484ce2dc22","seed-account-7ac32db4e3484ce2dc22","40","2026-01-01","","","csvref-entry-d2a5fce49006e1d4b4d34ea9ee902119","purchase","شراء ذهب","شراء ذهب: seed-account-7ac32db4e3484ce2dc22 -> acct_non_inventory_001","0.62","0.00","0.72","0.00","0.62","0.00","5830.223881","3550.00","0.00","0.00","11.34","66050.00","5824.514991","customer_purchase","inbound"
"كسر أفرنجي","seed-account-7ac32db4e3484ce2dc22","seed-account-7ac32db4e3484ce2dc22","41","2026-01-01","","","csvref-entry-1a91fc76c011ba2b355ae422d81f72fd","purchase","شراء ذهب","شراء ذهب: seed-account-7ac32db4e3484ce2dc22 -> acct_non_inventory_001","0.97","0.00","1.13","0.00","0.97","0.00","5824.514991","5500.00","0.00","0.00","12.31","71550.00","5812.347685","customer_purchase","inbound"
"كسر أفرنجي","seed-account-7ac32db4e3484ce2dc22","seed-account-7ac32db4e3484ce2dc22","42","2026-01-01","","","csvref-entry-338b1855ed40ecfddbd579c8718fd018","purchase","شراء ذهب","شراء ذهب: seed-account-7ac32db4e3484ce2dc22 -> acct_non_inventory_001","1.30","0.00","1.52","0.00","1.30","0.00","5812.347685","7420.00","0.00","0.00","13.61","78970.00","5802.351212","customer_purchase","inbound"
"كسر أفرنجي","seed-account-7ac32db4e3484ce2dc22","seed-account-7ac32db4e3484ce2dc22","52","2026-01-03","","","csvref-entry-f6f4a3c99f8eed369a8b06ce1a8ac4c8","purchase","شراء ذهب","شراء ذهب: seed-account-7ac32db4e3484ce2dc22 -> acct_non_inventory_001","0.57","0.00","0.67","0.00","0.57","0.00","5802.351212","3300.00","0.00","0.00","14.18","82270.00","5801.833568","customer_purchase","inbound"
"كسر أفرنجي","seed-account-7ac32db4e3484ce2dc22","seed-account-7ac32db4e3484ce2dc22","53","2026-01-03","","","csvref-entry-8b04c3787d15111caf14f4ef2d69c8c4","purchase","شراء ذهب","شراء ذهب: seed-account-7ac32db4e3484ce2dc22 -> acct_non_inventory_001","1.44","0.00","1.68","0.00","1.44","0.00","5801.833568","8200.00","0.00","0.00","15.62","90470.00","5791.933419","customer_purchase","inbound"
"كسر أفرنجي","seed-account-7ac32db4e3484ce2dc22","seed-account-7ac32db4e3484ce2dc22","58","2026-01-04","","","csvref-entry-feb8182c0548bb690c99282352d8965d","purchase","شراء ذهب","شراء ذهب: seed-account-7ac32db4e3484ce2dc22 -> acct_non_inventory_001","1.29","0.00","1.50","0.00","1.29","0.00","5791.933419","7450.00","0.00","0.00","16.91","97920.00","5790.656416","customer_purchase","inbound"
"كسر أفرنجي","seed-account-7ac32db4e3484ce2dc22","seed-account-7ac32db4e3484ce2dc22","63","2026-01-05","","","csvref-entry-693c57bbde32fcca411c2110cd8566c6","purchase","شراء ذهب","شراء ذهب: seed-account-7ac32db4e3484ce2dc22 -> acct_non_inventory_001","4.63","0.00","5.40","0.00","4.63","0.00","5790.656416","26850.00","0.00","0.00","21.54","124770.00","5792.479109","customer_purchase","inbound"
"كسر أفرنجي","seed-account-7ac32db4e3484ce2dc22","seed-account-7ac32db4e3484ce2dc22","65","2026-01-05","","","csvref-entry-96d82f102fdbe352d3b0e607300bff6e","purchase","شراء ذهب","شراء ذهب: seed-account-7ac32db4e3484ce2dc22 -> acct_non_inventory_001","0.86","0.00","1.00","0.00","0.86","0.00","5792.479109","4950.00","0.00","0.00","22.40","129720.00","5791.071429","customer_purchase","inbound"
"كسر أفرنجي","seed-account-7ac32db4e3484ce2dc22","seed-account-7ac32db4e3484ce2dc22","67","2026-01-05","","","csvref-entry-0daa1f430be7a6b00145ed5156a3ed06","purchase","شراء ذهب","شراء ذهب: seed-account-7ac32db4e3484ce2dc22 -> acct_non_inventory_001","0.55","0.00","0.64","0.00","0.55","0.00","5791.071429","3150.00","0.00","0.00","22.95","132870.00","5789.542484","customer_purchase","inbound"
"كسر أفرنجي","seed-account-7ac32db4e3484ce2dc22","seed-account-7ac32db4e3484ce2dc22","68","2026-01-05","","","csvref-entry-84ee1a974b297d7faba836a92d08d1f2","purchase","شراء ذهب","شراء ذهب: seed-account-7ac32db4e3484ce2dc22 -> acct_non_inventory_001","0.41","0.00","0.48","0.00","0.41","0.00","5789.542484","2380.00","0.00","0.00","23.36","135250.00","5789.811644","customer_purchase","inbound"
"كسر أفرنجي","seed-account-7ac32db4e3484ce2dc22","seed-account-7ac32db4e3484ce2dc22","69","2026-01-05","","","csvref-entry-5f929c61ca9b69b0770b072faf076028","purchase","شراء ذهب","شراء ذهب: seed-account-7ac32db4e3484ce2dc22 -> acct_non_inventory_001","0.94","0.00","1.10","0.00","0.94","0.00","5789.811644","5400.00","0.00","0.00","24.30","140650.00","5788.065844","customer_purchase","inbound"
"كسر أفرنجي","seed-account-7ac32db4e3484ce2dc22","seed-account-7ac32db4e3484ce2dc22","71","2026-01-05","","","csvref-entry-ac7ccc2cc978d418a30f440d72516659","purchase","شراء ذهب","شراء ذهب: seed-account-7ac32db4e3484ce2dc22 -> acct_non_inventory_001","0.43","0.00","0.50","0.00","0.43","0.00","5788.065844","2480.00","0.00","0.00","24.73","143130.00","5787.707238","customer_purchase","inbound"
"كسر أفرنجي","seed-account-7ac32db4e3484ce2dc22","seed-account-7ac32db4e3484ce2dc22","74","2026-01-06","","","csvref-entry-8c6e6ba8d824bf2e0a7b262e179f811c","purchase","شراء ذهب","شراء ذهب: seed-account-7ac32db4e3484ce2dc22 -> acct_non_inventory_001","0.34","0.00","0.40","0.00","0.34","0.00","5787.707238","1980.00","0.00","0.00","25.07","145110.00","5788.193059","customer_purchase","inbound"
"كسر أفرنجي","seed-account-7ac32db4e3484ce2dc22","seed-account-7ac32db4e3484ce2dc22","78","2026-01-06","","","csvref-entry-b1e76955981fae4a9e28f8796eb31f66","purchase","شراء ذهب","شراء ذهب: seed-account-7ac32db4e3484ce2dc22 -> acct_non_inventory_001","4.78","0.00","5.58","0.00","4.78","0.00","5788.193059","27700.00","0.00","0.00","29.85","172810.00","5789.279732","customer_purchase","inbound"
"كسر أفرنجي","seed-account-7ac32db4e3484ce2dc22","seed-account-7ac32db4e3484ce2dc22","85","2026-01-06","","","csvref-entry-90d17bf077d3c4077599353f9388d3f2","purchase","شراء ذهب","شراء ذهب: seed-account-7ac32db4e3484ce2dc22 -> acct_non_inventory_001","1.03","0.00","1.20","0.00","1.03","0.00","5789.279732","6075.00","0.00","0.00","30.88","178885.00","5792.908031","customer_purchase","inbound"
"كسر أفرنجي","seed-account-7ac32db4e3484ce2dc22","seed-account-7ac32db4e3484ce2dc22","88","2026-01-06","","","csvref-entry-0091a1f9fd5db2f66fd6b48e8f28944c","purchase","شراء ذهب","شراء ذهب: seed-account-7ac32db4e3484ce2dc22 -> acct_non_inventory_001","1.71","0.00","2.00","0.00","1.71","0.00","5792.908031","10000.00","0.00","0.00","32.59","188885.00","5795.796257","customer_purchase","inbound"
"كسر أفرنجي","seed-account-7ac32db4e3484ce2dc22","seed-account-7ac32db4e3484ce2dc22","92","2026-01-07","","","csvref-entry-5072fdfb883a9f278dc924188c14b220","purchase","شراء ذهب","شراء ذهب: seed-account-7ac32db4e3484ce2dc22 -> acct_non_inventory_001","1.68","0.00","1.96","0.00","1.68","0.00","5795.796257","9800.00","0.00","0.00","34.27","198685.00","5797.636417","customer_purchase","inbound"
"كسر أفرنجي","seed-account-7ac32db4e3484ce2dc22","seed-account-7ac32db4e3484ce2dc22","98","2026-01-07","","","csvref-entry-d24ef50df5f6bad1d5eacb620bd966fb","purchase","شراء ذهب","شراء ذهب: seed-account-7ac32db4e3484ce2dc22 -> acct_non_inventory_001","0.84","0.00","0.98","0.00","0.84","0.00","5797.636417","4870.00","0.00","0.00","35.11","203555.00","5797.636001","customer_purchase","inbound"
"كسر أفرنجي","seed-account-7ac32db4e3484ce2dc22","seed-account-7ac32db4e3484ce2dc22","104","2026-01-07","","","csvref-entry-528c68cc68a09f14503cb7960b00e26c","purchase","شراء ذهب","شراء ذهب: seed-account-7ac32db4e3484ce2dc22 -> acct_non_inventory_001","9.01","0.00","10.51","0.00","9.01","0.00","5797.636001","52300.00","0.00","0.00","44.12","255855.00","5799.070716","customer_purchase","inbound"
"كسر أفرنجي","seed-account-7ac32db4e3484ce2dc22","seed-account-7ac32db4e3484ce2dc22","105","2026-01-07","","","csvref-entry-46d03701118cfb1ef1a08950315bb797","purchase","شراء ذهب","شراء ذهب: seed-account-7ac32db4e3484ce2dc22 -> acct_non_inventory_001","4.44","0.00","5.18","0.00","4.44","0.00","5799.070716","25750.00","0.00","0.00","48.56","281605.00","5799.114498","customer_purchase","inbound"
"كسر أفرنجي","seed-account-7ac32db4e3484ce2dc22","seed-account-7ac32db4e3484ce2dc22","106","2026-01-07","","","csvref-entry-ea2a8bf521b0ed81e1f365a4627dfa49","sale","بيع ذهب","بيع ذهب: acct_non_inventory_001 -> seed-account-7ac32db4e3484ce2dc22","0.00","1.73","0.00","2.02","0.00","1.73","5799.114498","0.00","10032.47","0.00","46.83","271572.53","5799.114457","sale","outbound"
"كسر أفرنجي","seed-account-7ac32db4e3484ce2dc22","seed-account-7ac32db4e3484ce2dc22","109","2026-01-08","","","csvref-entry-adddf87703e298ec456bf533e3108ac6","purchase","شراء ذهب","شراء ذهب: seed-account-7ac32db4e3484ce2dc22 -> acct_non_inventory_001","5.74","0.00","6.70","0.00","5.74","0.00","5799.114457","33500.00","0.00","0.00","52.57","305072.53","5803.167776","customer_purchase","inbound"
"كسر أفرنجي","seed-account-7ac32db4e3484ce2dc22","seed-account-7ac32db4e3484ce2dc22","114","2026-01-09","","","csvref-entry-095407ee4c070efda99f1c41b46ad581","purchase","شراء ذهب","شراء ذهب: seed-account-7ac32db4e3484ce2dc22 -> acct_non_inventory_001","1.14","0.00","1.33","0.00","1.14","0.00","5803.167776","6850.00","0.00","0.00","53.71","311922.53","5807.531745","customer_purchase","inbound"
"كسر أفرنجي","seed-account-7ac32db4e3484ce2dc22","seed-account-7ac32db4e3484ce2dc22","115","2026-01-09","","","csvref-entry-b422c9770341242b22a1eac99811da00","purchase","شراء ذهب","شراء ذهب: seed-account-7ac32db4e3484ce2dc22 -> acct_non_inventory_001","0.87","0.00","1.01","0.00","0.87","0.00","5807.531745","5050.00","0.00","0.00","54.58","316972.53","5807.484976","customer_purchase","inbound"
"كسر أفرنجي","seed-account-7ac32db4e3484ce2dc22","seed-account-7ac32db4e3484ce2dc22","117","2026-01-10","","","csvref-entry-d57b87144e925fdc9f18a31c5c81d60b","purchase","شراء ذهب","شراء ذهب: seed-account-7ac32db4e3484ce2dc22 -> acct_non_inventory_001","0.26","0.00","0.30","0.00","0.26","0.00","5807.484976","1500.00","0.00","0.00","54.84","318472.53","5807.303611","customer_purchase","inbound"
"كسر أفرنجي","seed-account-7ac32db4e3484ce2dc22","seed-account-7ac32db4e3484ce2dc22","121","2026-01-10","","","csvref-entry-8eea344e0b87937dc8da67a4cbf13de2","purchase","شراء ذهب","شراء ذهب: seed-account-7ac32db4e3484ce2dc22 -> acct_non_inventory_001","1.37","0.00","1.60","0.00","1.37","0.00","5807.303611","8025.00","0.00","0.00","56.21","326497.53","5808.531044","customer_purchase","inbound"
"كسر أفرنجي","seed-account-7ac32db4e3484ce2dc22","seed-account-7ac32db4e3484ce2dc22","128","2026-01-11","","","csvref-entry-4d71c11f250c380ac7c4db3a2e9042b2","purchase","شراء ذهب","شراء ذهب: seed-account-7ac32db4e3484ce2dc22 -> acct_non_inventory_001","1.03","0.00","1.20","0.00","1.03","0.00","5808.531044","6050.00","0.00","0.00","57.24","332547.53","5809.705276","customer_purchase","inbound"
"كسر أفرنجي","seed-account-7ac32db4e3484ce2dc22","seed-account-7ac32db4e3484ce2dc22","132","2026-01-11","","","csvref-entry-db53c94cc6912e7afaf94bd1389fc240","purchase","شراء ذهب","شراء ذهب: seed-account-7ac32db4e3484ce2dc22 -> acct_non_inventory_001","2.21","0.00","2.58","0.00","2.21","0.00","5809.705276","13000.00","0.00","0.00","59.45","345547.53","5812.405887","customer_purchase","inbound"
"كسر أفرنجي","seed-account-7ac32db4e3484ce2dc22","seed-account-7ac32db4e3484ce2dc22","133","2026-01-11","","","csvref-entry-b086b8d2fb41272e59edcd5fd724ebf9","tifeet","تيفيت","تيفيت: seed-account-f7259c51816b3eca60b0 -> seed-account-7ac32db4e3484ce2dc22","0.00","9.03","0.00","10.53","0.00","9.03","5812.405887","0.00","52486.03","0.00","50.42","293061.50","5812.405791","tafyeet","tafkeet"
"كسر أفرنجي","seed-account-7ac32db4e3484ce2dc22","seed-account-7ac32db4e3484ce2dc22","134","2026-01-11","","","csvref-entry-51414d9284a7b8f5bf379570a6b69659","tifeet","تيفيت","تيفيت: seed-account-cb5d499baa26a3db6f1c -> seed-account-7ac32db4e3484ce2dc22","0.00","11.64","0.00","13.58","0.00","11.64","5812.405791","0.00","67656.40","0.00","38.78","225405.10","5812.405879","tafyeet","tafkeet"
"كسر أفرنجي","seed-account-7ac32db4e3484ce2dc22","seed-account-7ac32db4e3484ce2dc22","135","2026-01-11","","","csvref-entry-38e83804eee2844d0c28c97ff3eb636e","tifeet","تيفيت","تيفيت: seed-account-960d86a1b65899e364b7 -> seed-account-7ac32db4e3484ce2dc22","0.00","0.60","0.00","0.70","0.00","0.60","5812.405879","0.00","3487.44","0.00","38.18","221917.66","5812.405972","tafyeet","tafkeet"
"كسر أفرنجي","seed-account-7ac32db4e3484ce2dc22","seed-account-7ac32db4e3484ce2dc22","136","2026-01-11","","","csvref-entry-f6acb0ca88668c46f52cb981d7bce79c","tifeet","تيفيت","تيفيت: seed-account-abefcfd780de9b384dc5 -> seed-account-7ac32db4e3484ce2dc22","0.00","2.41","0.00","2.81","0.00","2.41","5812.405972","0.00","14007.90","0.00","35.77","207909.76","5812.405927","tafyeet","tafkeet"
"كسر أفرنجي","seed-account-7ac32db4e3484ce2dc22","seed-account-7ac32db4e3484ce2dc22","137","2026-01-11","","","csvref-entry-6226975d50302a812c063fa3a12ba2b6","tifeet","تيفيت","تيفيت: seed-account-6b34c4189c5376f463c7 -> seed-account-7ac32db4e3484ce2dc22","0.00","8.75","0.00","10.21","0.00","8.75","5812.405927","0.00","50858.55","0.00","27.02","157051.21","5812.405996","tafyeet","tafkeet"
"كسر أفرنجي","seed-account-7ac32db4e3484ce2dc22","seed-account-7ac32db4e3484ce2dc22","138","2026-01-11","","","csvref-entry-7014a64807360e7a5c8c98882247556c","tifeet","تيفيت","تيفيت: seed-account-d6d361a10f6d7735f5a2 -> seed-account-7ac32db4e3484ce2dc22","0.00","0.85","0.00","0.99","0.00","0.85","5812.405996","0.00","4940.55","0.00","26.17","152110.66","5812.405808","tafyeet","tafkeet"
"كسر أفرنجي","seed-account-7ac32db4e3484ce2dc22","seed-account-7ac32db4e3484ce2dc22","139","2026-01-11","","","csvref-entry-269d0e6a468c481d0a3bf7297c14e858","tifeet","تيفيت","تيفيت: seed-account-3d2cf6d12174291e9009 -> seed-account-7ac32db4e3484ce2dc22","0.00","12.57","0.00","14.66","0.00","12.57","5812.405808","0.00","73061.94","0.00","13.60","79048.72","5812.405882","tafyeet","tafkeet"
"كسر أفرنجي","seed-account-7ac32db4e3484ce2dc22","seed-account-7ac32db4e3484ce2dc22","140","2026-01-11","","","csvref-entry-89ba1e227fc0a11b43103bd2f0597bcc","tifeet","تيفيت","تيفيت: seed-account-60ed1f8a1341a1ab20be -> seed-account-7ac32db4e3484ce2dc22","0.00","1.92","0.00","2.24","0.00","1.92","5812.405882","0.00","11159.82","0.00","11.68","67888.90","5812.405822","tafyeet","tafkeet"
"كسر أفرنجي","seed-account-7ac32db4e3484ce2dc22","seed-account-7ac32db4e3484ce2dc22","144","2026-01-12","","","csvref-entry-6267831fefe62709e482b06b436eb331","purchase","شراء ذهب","شراء ذهب: seed-account-7ac32db4e3484ce2dc22 -> acct_non_inventory_001","1.80","0.00","2.10","0.00","1.80","0.00","5812.405822","10550.00","0.00","0.00","13.48","78438.90","5818.909496","customer_purchase","inbound"
"كسر أفرنجي","seed-account-7ac32db4e3484ce2dc22","seed-account-7ac32db4e3484ce2dc22","150","2026-01-13","","","csvref-entry-0e9608518c9106931316d967cea5d37a","purchase","شراء ذهب","شراء ذهب: seed-account-7ac32db4e3484ce2dc22 -> acct_non_inventory_001","1.29","0.00","1.50","0.00","1.29","0.00","5818.909496","7500.00","0.00","0.00","14.77","85938.90","5818.476642","customer_purchase","inbound"
"كسر أفرنجي","seed-account-7ac32db4e3484ce2dc22","seed-account-7ac32db4e3484ce2dc22","153","2026-01-13","","","csvref-entry-8b2caf43ee6b4f6c735b391306410dc7","purchase","شراء ذهب","شراء ذهب: seed-account-7ac32db4e3484ce2dc22 -> acct_non_inventory_001","0.87","0.00","1.02","0.00","0.87","0.00","5818.476642","5200.00","0.00","0.00","15.64","91138.90","5827.295396","customer_purchase","inbound"
"كسر أفرنجي","seed-account-7ac32db4e3484ce2dc22","seed-account-7ac32db4e3484ce2dc22","155","2026-01-13","","","csvref-entry-3ee0e442e03a38876e21b9aa07432e1b","purchase","شراء ذهب","شراء ذهب: seed-account-7ac32db4e3484ce2dc22 -> acct_non_inventory_001","4.11","0.00","4.80","0.00","4.11","0.00","5827.295396","24000.00","0.00","0.00","19.75","115138.90","5829.817722","customer_purchase","inbound"
"كسر أفرنجي","seed-account-7ac32db4e3484ce2dc22","seed-account-7ac32db4e3484ce2dc22","156","2026-01-13","","","csvref-entry-725dabe4761eebc8e4a181018293178c","purchase","شراء ذهب","شراء ذهب: seed-account-7ac32db4e3484ce2dc22 -> acct_non_inventory_001","3.48","0.00","4.06","0.00","3.48","0.00","5829.817722","20700.00","0.00","0.00","23.23","135838.90","5847.563495","customer_purchase","inbound"
"كسر أفرنجي","seed-account-7ac32db4e3484ce2dc22","seed-account-7ac32db4e3484ce2dc22","157","2026-01-13","","","csvref-entry-c25a83b673ca42e3bc69e2c1117bebf4","purchase","شراء ذهب","شراء ذهب: seed-account-7ac32db4e3484ce2dc22 -> acct_non_inventory_001","0.35","0.00","0.41","0.00","0.35","0.00","5847.563495","2075.00","0.00","0.00","23.58","137913.90","5848.765903","customer_purchase","inbound"
"كسر أفرنجي","seed-account-7ac32db4e3484ce2dc22","seed-account-7ac32db4e3484ce2dc22","159","2026-01-13","","","csvref-entry-fa1aaa5107078ca99f04f5c321115132","purchase","شراء ذهب","شراء ذهب: seed-account-7ac32db4e3484ce2dc22 -> acct_non_inventory_001","1.54","0.00","1.80","0.00","1.54","0.00","5848.765903","9250.00","0.00","0.00","25.12","147163.90","5858.435510","customer_purchase","inbound"
"كسر أفرنجي","seed-account-7ac32db4e3484ce2dc22","seed-account-7ac32db4e3484ce2dc22","160","2026-01-14","","","csvref-entry-06845109deee6eb952c4d484f702e0c8","purchase","شراء ذهب","شراء ذهب: seed-account-7ac32db4e3484ce2dc22 -> acct_non_inventory_001","1.89","0.00","2.20","0.00","1.89","0.00","5858.435510","11100.00","0.00","0.00","27.01","158263.90","5859.455757","customer_purchase","inbound"
"كسر أفرنجي","seed-account-7ac32db4e3484ce2dc22","seed-account-7ac32db4e3484ce2dc22","161","2026-01-14","","","csvref-entry-cc0580cce58826a57e22a18f86aa8e3f","tifeet","تيفيت","تيفيت: seed-account-abefcfd780de9b384dc5 -> seed-account-7ac32db4e3484ce2dc22","0.00","5.67","0.00","6.61","0.00","5.67","5859.455757","0.00","33223.11","0.00","21.34","125040.79","5859.455951","tafyeet","tafkeet"
"كسر أفرنجي","seed-account-7ac32db4e3484ce2dc22","seed-account-7ac32db4e3484ce2dc22","162","2026-01-14","","","csvref-entry-62d04cfcb0b1a88fe2c6100baa602b1d","tifeet","تيفيت","تيفيت: seed-account-3d2cf6d12174291e9009 -> seed-account-7ac32db4e3484ce2dc22","0.00","3.99","0.00","4.65","0.00","3.99","5859.455951","0.00","23379.23","0.00","17.35","101661.56","5859.455908","tafyeet","tafkeet"
"كسر أفرنجي","seed-account-7ac32db4e3484ce2dc22","seed-account-7ac32db4e3484ce2dc22","163","2026-01-14","","","csvref-entry-ffc2617bc70a885d0ca760ec6414a02c","tifeet","تيفيت","تيفيت: seed-account-d37d8b76e6ed91e88626 -> seed-account-7ac32db4e3484ce2dc22","0.00","0.87","0.00","1.02","0.00","0.87","5859.455908","0.00","5097.73","0.00","16.48","96563.83","5859.455704","tafyeet","tafkeet"
"كسر أفرنجي","seed-account-7ac32db4e3484ce2dc22","seed-account-7ac32db4e3484ce2dc22","164","2026-01-14","","","csvref-entry-2128ac21e14a19dd924a785c153f1347","tifeet","تيفيت","تيفيت: seed-account-6b34c4189c5376f463c7 -> seed-account-7ac32db4e3484ce2dc22","0.00","0.62","0.00","0.72","0.00","0.62","5859.455704","0.00","3632.86","0.00","15.86","92930.97","5859.455864","tafyeet","tafkeet"
"كسر أفرنجي","seed-account-7ac32db4e3484ce2dc22","seed-account-7ac32db4e3484ce2dc22","168","2026-01-14","","","csvref-entry-87e872f7c507b38170e8d725a7d93c1e","adjustment","تسوية","تسوية: acct_non_inventory_073 -> seed-account-7ac32db4e3484ce2dc22","0.00","0.12","0.00","0.14","0.00","0.12","5859.455864","0.00","703.13","-703.13","15.74","92227.84","5859.456163","shortage","adjustment"
"كسر أفرنجي","seed-account-7ac32db4e3484ce2dc22","seed-account-7ac32db4e3484ce2dc22","173","2026-01-14","","","csvref-entry-97c9bd6bbe511e9bad7814ce0b747d5f","tifeet","تيفيت","تيفيت: seed-account-960d86a1b65899e364b7 -> seed-account-7ac32db4e3484ce2dc22","0.00","0.35","0.00","0.41","0.00","0.35","5859.456163","0.00","2050.81","0.00","15.39","90177.03","5859.456140","tafyeet","tafkeet"
"كسر أفرنجي","seed-account-7ac32db4e3484ce2dc22","seed-account-7ac32db4e3484ce2dc22","174","2026-01-14","","","csvref-entry-4730c7382ae9e62ad6edf48f206038d7","tifeet","تيفيت","تيفيت: seed-account-d6d361a10f6d7735f5a2 -> seed-account-7ac32db4e3484ce2dc22","0.00","0.11","0.00","0.13","0.00","0.11","5859.456140","0.00","644.54","0.00","15.28","89532.49","5859.456152","tafyeet","tafkeet"
"كسر أفرنجي","seed-account-7ac32db4e3484ce2dc22","seed-account-7ac32db4e3484ce2dc22","178","2026-01-16","","","csvref-entry-2a16bfd8e458e4b4d73366f3dd4ed21b","purchase","شراء ذهب","شراء ذهب: seed-account-7ac32db4e3484ce2dc22 -> acct_non_inventory_001","0.99","0.00","1.15","0.00","0.99","0.00","5859.456152","5800.00","0.00","0.00","16.27","95332.49","5859.403196","customer_purchase","inbound"
"كسر أفرنجي","seed-account-7ac32db4e3484ce2dc22","seed-account-7ac32db4e3484ce2dc22","179","2026-01-16","","","csvref-entry-176e168c72bcd67b6e8105f62c60e6a1","purchase","شراء ذهب","شراء ذهب: seed-account-7ac32db4e3484ce2dc22 -> acct_non_inventory_001","1.53","0.00","1.78","0.00","1.53","0.00","5859.403196","9100.00","0.00","0.00","17.80","104432.49","5866.993820","customer_purchase","inbound"
"كسر أفرنجي","seed-account-7ac32db4e3484ce2dc22","seed-account-7ac32db4e3484ce2dc22","180","2026-01-16","","","csvref-entry-d7ecb4b6b669dc170c91f0bfeeae10f9","purchase","شراء ذهب","شراء ذهب: seed-account-7ac32db4e3484ce2dc22 -> acct_non_inventory_001","3.69","0.00","4.30","0.00","3.69","0.00","5866.993820","22020.00","0.00","0.00","21.49","126452.49","5884.248022","customer_purchase","inbound"
"كسر أفرنجي","seed-account-7ac32db4e3484ce2dc22","seed-account-7ac32db4e3484ce2dc22","189","2026-01-16","","","csvref-entry-5a7cc5725422632c651c0dc75563e5ed","purchase","شراء ذهب","شراء ذهب: seed-account-7ac32db4e3484ce2dc22 -> acct_non_inventory_001","0.93","0.00","1.08","0.00","0.93","0.00","5884.248022","5500.00","0.00","0.00","22.42","131952.49","5885.481267","customer_purchase","inbound"
"كسر أفرنجي","seed-account-7ac32db4e3484ce2dc22","seed-account-7ac32db4e3484ce2dc22","190","2026-01-16","","","csvref-entry-9cdd3ad386fdf0155316885f6edb2dfb","tifeet","تيفيت","تيفيت: seed-account-f7259c51816b3eca60b0 -> seed-account-7ac32db4e3484ce2dc22","0.00","1.61","0.00","1.88","0.00","1.61","5885.481267","0.00","9475.62","0.00","20.81","122476.87","5885.481499","tafyeet","tafkeet"
"كسر أفرنجي","seed-account-7ac32db4e3484ce2dc22","seed-account-7ac32db4e3484ce2dc22","191","2026-01-16","","","csvref-entry-276ce00e09efae65d8173ba1acd7c839","tifeet","تيفيت","تيفيت: seed-account-abefcfd780de9b384dc5 -> seed-account-7ac32db4e3484ce2dc22","0.00","2.11","0.00","2.46","0.00","2.11","5885.481499","0.00","12418.37","0.00","18.70","110058.50","5885.481283","tafyeet","tafkeet"
"كسر أفرنجي","seed-account-7ac32db4e3484ce2dc22","seed-account-7ac32db4e3484ce2dc22","192","2026-01-17","","","csvref-entry-57725a930a0d6942a87ccd5ab05c6c7c","purchase","شراء ذهب","شراء ذهب: seed-account-7ac32db4e3484ce2dc22 -> acct_non_inventory_001","1.49","0.00","1.74","0.00","1.49","0.00","5885.481283","9100.00","0.00","0.00","20.19","119158.50","5901.857355","customer_purchase","inbound"
"كسر أفرنجي","seed-account-7ac32db4e3484ce2dc22","seed-account-7ac32db4e3484ce2dc22","195","2026-01-17","","","csvref-entry-43447f639220ea8907f50580c0e9f46a","purchase","شراء ذهب","شراء ذهب: seed-account-7ac32db4e3484ce2dc22 -> acct_non_inventory_001","4.04","0.00","4.71","0.00","4.04","0.00","5901.857355","24200.00","0.00","0.00","24.23","143358.50","5916.570367","customer_purchase","inbound"
"كسر أفرنجي","seed-account-7ac32db4e3484ce2dc22","seed-account-7ac32db4e3484ce2dc22","196","2026-01-17","","","csvref-entry-53c43fb8e115ddf64dd02d33bebb0b8c","purchase","شراء ذهب","شراء ذهب: seed-account-7ac32db4e3484ce2dc22 -> acct_non_inventory_001","0.38","0.00","0.44","0.00","0.38","0.00","5916.570367","2260.00","0.00","0.00","24.61","145618.50","5917.045916","customer_purchase","inbound"
"كسر أفرنجي","seed-account-7ac32db4e3484ce2dc22","seed-account-7ac32db4e3484ce2dc22","200","2026-01-18","","","csvref-entry-39bd4d474270f52b5fb1b72436d4a5de","purchase","شراء ذهب","شراء ذهب: seed-account-7ac32db4e3484ce2dc22 -> acct_non_inventory_001","0.25","0.00","0.29","0.00","0.25","0.00","5917.045916","1500.00","0.00","0.00","24.86","147118.50","5917.880129","customer_purchase","inbound"
"كسر أفرنجي","seed-account-7ac32db4e3484ce2dc22","seed-account-7ac32db4e3484ce2dc22","202","2026-01-19","","","csvref-entry-2574f29a07e3f0f36eaedeb467abb797","purchase","شراء ذهب","شراء ذهب: seed-account-7ac32db4e3484ce2dc22 -> acct_non_inventory_001","1.07","0.00","1.25","0.00","1.07","0.00","5917.880129","6450.00","0.00","0.00","25.93","153568.50","5922.425762","customer_purchase","inbound"
"كسر أفرنجي","seed-account-7ac32db4e3484ce2dc22","seed-account-7ac32db4e3484ce2dc22","205","2026-01-19","","","csvref-entry-fe2030eba9506f028e61d53619a77626","purchase","شراء ذهب","شراء ذهب: seed-account-7ac32db4e3484ce2dc22 -> acct_non_inventory_001","3.64","0.00","4.25","0.00","3.64","0.00","5922.425762","22050.00","0.00","0.00","29.57","175618.50","5939.076767","customer_purchase","inbound"
"كسر أفرنجي","seed-account-7ac32db4e3484ce2dc22","seed-account-7ac32db4e3484ce2dc22","206","2026-01-19","","","csvref-entry-a3073ebdf9ce11ea94ce7af030d1ff81","purchase","شراء ذهب","شراء ذهب: seed-account-7ac32db4e3484ce2dc22 -> acct_non_inventory_001","2.49","0.00","2.90","0.00","2.49","0.00","5939.076767","15150.00","0.00","0.00","32.06","190768.50","5950.358702","customer_purchase","inbound"
"كسر أفرنجي","seed-account-7ac32db4e3484ce2dc22","seed-account-7ac32db4e3484ce2dc22","207","2026-01-19","","","csvref-entry-ba6830ab48e9236e25ce6896016275f6","purchase","شراء ذهب","شراء ذهب: seed-account-7ac32db4e3484ce2dc22 -> acct_non_inventory_001","2.91","0.00","3.40","0.00","2.91","0.00","5950.358702","17925.00","0.00","0.00","34.97","208693.50","5967.786674","customer_purchase","inbound"
"كسر أفرنجي","seed-account-7ac32db4e3484ce2dc22","seed-account-7ac32db4e3484ce2dc22","210","2026-01-20","","","csvref-entry-ec603c1ec586785dd38fbd57486e8d0a","purchase","شراء ذهب","شراء ذهب: seed-account-7ac32db4e3484ce2dc22 -> acct_non_inventory_001","1.36","0.00","1.59","0.00","1.36","0.00","5967.786674","8000.00","0.00","0.00","36.33","216693.50","5964.588494","customer_purchase","inbound"
"كسر أفرنجي","seed-account-7ac32db4e3484ce2dc22","seed-account-7ac32db4e3484ce2dc22","211","2026-01-20","","","csvref-entry-ee606765bd1773542c3f7a317fbac297","purchase","شراء ذهب","شراء ذهب: seed-account-7ac32db4e3484ce2dc22 -> acct_non_inventory_001","1.59","0.00","1.85","0.00","1.59","0.00","5964.588494","9400.00","0.00","0.00","37.92","226093.50","5962.381329","customer_purchase","inbound"
"كسر أفرنجي","seed-account-7ac32db4e3484ce2dc22","seed-account-7ac32db4e3484ce2dc22","213","2026-01-20","","","csvref-entry-6037f3512d0690117e6e54ea634adde5","purchase","شراء ذهب","شراء ذهب: seed-account-7ac32db4e3484ce2dc22 -> acct_non_inventory_001","0.59","0.00","0.69","0.00","0.59","0.00","5962.381329","3600.00","0.00","0.00","38.51","229693.50","5964.515710","customer_purchase","inbound"
"كسر أفرنجي","seed-account-7ac32db4e3484ce2dc22","seed-account-7ac32db4e3484ce2dc22","218","2026-01-20","","","csvref-entry-85f682abd884903c9e854cecdef29bcc","purchase","شراء ذهب","شراء ذهب: seed-account-7ac32db4e3484ce2dc22 -> acct_non_inventory_001","1.83","0.00","2.14","0.00","1.83","0.00","5964.515710","11370.00","0.00","0.00","40.34","241063.50","5975.793257","customer_purchase","inbound"
"كسر أفرنجي","seed-account-7ac32db4e3484ce2dc22","seed-account-7ac32db4e3484ce2dc22","220","2026-01-20","","","csvref-entry-1b0b9bfe6279fbb8c9d7596b3475c18c","purchase","شراء ذهب","شراء ذهب: seed-account-7ac32db4e3484ce2dc22 -> acct_non_inventory_001","2.42","0.00","2.82","0.00","2.42","0.00","5975.793257","14980.00","0.00","0.00","42.76","256043.50","5987.920954","customer_purchase","inbound"
"كسر أفرنجي","seed-account-7ac32db4e3484ce2dc22","seed-account-7ac32db4e3484ce2dc22","223","2026-01-21","","","csvref-entry-2abf70ddbbe096387172c15e78b9458c","purchase","شراء ذهب","شراء ذهب: seed-account-7ac32db4e3484ce2dc22 -> acct_non_inventory_001","0.47","0.00","0.55","0.00","0.47","0.00","5987.920954","2800.00","0.00","0.00","43.23","258843.50","5987.589637","customer_purchase","inbound"
"كسر أفرنجي","seed-account-7ac32db4e3484ce2dc22","seed-account-7ac32db4e3484ce2dc22","224","2026-01-21","","","csvref-entry-22ffc4c8a85087834fcd20bf6f388955","purchase","شراء ذهب","شراء ذهب: seed-account-7ac32db4e3484ce2dc22 -> acct_non_inventory_001","2.93","0.00","3.42","0.00","2.93","0.00","5987.589637","18200.00","0.00","0.00","46.16","277043.50","6001.808925","customer_purchase","inbound"
"كسر أفرنجي","seed-account-7ac32db4e3484ce2dc22","seed-account-7ac32db4e3484ce2dc22","226","2026-01-21","","","csvref-entry-3b7a06cfa40b27f71fe5b50208f0b58b","purchase","شراء ذهب","شراء ذهب: seed-account-7ac32db4e3484ce2dc22 -> acct_non_inventory_001","0.97","0.00","1.13","0.00","0.97","0.00","6001.808925","5910.00","0.00","0.00","47.13","282953.50","6003.681307","customer_purchase","inbound"
"كسر أفرنجي","seed-account-7ac32db4e3484ce2dc22","seed-account-7ac32db4e3484ce2dc22","232","2026-01-22","","","csvref-entry-893a7188d142620a6148ff441349748b","purchase","شراء ذهب","شراء ذهب: seed-account-7ac32db4e3484ce2dc22 -> acct_non_inventory_001","0.45","0.00","0.53","0.00","0.45","0.00","6003.681307","2700.00","0.00","0.00","47.58","285653.50","6003.646490","customer_purchase","inbound"
"كسر أفرنجي","seed-account-7ac32db4e3484ce2dc22","seed-account-7ac32db4e3484ce2dc22","242","2026-01-23","","","csvref-entry-9647460b56af7b01d4914dd647cacb9d","purchase","شراء ذهب","شراء ذهب: seed-account-7ac32db4e3484ce2dc22 -> acct_non_inventory_001","9.43","0.00","11.00","0.00","9.43","0.00","6003.646490","61150.00","0.00","0.00","57.01","346803.50","6083.204701","customer_purchase","inbound"
"كسر أفرنجي","seed-account-7ac32db4e3484ce2dc22","seed-account-7ac32db4e3484ce2dc22","245","2026-01-23","","","csvref-entry-4e90b033a10c0aaf92bd8d9f63b6de51","purchase","شراء ذهب","شراء ذهب: seed-account-7ac32db4e3484ce2dc22 -> acct_non_inventory_001","1.15","0.00","1.34","0.00","1.15","0.00","6083.204701","7350.00","0.00","0.00","58.16","354153.50","6089.296768","customer_purchase","inbound"
"كسر أفرنجي","seed-account-7ac32db4e3484ce2dc22","seed-account-7ac32db4e3484ce2dc22","247","2026-01-23","","","csvref-entry-ca2bd50a035d1ba93afc0a2883586e2f","purchase","شراء ذهب","شراء ذهب: seed-account-7ac32db4e3484ce2dc22 -> acct_non_inventory_001","0.34","0.00","0.40","0.00","0.34","0.00","6089.296768","2125.00","0.00","0.00","58.50","356278.50","6090.230769","customer_purchase","inbound"
"كسر أفرنجي","seed-account-7ac32db4e3484ce2dc22","seed-account-7ac32db4e3484ce2dc22","250","2026-01-23","","","csvref-entry-b5c7b20acc1ee23cac1418c14c2be265","purchase","شراء ذهب","شراء ذهب: seed-account-7ac32db4e3484ce2dc22 -> acct_non_inventory_001","1.59","0.00","1.85","0.00","1.59","0.00","6090.230769","10150.00","0.00","0.00","60.09","366428.50","6097.994675","customer_purchase","inbound"
"كسر أفرنجي","seed-account-7ac32db4e3484ce2dc22","seed-account-7ac32db4e3484ce2dc22","254","2026-01-23","","","csvref-entry-6735d2c51abf089f3ca4b46aab981327","purchase","شراء ذهب","شراء ذهب: seed-account-7ac32db4e3484ce2dc22 -> acct_non_inventory_001","3.49","0.00","4.07","0.00","3.49","0.00","6097.994675","22730.00","0.00","0.00","63.58","389158.50","6120.769110","customer_purchase","inbound"
"كسر أفرنجي","seed-account-7ac32db4e3484ce2dc22","seed-account-7ac32db4e3484ce2dc22","259","2026-01-24","","","csvref-entry-bdc42e5e8ada3b4efb9662e5ff34002e","purchase","شراء ذهب","شراء ذهب: seed-account-7ac32db4e3484ce2dc22 -> acct_non_inventory_001","2.68","0.00","3.13","0.00","2.68","0.00","6120.769110","17200.00","0.00","0.00","66.26","406358.50","6132.787504","customer_purchase","inbound"
"كسر أفرنجي","seed-account-7ac32db4e3484ce2dc22","seed-account-7ac32db4e3484ce2dc22","260","2026-01-24","","","csvref-entry-73f1bd6dfc9fe889decfc31f64a66fbc","purchase","شراء ذهب","شراء ذهب: seed-account-7ac32db4e3484ce2dc22 -> acct_non_inventory_001","9.02","0.00","10.52","0.00","9.02","0.00","6132.787504","58900.00","0.00","0.00","75.28","465258.50","6180.373273","customer_purchase","inbound"
"كسر أفرنجي","seed-account-7ac32db4e3484ce2dc22","seed-account-7ac32db4e3484ce2dc22","263","2026-01-24","","","csvref-entry-d480a24e0948f8a9b806aea1e1dfc0a1","purchase","شراء ذهب","شراء ذهب: seed-account-7ac32db4e3484ce2dc22 -> acct_non_inventory_001","0.49","0.00","0.57","0.00","0.49","0.00","6180.373273","3125.00","0.00","0.00","75.77","468383.50","6181.648410","customer_purchase","inbound"
"كسر أفرنجي","seed-account-7ac32db4e3484ce2dc22","seed-account-7ac32db4e3484ce2dc22","271","2026-01-25","","","csvref-entry-7fb65dc53e7255fba353ab5773febf2c","purchase","شراء ذهب","شراء ذهب: seed-account-7ac32db4e3484ce2dc22 -> acct_non_inventory_001","0.63","0.00","0.74","0.00","0.63","0.00","6181.648410","4065.00","0.00","0.00","76.40","472448.50","6183.880890","customer_purchase","inbound"
"كسر أفرنجي","seed-account-7ac32db4e3484ce2dc22","seed-account-7ac32db4e3484ce2dc22","275","2026-01-25","","","csvref-entry-23efeb67fa22b44fbbac607802b9bebb","purchase","شراء ذهب","شراء ذهب: seed-account-7ac32db4e3484ce2dc22 -> acct_non_inventory_001","0.47","0.00","0.55","0.00","0.47","0.00","6183.880890","3050.00","0.00","0.00","76.87","475498.50","6185.748667","customer_purchase","inbound"
"كسر أفرنجي","seed-account-7ac32db4e3484ce2dc22","seed-account-7ac32db4e3484ce2dc22","276","2026-01-25","","","csvref-entry-68acd4e36232ea11f4ec20a2c64e5239","purchase","شراء ذهب","شراء ذهب: seed-account-7ac32db4e3484ce2dc22 -> acct_non_inventory_001","1.43","0.00","1.67","0.00","1.43","0.00","6185.748667","9310.00","0.00","0.00","78.30","484808.50","6191.679438","customer_purchase","inbound"
"كسر أفرنجي","seed-account-7ac32db4e3484ce2dc22","seed-account-7ac32db4e3484ce2dc22","277","2026-01-25","","","csvref-entry-9aeb0e82e2e45e8f36044f25b458af43","tifeet","تيفيت","تيفيت: seed-account-3d2cf6d12174291e9009 -> seed-account-7ac32db4e3484ce2dc22","0.00","8.40","0.00","9.80","0.00","8.40","6191.679438","0.00","52010.11","0.00","69.90","432798.39","6191.679399","tafyeet","tafkeet"
"كسر أفرنجي","seed-account-7ac32db4e3484ce2dc22","seed-account-7ac32db4e3484ce2dc22","278","2026-01-25","","","csvref-entry-6a7fe0c6ec7742f4fa30b7b8c71c8c25","tifeet","تيفيت","تيفيت: seed-account-960d86a1b65899e364b7 -> seed-account-7ac32db4e3484ce2dc22","0.00","0.25","0.00","0.29","0.00","0.25","6191.679399","0.00","1547.92","0.00","69.65","431250.47","6191.679397","tafyeet","tafkeet"
"كسر أفرنجي","seed-account-7ac32db4e3484ce2dc22","seed-account-7ac32db4e3484ce2dc22","279","2026-01-25","","","csvref-entry-645fe0d62344ad78645364ca816b0e37","tifeet","تيفيت","تيفيت: seed-account-7a7da1fd500bce293e8b -> seed-account-7ac32db4e3484ce2dc22","0.00","7.63","0.00","8.90","0.00","7.63","6191.679397","0.00","47242.51","0.00","62.02","384007.96","6191.679458","tafyeet","tafkeet"
"كسر أفرنجي","seed-account-7ac32db4e3484ce2dc22","seed-account-7ac32db4e3484ce2dc22","280","2026-01-25","","","csvref-entry-9c78cc505ee036e0eb1c221705ef12af","tifeet","تيفيت","تيفيت: seed-account-dd24b4d1f062d92a3e80 -> seed-account-7ac32db4e3484ce2dc22","0.00","0.92","0.00","1.07","0.00","0.92","6191.679458","0.00","5696.35","0.00","61.10","378311.61","6191.679378","tafyeet","tafkeet"
"كسر أفرنجي","seed-account-7ac32db4e3484ce2dc22","seed-account-7ac32db4e3484ce2dc22","283","2026-01-25","","","csvref-entry-29bc0abc6ef3bc09c1aebd69cca29470","tifeet","تيفيت","تيفيت: seed-account-cb5d499baa26a3db6f1c -> seed-account-7ac32db4e3484ce2dc22","0.00","2.55","0.00","2.98","0.00","2.55","6191.679378","0.00","15788.78","0.00","58.55","362522.83","6191.679419","tafyeet","tafkeet"
"كسر أفرنجي","seed-account-7ac32db4e3484ce2dc22","seed-account-7ac32db4e3484ce2dc22","284","2026-01-25","","","csvref-entry-5c1763815157a2fe55f07292eb9734a1","tifeet","تيفيت","تيفيت: seed-account-f7259c51816b3eca60b0 -> seed-account-7ac32db4e3484ce2dc22","0.00","11.61","0.00","13.55","0.00","11.61","6191.679419","0.00","71885.40","0.00","46.94","290637.43","6191.679378","tafyeet","tafkeet"
"كسر أفرنجي","seed-account-7ac32db4e3484ce2dc22","seed-account-7ac32db4e3484ce2dc22","292","2026-01-25","","","csvref-entry-cac36be3eac16924918b5608f6d8c79e","tifeet","تيفيت","تيفيت: seed-account-6b34c4189c5376f463c7 -> seed-account-7ac32db4e3484ce2dc22","0.00","0.84","0.00","0.98","0.00","0.84","6191.679378","0.00","5201.01","0.00","46.10","285436.42","6191.679393","tafyeet","tafkeet"
"كسر أفرنجي","seed-account-7ac32db4e3484ce2dc22","seed-account-7ac32db4e3484ce2dc22","293","2026-01-26","","","csvref-entry-e7794ee978066b72f76bdbc54ae70c28","purchase","شراء ذهب","شراء ذهب: seed-account-7ac32db4e3484ce2dc22 -> acct_non_inventory_001","0.15","0.00","0.18","0.00","0.15","0.00","6191.679393","950.00","0.00","0.00","46.25","286386.42","6192.138811","customer_purchase","inbound"
"كسر أفرنجي","seed-account-7ac32db4e3484ce2dc22","seed-account-7ac32db4e3484ce2dc22","295","2026-01-26","","","csvref-entry-c8ac5f0efa14310cab1e67e4cc56978b","purchase","شراء ذهب","شراء ذهب: seed-account-7ac32db4e3484ce2dc22 -> acct_non_inventory_001","1.02","0.00","1.19","0.00","1.02","0.00","6192.138811","6730.00","0.00","0.00","47.27","293116.42","6200.897398","customer_purchase","inbound"
"كسر أفرنجي","seed-account-7ac32db4e3484ce2dc22","seed-account-7ac32db4e3484ce2dc22","301","2026-01-26","","","csvref-entry-f4a246fa4116811bedd8105a4f906f59","purchase","شراء ذهب","شراء ذهب: seed-account-7ac32db4e3484ce2dc22 -> acct_non_inventory_001","1.33","0.00","1.55","0.00","1.33","0.00","6200.897398","8800.00","0.00","0.00","48.60","301916.42","6212.272016","customer_purchase","inbound"
"كسر أفرنجي","seed-account-7ac32db4e3484ce2dc22","seed-account-7ac32db4e3484ce2dc22","304","2026-01-27","","","csvref-entry-904237c6a0e3efbebb450ac2658906db","purchase","شراء ذهب","شراء ذهب: seed-account-7ac32db4e3484ce2dc22 -> acct_non_inventory_001","2.86","0.00","3.34","0.00","2.86","0.00","6212.272016","19150.00","0.00","0.00","51.46","321066.42","6239.145356","customer_purchase","inbound"
"كسر أفرنجي","seed-account-7ac32db4e3484ce2dc22","seed-account-7ac32db4e3484ce2dc22","315","2026-01-28","","","csvref-entry-b844e01a423726292c815a6d2b58beed","purchase","شراء ذهب","شراء ذهب: seed-account-7ac32db4e3484ce2dc22 -> acct_non_inventory_001","0.20","0.00","0.23","0.00","0.20","0.00","6239.145356","1340.00","0.00","0.00","51.66","322406.42","6240.929539","customer_purchase","inbound"
"كسر أفرنجي","seed-account-7ac32db4e3484ce2dc22","seed-account-7ac32db4e3484ce2dc22","321","2026-01-28","","","csvref-entry-0f16f9bf314a950dbb3cb488184f29a1","purchase","شراء ذهب","شراء ذهب: seed-account-7ac32db4e3484ce2dc22 -> acct_non_inventory_001","0.47","0.00","0.55","0.00","0.47","0.00","6240.929539","3115.00","0.00","0.00","52.13","325521.42","6244.416267","customer_purchase","inbound"
"كسر أفرنجي","seed-account-7ac32db4e3484ce2dc22","seed-account-7ac32db4e3484ce2dc22","323","2026-01-28","","","csvref-entry-0eb90ad5b4e8f3b07b5968682dcea674","purchase","شراء ذهب","شراء ذهب: seed-account-7ac32db4e3484ce2dc22 -> acct_non_inventory_001","0.22","0.00","0.26","0.00","0.22","0.00","6244.416267","1400.00","0.00","0.00","52.35","326921.42","6244.917287","customer_purchase","inbound"
"كسر أفرنجي","seed-account-7ac32db4e3484ce2dc22","seed-account-7ac32db4e3484ce2dc22","326","2026-01-30","","","csvref-entry-f8d8e6ab74112282acb64e2de314339d","purchase","شراء ذهب","شراء ذهب: seed-account-7ac32db4e3484ce2dc22 -> acct_non_inventory_001","1.11","0.00","1.30","0.00","1.11","0.00","6244.917287","7350.00","0.00","0.00","53.46","334271.42","6252.738870","customer_purchase","inbound"
"كسر أفرنجي","seed-account-7ac32db4e3484ce2dc22","seed-account-7ac32db4e3484ce2dc22","327","2026-01-30","","","csvref-entry-9024c00cc45797598769eca9efa6620f","purchase","شراء ذهب","شراء ذهب: seed-account-7ac32db4e3484ce2dc22 -> acct_non_inventory_001","0.43","0.00","0.50","0.00","0.43","0.00","6252.738870","2785.00","0.00","0.00","53.89","337056.42","6254.526257","customer_purchase","inbound"
"كسر أفرنجي","seed-account-7ac32db4e3484ce2dc22","seed-account-7ac32db4e3484ce2dc22","330","2026-01-30","","","csvref-entry-06659be19adc7df8c9aff5e70e20f6bf","purchase","شراء ذهب","شراء ذهب: seed-account-7ac32db4e3484ce2dc22 -> acct_non_inventory_001","2.44","0.00","2.85","0.00","2.44","0.00","6254.526257","16400.00","0.00","0.00","56.33","353456.42","6274.745606","customer_purchase","inbound"
"كسر أفرنجي","seed-account-7ac32db4e3484ce2dc22","seed-account-7ac32db4e3484ce2dc22","334","2026-01-30","","","csvref-entry-7cd91fd3585e3672d46a3706f160d9b4","purchase","شراء ذهب","شراء ذهب: seed-account-7ac32db4e3484ce2dc22 -> acct_non_inventory_001","2.07","0.00","2.42","0.00","2.07","0.00","6274.745606","14000.00","0.00","0.00","58.40","367456.42","6292.061986","customer_purchase","inbound"
"كسر أفرنجي","seed-account-7ac32db4e3484ce2dc22","seed-account-7ac32db4e3484ce2dc22","336","2026-01-30","","","csvref-entry-d5a9a863196f6821d28804decdf8dc1a","purchase","شراء ذهب","شراء ذهب: seed-account-7ac32db4e3484ce2dc22 -> acct_non_inventory_001","1.89","0.00","2.21","0.00","1.89","0.00","6292.061986","11000.00","0.00","0.00","60.29","378456.42","6277.266877","customer_purchase","inbound"
"كسر أفرنجي","seed-account-7ac32db4e3484ce2dc22","seed-account-7ac32db4e3484ce2dc22","337","2026-01-30","","","csvref-entry-fbceedcbb8def8fcdc68fdea5ca12d5a","purchase","شراء ذهب","شراء ذهب: seed-account-7ac32db4e3484ce2dc22 -> acct_non_inventory_001","1.71","0.00","2.00","0.00","1.71","0.00","6277.266877","11200.00","0.00","0.00","62.00","389656.42","6284.780968","customer_purchase","inbound"
"كسر أفرنجي","seed-account-7ac32db4e3484ce2dc22","seed-account-7ac32db4e3484ce2dc22","338","2026-01-30","","","csvref-entry-99ae9b66f124eba43bc35b4050d10edb","purchase","شراء ذهب","شراء ذهب: seed-account-7ac32db4e3484ce2dc22 -> acct_non_inventory_001","1.07","0.00","1.25","0.00","1.07","0.00","6284.780968","7300.00","0.00","0.00","63.07","396956.42","6293.902331","customer_purchase","inbound"
"كسر أفرنجي","seed-account-7ac32db4e3484ce2dc22","seed-account-7ac32db4e3484ce2dc22","355","2026-02-01","","","csvref-entry-a1d934acba6542009bcab223daa921e7","purchase","شراء ذهب","شراء ذهب: seed-account-7ac32db4e3484ce2dc22 -> acct_non_inventory_001","0.32","0.00","0.37","0.00","0.32","0.00","6293.902331","2060.00","0.00","0.00","63.39","399016.42","6294.627228","customer_purchase","inbound"
"كسر أفرنجي","seed-account-7ac32db4e3484ce2dc22","seed-account-7ac32db4e3484ce2dc22","361","2026-02-02","","","csvref-entry-68f9821888b5ba7da2ba9df01f95f378","purchase","شراء ذهب","شراء ذهب: seed-account-7ac32db4e3484ce2dc22 -> acct_non_inventory_001","1.63","0.00","1.90","0.00","1.63","0.00","6294.627228","10350.00","0.00","0.00","65.02","409366.42","6296.007690","customer_purchase","inbound"
"كسر أفرنجي","seed-account-7ac32db4e3484ce2dc22","seed-account-7ac32db4e3484ce2dc22","365","2026-02-02","","","csvref-entry-4eea29bb3321e2891e3eef72b2fb1805","purchase","شراء ذهب","شراء ذهب: seed-account-7ac32db4e3484ce2dc22 -> acct_non_inventory_001","0.48","0.00","0.56","0.00","0.48","0.00","6296.007690","3000.00","0.00","0.00","65.50","412366.42","6295.670534","customer_purchase","inbound"
"كسر أفرنجي","seed-account-7ac32db4e3484ce2dc22","seed-account-7ac32db4e3484ce2dc22","366","2026-02-02","","","csvref-entry-77669dae7c0cdf370976da840a6f5153","tifeet","تيفيت","تيفيت: seed-account-960d86a1b65899e364b7 -> seed-account-7ac32db4e3484ce2dc22","0.00","0.20","0.00","0.23","0.00","0.20","6295.670534","0.00","1259.13","0.00","65.30","411107.29","6295.670597","tafyeet","tafkeet"
"كسر أفرنجي","seed-account-7ac32db4e3484ce2dc22","seed-account-7ac32db4e3484ce2dc22","367","2026-02-02","","","csvref-entry-9e7f8dd88f15230c225c25440444f241","tifeet","تيفيت","تيفيت: seed-account-f7259c51816b3eca60b0 -> seed-account-7ac32db4e3484ce2dc22","0.00","4.86","0.00","5.67","0.00","4.86","6295.670597","0.00","30596.96","0.00","60.44","380510.33","6295.670582","tafyeet","tafkeet"
"كسر أفرنجي","seed-account-7ac32db4e3484ce2dc22","seed-account-7ac32db4e3484ce2dc22","368","2026-02-02","","","csvref-entry-f7738cd10182972f5be311bf939c3b33","tifeet","تيفيت","تيفيت: seed-account-abefcfd780de9b384dc5 -> seed-account-7ac32db4e3484ce2dc22","0.00","1.33","0.00","1.55","0.00","1.33","6295.670582","0.00","8373.24","0.00","59.11","372137.09","6295.670614","tafyeet","tafkeet"
"كسر أفرنجي","seed-account-7ac32db4e3484ce2dc22","seed-account-7ac32db4e3484ce2dc22","369","2026-02-02","","","csvref-entry-9b3d9b0c1d78f2c6f0df25302718d035","tifeet","تيفيت","تيفيت: seed-account-7a7da1fd500bce293e8b -> seed-account-7ac32db4e3484ce2dc22","0.00","1.05","0.00","1.22","0.00","1.05","6295.670614","0.00","6610.45","0.00","58.06","365526.64","6295.670685","tafyeet","tafkeet"
"كسر أفرنجي","seed-account-7ac32db4e3484ce2dc22","seed-account-7ac32db4e3484ce2dc22","370","2026-02-02","","","csvref-entry-9a431ae10c5251f5f6d5c6e3b0fde8c9","tifeet","تيفيت","تيفيت: seed-account-6b34c4189c5376f463c7 -> seed-account-7ac32db4e3484ce2dc22","0.00","3.96","0.00","4.62","0.00","3.96","6295.670685","0.00","24930.86","0.00","54.10","340595.78","6295.670610","tafyeet","tafkeet"
"كسر أفرنجي","seed-account-7ac32db4e3484ce2dc22","seed-account-7ac32db4e3484ce2dc22","372","2026-02-02","","","csvref-entry-3c8440b4a3c16da8a451dff8259343d5","tifeet","تيفيت","تيفيت: seed-account-cb5d499baa26a3db6f1c -> seed-account-7ac32db4e3484ce2dc22","0.00","6.31","0.00","7.36","0.00","6.31","6295.670610","0.00","39725.68","0.00","47.79","300870.10","6295.670642","tafyeet","tafkeet"
"كسر أفرنجي","seed-account-7ac32db4e3484ce2dc22","seed-account-7ac32db4e3484ce2dc22","375","2026-02-03","","","csvref-entry-e50f84e06726ec554daa776b2184f529","purchase","شراء ذهب","شراء ذهب: seed-account-7ac32db4e3484ce2dc22 -> acct_non_inventory_001","0.15","0.00","0.17","0.00","0.15","0.00","6295.670642","950.00","0.00","0.00","47.94","301820.10","6295.788486","customer_purchase","inbound"
"كسر أفرنجي","seed-account-7ac32db4e3484ce2dc22","seed-account-7ac32db4e3484ce2dc22","382","2026-02-03","","","csvref-entry-58c4b7e52f1a296f0e309442e9f7a497","purchase","شراء ذهب","شراء ذهب: seed-account-7ac32db4e3484ce2dc22 -> acct_non_inventory_001","2.79","0.00","3.26","0.00","2.79","0.00","6295.788486","18265.00","0.00","0.00","50.73","320085.10","6309.582101","customer_purchase","inbound"
"كسر أفرنجي","seed-account-7ac32db4e3484ce2dc22","seed-account-7ac32db4e3484ce2dc22","383","2026-02-03","","","csvref-entry-0fd4ec2ee7e806c69f131142b473a3db","tifeet","تيفيت","تيفيت: seed-account-888be625b60c2a8405b9 -> seed-account-7ac32db4e3484ce2dc22","0.00","8.98","0.00","10.48","0.00","8.98","6309.582101","0.00","56660.05","0.00","41.75","263425.05","6309.582036","tafyeet","tafkeet"
"كسر أفرنجي","seed-account-7ac32db4e3484ce2dc22","seed-account-7ac32db4e3484ce2dc22","388","2026-02-04","","","csvref-entry-1b620afa3df4596a85938ecadb893e15","purchase","شراء ذهب","شراء ذهب: seed-account-7ac32db4e3484ce2dc22 -> acct_non_inventory_001","1.94","0.00","2.26","0.00","1.94","0.00","6309.582036","12600.00","0.00","0.00","43.69","276025.05","6317.808423","customer_purchase","inbound"
"كسر أفرنجي","seed-account-7ac32db4e3484ce2dc22","seed-account-7ac32db4e3484ce2dc22","389","2026-02-04","","","csvref-entry-aebc19c468e5c7ca54b715948b90b5ba","purchase","شراء ذهب","شراء ذهب: seed-account-7ac32db4e3484ce2dc22 -> acct_non_inventory_001","2.73","0.00","3.18","0.00","2.73","0.00","6317.808423","17700.00","0.00","0.00","46.42","293725.05","6327.553856","customer_purchase","inbound"
"كسر أفرنجي","seed-account-7ac32db4e3484ce2dc22","seed-account-7ac32db4e3484ce2dc22","390","2026-02-04","","","csvref-entry-53210f664cd5d6b4f1e3bdcab5867dbd","purchase","شراء ذهب","شراء ذهب: seed-account-7ac32db4e3484ce2dc22 -> acct_non_inventory_001","2.06","0.00","2.40","0.00","2.06","0.00","6327.553856","13400.00","0.00","0.00","48.48","307125.05","6335.087665","customer_purchase","inbound"
"كسر أفرنجي","seed-account-7ac32db4e3484ce2dc22","seed-account-7ac32db4e3484ce2dc22","392","2026-02-04","","","csvref-entry-b1ea783a6eb68853a6cc6359ed647325","purchase","شراء ذهب","شراء ذهب: seed-account-7ac32db4e3484ce2dc22 -> acct_non_inventory_001","0.39","0.00","0.46","0.00","0.39","0.00","6335.087665","2500.00","0.00","0.00","48.87","309625.05","6335.687538","customer_purchase","inbound"
"كسر أفرنجي","seed-account-7ac32db4e3484ce2dc22","seed-account-7ac32db4e3484ce2dc22","401","2026-02-05","","","csvref-entry-cc99bfcddf339feadb7b7435cbdeec6e","purchase","شراء ذهب","شراء ذهب: seed-account-7ac32db4e3484ce2dc22 -> acct_non_inventory_001","0.55","0.00","0.64","0.00","0.55","0.00","6335.687538","3530.00","0.00","0.00","49.42","313155.05","6336.605625","customer_purchase","inbound"
"كسر أفرنجي","seed-account-7ac32db4e3484ce2dc22","seed-account-7ac32db4e3484ce2dc22","402","2026-02-05","","","csvref-entry-06534f06ea9c75c961765811698423c5","tifeet","تيفيت","تيفيت: seed-account-6b34c4189c5376f463c7 -> seed-account-7ac32db4e3484ce2dc22","0.00","0.48","0.00","0.56","0.00","0.48","6336.605625","0.00","3041.57","0.00","48.94","310113.48","6336.605640","tafyeet","tafkeet"
"كسر أفرنجي","seed-account-7ac32db4e3484ce2dc22","seed-account-7ac32db4e3484ce2dc22","403","2026-02-05","","","csvref-entry-eb89ee700f523ea83e617ccda292d023","tifeet","تيفيت","تيفيت: seed-account-cb5d499baa26a3db6f1c -> seed-account-7ac32db4e3484ce2dc22","0.00","2.79","0.00","3.26","0.00","2.79","6336.605640","0.00","17679.13","0.00","46.15","292434.35","6336.605634","tafyeet","tafkeet"
"كسر أفرنجي","seed-account-7ac32db4e3484ce2dc22","seed-account-7ac32db4e3484ce2dc22","404","2026-02-05","","","csvref-entry-1be294d417e4bf845b91a105ac496d4b","tifeet","تيفيت","تيفيت: seed-account-f7259c51816b3eca60b0 -> seed-account-7ac32db4e3484ce2dc22","0.00","1.18","0.00","1.38","0.00","1.18","6336.605634","0.00","7477.19","0.00","44.97","284957.16","6336.605737","tafyeet","tafkeet"
"كسر أفرنجي","seed-account-7ac32db4e3484ce2dc22","seed-account-7ac32db4e3484ce2dc22","405","2026-02-05","","","csvref-entry-b173b9b47f30ca048615192cf31bf7ad","merchant_settlement","حساب تاجر ذهب","حساب تاجر ذهب: acct_non_inventory_040 -> seed-account-7ac32db4e3484ce2dc22","0.00","25.69","0.00","29.97","0.00","25.69","6336.605737","0.00","0.00","0.00","19.28","284957.16","14779.935685","merchant_delivery","other"
"كسر أفرنجي","seed-account-7ac32db4e3484ce2dc22","seed-account-7ac32db4e3484ce2dc22","406","2026-02-05","","","csvref-entry-4a472f6be24247fa357433aab78ba7cd","tifeet","تيفيت","تيفيت: seed-account-d6d361a10f6d7735f5a2 -> seed-account-7ac32db4e3484ce2dc22","0.00","0.17","0.00","0.20","0.00","0.17","14779.935685","0.00","2512.59","0.00","19.11","282444.57","14779.935636","tafyeet","tafkeet"
"كسر أفرنجي","seed-account-7ac32db4e3484ce2dc22","seed-account-7ac32db4e3484ce2dc22","410","2026-02-05","","","csvref-entry-566bcc472ed975f67fd7b25b2297ce77","tifeet","تيفيت","تيفيت: seed-account-7a7da1fd500bce293e8b -> seed-account-7ac32db4e3484ce2dc22","0.00","3.60","0.00","4.20","0.00","3.60","14779.935636","0.00","53207.77","0.00","15.51","229236.80","14779.935525","tafyeet","tafkeet"
"كسر أفرنجي","seed-account-7ac32db4e3484ce2dc22","seed-account-7ac32db4e3484ce2dc22","411","2026-02-05","","","csvref-entry-9b6b762a4fbeca33b80598ba51f3e65a","tifeet","تيفيت","تيفيت: seed-account-3d2cf6d12174291e9009 -> seed-account-7ac32db4e3484ce2dc22","0.00","0.15","0.00","0.17","0.00","0.15","14779.935525","0.00","2216.99","0.00","15.36","227019.81","14779.935547","tafyeet","tafkeet"
"كسر أفرنجي","seed-account-7ac32db4e3484ce2dc22","seed-account-7ac32db4e3484ce2dc22","413","2026-02-06","","","csvref-entry-ba46964cafa46d6de31531279ca43a8e","purchase","شراء ذهب","شراء ذهب: seed-account-7ac32db4e3484ce2dc22 -> acct_non_inventory_001","1.54","0.00","1.80","0.00","1.54","0.00","14779.935547","10000.00","0.00","0.00","16.90","237019.81","14024.840828","customer_purchase","inbound"
"كسر أفرنجي","seed-account-7ac32db4e3484ce2dc22","seed-account-7ac32db4e3484ce2dc22","417","2026-02-06","","","csvref-entry-35c73ee56214b5466a92760aa0b934e2","purchase","شراء ذهب","شراء ذهب: seed-account-7ac32db4e3484ce2dc22 -> acct_non_inventory_001","1.34","0.00","1.56","0.00","1.34","0.00","14024.840828","8500.00","0.00","0.00","18.24","245519.81","13460.515899","customer_purchase","inbound"
"كسر أفرنجي","seed-account-7ac32db4e3484ce2dc22","seed-account-7ac32db4e3484ce2dc22","423","2026-02-06","","","csvref-entry-a3f453a03547ccf65363740f5251761f","purchase","شراء ذهب","شراء ذهب: seed-account-7ac32db4e3484ce2dc22 -> acct_non_inventory_001","2.86","0.00","3.34","0.00","2.86","0.00","13460.515899","18300.00","0.00","0.00","21.10","263819.81","12503.308531","customer_purchase","inbound"
"كسر أفرنجي","seed-account-7ac32db4e3484ce2dc22","seed-account-7ac32db4e3484ce2dc22","428","2026-02-07","","","csvref-entry-f77e52fd6e281e01b60210fe4a68a8ab","purchase","شراء ذهب","شراء ذهب: seed-account-7ac32db4e3484ce2dc22 -> acct_non_inventory_001","1.37","0.00","1.60","0.00","1.37","0.00","12503.308531","8915.00","0.00","0.00","22.47","272734.81","12137.730752","customer_purchase","inbound"
"كسر أفرنجي","seed-account-7ac32db4e3484ce2dc22","seed-account-7ac32db4e3484ce2dc22","431","2026-02-08","","","csvref-entry-c97dd9eaeae106b5356d86cd825f5759","purchase","شراء ذهب","شراء ذهب: seed-account-7ac32db4e3484ce2dc22 -> acct_non_inventory_001","3.43","0.00","4.00","0.00","3.43","0.00","12137.730752","22300.00","0.00","0.00","25.90","295034.81","11391.305405","customer_purchase","inbound"
"كسر أفرنجي","seed-account-7ac32db4e3484ce2dc22","seed-account-7ac32db4e3484ce2dc22","437","2026-02-08","","","csvref-entry-2af6c52c1193754beb7cb0b684b4d48f","purchase","شراء ذهب","شراء ذهب: seed-account-7ac32db4e3484ce2dc22 -> acct_non_inventory_001","4.76","0.00","5.55","0.00","4.76","0.00","11391.305405","30900.00","0.00","0.00","30.66","325934.81","10630.620026","customer_purchase","inbound"
"كسر أفرنجي","seed-account-7ac32db4e3484ce2dc22","seed-account-7ac32db4e3484ce2dc22","441","2026-02-08","","","csvref-entry-655b7c38d4b9495172697244e19a741d","purchase","شراء ذهب","شراء ذهب: seed-account-7ac32db4e3484ce2dc22 -> acct_non_inventory_001","1.63","0.00","1.90","0.00","1.63","0.00","10630.620026","10500.00","0.00","0.00","32.29","336434.81","10419.164138","customer_purchase","inbound"
"كسر أفرنجي","seed-account-7ac32db4e3484ce2dc22","seed-account-7ac32db4e3484ce2dc22","442","2026-02-08","","","csvref-entry-1b8d9bd10b5bfa0df27a4dd2e7dbc907","tifeet","تيفيت","تيفيت: seed-account-abefcfd780de9b384dc5 -> seed-account-7ac32db4e3484ce2dc22","0.00","3.81","0.00","4.45","0.00","3.81","10419.164138","0.00","39697.02","0.00","28.48","296737.79","10419.163975","tafyeet","tafkeet"
"كسر أفرنجي","seed-account-7ac32db4e3484ce2dc22","seed-account-7ac32db4e3484ce2dc22","443","2026-02-08","","","csvref-entry-97fadbff15dceb21a2a389755e1160a6","tifeet","تيفيت","تيفيت: seed-account-6b34c4189c5376f463c7 -> seed-account-7ac32db4e3484ce2dc22","0.00","1.85","0.00","2.16","0.00","1.85","10419.163975","0.00","19275.45","0.00","26.63","277462.34","10419.164101","tafyeet","tafkeet"
"كسر أفرنجي","seed-account-7ac32db4e3484ce2dc22","seed-account-7ac32db4e3484ce2dc22","444","2026-02-08","","","csvref-entry-89307f3c94929e72aaf11681200ca5cd","tifeet","تيفيت","تيفيت: seed-account-7a7da1fd500bce293e8b -> seed-account-7ac32db4e3484ce2dc22","0.00","0.53","0.00","0.62","0.00","0.53","10419.164101","0.00","5522.16","0.00","26.10","271940.18","10419.163985","tafyeet","tafkeet"
"كسر أفرنجي","seed-account-7ac32db4e3484ce2dc22","seed-account-7ac32db4e3484ce2dc22","445","2026-02-08","","","csvref-entry-ae9088f58dac4ee3e165eb9d4c98e9ea","tifeet","تيفيت","تيفيت: seed-account-f7259c51816b3eca60b0 -> seed-account-7ac32db4e3484ce2dc22","0.00","7.20","0.00","8.40","0.00","7.20","10419.163985","0.00","75017.98","0.00","18.90","196922.20","10419.164021","tafyeet","tafkeet"
"كسر أفرنجي","seed-account-7ac32db4e3484ce2dc22","seed-account-7ac32db4e3484ce2dc22","448","2026-02-09","","","csvref-entry-f5d66350efb061474378d3dafb16f55f","purchase","شراء ذهب","شراء ذهب: seed-account-7ac32db4e3484ce2dc22 -> acct_non_inventory_001","0.35","0.00","0.41","0.00","0.35","0.00","10419.164021","2260.00","0.00","0.00","19.25","199182.20","10347.127273","customer_purchase","inbound"
"كسر أفرنجي","seed-account-7ac32db4e3484ce2dc22","seed-account-7ac32db4e3484ce2dc22","450","2026-02-09","","","csvref-entry-b7c2cd4c56630644ac1f49ecbd9498f8","purchase","شراء ذهب","شراء ذهب: seed-account-7ac32db4e3484ce2dc22 -> acct_non_inventory_001","1.02","0.00","1.19","0.00","1.02","0.00","10347.127273","6675.00","0.00","0.00","20.27","205857.20","10155.757277","customer_purchase","inbound"
"كسر أفرنجي","seed-account-7ac32db4e3484ce2dc22","seed-account-7ac32db4e3484ce2dc22","451","2026-02-09","","","csvref-entry-3d902e7057c507413e9007caf93eba0e","purchase","شراء ذهب","شراء ذهب: seed-account-7ac32db4e3484ce2dc22 -> acct_non_inventory_001","1.27","0.00","1.48","0.00","1.27","0.00","10155.757277","8310.00","0.00","0.00","21.54","214167.20","9942.766945","customer_purchase","inbound"
"كسر أفرنجي","seed-account-7ac32db4e3484ce2dc22","seed-account-7ac32db4e3484ce2dc22","452","2026-02-09","","","csvref-entry-77ccc64685ff2e14f96ddb699f928d79","purchase","شراء ذهب","شراء ذهب: seed-account-7ac32db4e3484ce2dc22 -> acct_non_inventory_001","5.39","0.00","6.29","0.00","5.39","0.00","9942.766945","35500.00","0.00","0.00","26.93","249667.20","9270.969179","customer_purchase","inbound"
"كسر أفرنجي","seed-account-7ac32db4e3484ce2dc22","seed-account-7ac32db4e3484ce2dc22","453","2026-02-09","","","csvref-entry-fbd5a16aba66302be304b9c92798d733","purchase","شراء ذهب","شراء ذهب: seed-account-7ac32db4e3484ce2dc22 -> acct_non_inventory_001","3.39","0.00","3.95","0.00","3.39","0.00","9270.969179","22150.00","0.00","0.00","30.32","271817.20","8964.947230","customer_purchase","inbound"
"كسر أفرنجي","seed-account-7ac32db4e3484ce2dc22","seed-account-7ac32db4e3484ce2dc22","457","2026-02-10","","","csvref-entry-47b779b31a06d76aa24d485b672c86cf","purchase","شراء ذهب","شراء ذهب: seed-account-7ac32db4e3484ce2dc22 -> acct_non_inventory_001","0.46","0.00","0.54","0.00","0.46","0.00","8964.947230","3020.00","0.00","0.00","30.78","274837.20","8929.083821","customer_purchase","inbound"
"كسر أفرنجي","seed-account-7ac32db4e3484ce2dc22","seed-account-7ac32db4e3484ce2dc22","465","2026-02-11","","","csvref-entry-5f2744f7a3218dd7496f5ebc2cb914f4","purchase","شراء ذهب","شراء ذهب: seed-account-7ac32db4e3484ce2dc22 -> acct_non_inventory_001","5.49","0.00","6.40","0.00","5.49","0.00","8929.083821","36200.00","0.00","0.00","36.27","311037.20","8575.605183","customer_purchase","inbound"
"كسر أفرنجي","seed-account-7ac32db4e3484ce2dc22","seed-account-7ac32db4e3484ce2dc22","468","2026-02-13","","","csvref-entry-1a5eca1bbcab0cef0e1c25e75a2ecb55","purchase","شراء ذهب","شراء ذهب: seed-account-7ac32db4e3484ce2dc22 -> acct_non_inventory_001","2.21","0.00","2.58","0.00","2.21","0.00","8575.605183","14300.00","0.00","0.00","38.48","325337.20","8454.708940","customer_purchase","inbound"
"كسر أفرنجي","seed-account-7ac32db4e3484ce2dc22","seed-account-7ac32db4e3484ce2dc22","475","2026-02-13","","","csvref-entry-54c6ac02e4661cd45b4d33fb8f638566","purchase","شراء ذهب","شراء ذهب: seed-account-7ac32db4e3484ce2dc22 -> acct_non_inventory_001","2.13","0.00","2.49","0.00","2.13","0.00","8454.708940","13900.00","0.00","0.00","40.61","339237.20","8353.538537","customer_purchase","inbound"
"كسر أفرنجي","seed-account-7ac32db4e3484ce2dc22","seed-account-7ac32db4e3484ce2dc22","476","2026-02-13","","","csvref-entry-eb1d422c0d4fc7acbfd72f4657442223","purchase","شراء ذهب","شراء ذهب: seed-account-7ac32db4e3484ce2dc22 -> acct_non_inventory_001","2.77","0.00","3.23","0.00","2.77","0.00","8353.538537","18000.00","0.00","0.00","43.38","357237.20","8235.066851","customer_purchase","inbound"
"كسر أفرنجي","seed-account-7ac32db4e3484ce2dc22","seed-account-7ac32db4e3484ce2dc22","477","2026-02-14","","","csvref-entry-11d017dc19056dc88d67d97fc1c418b7","purchase","شراء ذهب","شراء ذهب: seed-account-7ac32db4e3484ce2dc22 -> acct_non_inventory_001","4.97","0.00","5.80","0.00","4.97","0.00","8235.066851","32600.00","0.00","0.00","48.35","389837.20","8062.816960","customer_purchase","inbound"
"كسر أفرنجي","seed-account-7ac32db4e3484ce2dc22","seed-account-7ac32db4e3484ce2dc22","479","2026-02-14","","","csvref-entry-13a142fb077e9215335d6748867961da","purchase","شراء ذهب","شراء ذهب: seed-account-7ac32db4e3484ce2dc22 -> acct_non_inventory_001","0.39","0.00","0.45","0.00","0.39","0.00","8062.816960","2500.00","0.00","0.00","48.74","392337.20","8049.593763","customer_purchase","inbound"
"كسر أفرنجي","seed-account-7ac32db4e3484ce2dc22","seed-account-7ac32db4e3484ce2dc22","480","2026-02-14","","","csvref-entry-abd0b4cb0ad66cc6e95f65a198178e50","purchase","شراء ذهب","شراء ذهب: seed-account-7ac32db4e3484ce2dc22 -> acct_non_inventory_001","4.67","0.00","5.45","0.00","4.67","0.00","8049.593763","30600.00","0.00","0.00","53.41","422937.20","7918.689384","customer_purchase","inbound"
"كسر أفرنجي","seed-account-7ac32db4e3484ce2dc22","seed-account-7ac32db4e3484ce2dc22","481","2026-02-14","","","csvref-entry-f79fcb0e198f150041b7176825424047","purchase","شراء ذهب","شراء ذهب: seed-account-7ac32db4e3484ce2dc22 -> acct_non_inventory_001","0.54","0.00","0.63","0.00","0.54","0.00","7918.689384","3500.00","0.00","0.00","53.95","426437.20","7904.303985","customer_purchase","inbound"
"كسر أفرنجي","seed-account-7ac32db4e3484ce2dc22","seed-account-7ac32db4e3484ce2dc22","484","2026-02-14","","","csvref-entry-71b4f7896d0be6e1250ffbeeb4ee3482","purchase","شراء ذهب","شراء ذهب: seed-account-7ac32db4e3484ce2dc22 -> acct_non_inventory_001","0.14","0.00","0.16","0.00","0.14","0.00","7904.303985","770.00","0.00","0.00","54.09","427207.20","7898.080976","customer_purchase","inbound"
"كسر أفرنجي","seed-account-7ac32db4e3484ce2dc22","seed-account-7ac32db4e3484ce2dc22","485","2026-02-14","","","csvref-entry-209df19865b36541976fa2fed16d8a1d","purchase","شراء ذهب","شراء ذهب: seed-account-7ac32db4e3484ce2dc22 -> acct_non_inventory_001","1.29","0.00","1.50","0.00","1.29","0.00","7898.080976","8500.00","0.00","0.00","55.38","435707.20","7867.591188","customer_purchase","inbound"
"كسر أفرنجي","seed-account-7ac32db4e3484ce2dc22","seed-account-7ac32db4e3484ce2dc22","488","2026-02-14","","","csvref-entry-13a81e10e3511aab3cf281c7f79bd87c","purchase","شراء ذهب","شراء ذهب: seed-account-7ac32db4e3484ce2dc22 -> acct_non_inventory_001","0.86","0.00","1.00","0.00","0.86","0.00","7867.591188","5615.00","0.00","0.00","56.24","441322.20","7847.123044","customer_purchase","inbound"
"كسر أفرنجي","seed-account-7ac32db4e3484ce2dc22","seed-account-7ac32db4e3484ce2dc22","491","2026-02-14","","","csvref-entry-f00074ce7ddc0d86c763ab048fc6e7f3","purchase","شراء ذهب","شراء ذهب: seed-account-7ac32db4e3484ce2dc22 -> acct_non_inventory_001","4.24","0.00","4.95","0.00","4.24","0.00","7847.123044","27800.00","0.00","0.00","60.48","469122.20","7756.650132","customer_purchase","inbound"
"كسر أفرنجي","seed-account-7ac32db4e3484ce2dc22","seed-account-7ac32db4e3484ce2dc22","493","2026-02-14","","","csvref-entry-68387de15524b6b2538b87aff9b317c8","purchase","شراء ذهب","شراء ذهب: seed-account-7ac32db4e3484ce2dc22 -> acct_non_inventory_001","0.57","0.00","0.67","0.00","0.57","0.00","7756.650132","3750.00","0.00","0.00","61.05","472872.20","7745.654382","customer_purchase","inbound"
"كسر أفرنجي","seed-account-7ac32db4e3484ce2dc22","seed-account-7ac32db4e3484ce2dc22","494","2026-02-14","","","csvref-entry-d0a1514d4c7e4dbbd2801c82ccce3a56","sale","بيع ذهب","بيع ذهب: acct_non_inventory_001 -> seed-account-7ac32db4e3484ce2dc22","0.00","1.40","0.00","1.63","0.00","1.40","7745.654382","0.00","10843.92","0.00","59.65","462028.28","7745.654317","sale","outbound"
"كسر أفرنجي","seed-account-7ac32db4e3484ce2dc22","seed-account-7ac32db4e3484ce2dc22","497","2026-02-15","","","csvref-entry-c65c471a755e518086c9981102955ffa","purchase","شراء ذهب","شراء ذهب: seed-account-7ac32db4e3484ce2dc22 -> acct_non_inventory_001","1.17","0.00","1.37","0.00","1.17","0.00","7745.654317","7690.00","0.00","0.00","60.82","469718.28","7723.089115","customer_purchase","inbound"
"كسر أفرنجي","seed-account-7ac32db4e3484ce2dc22","seed-account-7ac32db4e3484ce2dc22","500","2026-02-15","","","csvref-entry-3ce8359fdfcc1afc700a30ae62da0128","purchase","شراء ذهب","شراء ذهب: seed-account-7ac32db4e3484ce2dc22 -> acct_non_inventory_001","0.30","0.00","0.35","0.00","0.30","0.00","7723.089115","1920.00","0.00","0.00","61.12","471638.28","7716.594895","customer_purchase","inbound"
"كسر أفرنجي","seed-account-7ac32db4e3484ce2dc22","seed-account-7ac32db4e3484ce2dc22","504","2026-02-15","","","csvref-entry-47c1537ad70e74336290f2462d4e16ea","purchase","شراء ذهب","شراء ذهب: seed-account-7ac32db4e3484ce2dc22 -> acct_non_inventory_001","2.57","0.00","3.00","0.00","2.57","0.00","7716.594895","16700.00","0.00","0.00","63.69","488338.28","7667.424713","customer_purchase","inbound"
"كسر أفرنجي","seed-account-7ac32db4e3484ce2dc22","seed-account-7ac32db4e3484ce2dc22","505","2026-02-15","","","csvref-entry-26386462b08d2e999b42949405b9b97b","purchase","شراء ذهب","شراء ذهب: seed-account-7ac32db4e3484ce2dc22 -> acct_non_inventory_001","0.39","0.00","0.46","0.00","0.39","0.00","7667.424713","2550.00","0.00","0.00","64.08","490888.28","7660.553683","customer_purchase","inbound"
"كسر أفرنجي","seed-account-7ac32db4e3484ce2dc22","seed-account-7ac32db4e3484ce2dc22","510","2026-02-16","","","csvref-entry-e0990d16947c485517b147c37757c272","adjustment","تسوية","تسوية: seed-account-7ac32db4e3484ce2dc22 -> acct_non_inventory_056","0.98","0.00","1.14","0.00","0.98","0.00","7660.553683","7507.34","0.00","7507.34","65.06","498395.62","7660.553643","surplus","adjustment"
"كسر أفرنجي","seed-account-7ac32db4e3484ce2dc22","seed-account-7ac32db4e3484ce2dc22","511","2026-02-16","","","csvref-entry-bc72e8107e8f31955541ccbdf9bfae9e","purchase","شراء ذهب","شراء ذهب: seed-account-7ac32db4e3484ce2dc22 -> acct_non_inventory_001","0.93","0.00","1.08","0.00","0.93","0.00","7660.553643","5875.00","0.00","0.00","65.99","504270.62","7641.621761","customer_purchase","inbound"
"كسر أفرنجي","seed-account-7ac32db4e3484ce2dc22","seed-account-7ac32db4e3484ce2dc22","512","2026-02-16","","","csvref-entry-919b80dc866030035076c40e66d84f46","purchase","شراء ذهب","شراء ذهب: seed-account-7ac32db4e3484ce2dc22 -> acct_non_inventory_001","1.77","0.00","2.07","0.00","1.77","0.00","7641.621761","11450.00","0.00","0.00","67.76","515720.62","7610.989079","customer_purchase","inbound"
"كسر أفرنجي","seed-account-7ac32db4e3484ce2dc22","seed-account-7ac32db4e3484ce2dc22","513","2026-02-16","","","csvref-entry-a2235eda5a0c0775cac2e8cb62ad675a","tifeet","تيفيت","تيفيت: seed-account-d37d8b76e6ed91e88626 -> seed-account-7ac32db4e3484ce2dc22","0.00","0.64","0.00","0.75","0.00","0.64","7610.989079","0.00","4871.03","0.00","67.12","510849.59","7610.989124","tafyeet","tafkeet"
"كسر أفرنجي","seed-account-7ac32db4e3484ce2dc22","seed-account-7ac32db4e3484ce2dc22","514","2026-02-16","","","csvref-entry-4901f403fffe5abdd28ddd5d5b1ef587","tifeet","تيفيت","تيفيت: seed-account-6b34c4189c5376f463c7 -> seed-account-7ac32db4e3484ce2dc22","0.00","0.93","0.00","1.09","0.00","0.93","7610.989124","0.00","7078.22","0.00","66.19","503771.37","7610.989122","tafyeet","tafkeet"
"كسر أفرنجي","seed-account-7ac32db4e3484ce2dc22","seed-account-7ac32db4e3484ce2dc22","515","2026-02-16","","","csvref-entry-81c999009390685b0a21586251f7ee86","tifeet","تيفيت","تيفيت: seed-account-7a7da1fd500bce293e8b -> seed-account-7ac32db4e3484ce2dc22","0.00","0.87","0.00","1.02","0.00","0.87","7610.989122","0.00","6621.56","0.00","65.32","497149.81","7610.989130","tafyeet","tafkeet"
"كسر أفرنجي","seed-account-7ac32db4e3484ce2dc22","seed-account-7ac32db4e3484ce2dc22","518","2026-02-16","","","csvref-entry-91fdc2967c073c2d157567875962a84c","tifeet","تيفيت","تيفيت: seed-account-f7259c51816b3eca60b0 -> seed-account-7ac32db4e3484ce2dc22","0.00","2.58","0.00","3.01","0.00","2.58","7610.989130","0.00","19636.35","0.00","62.74","477513.46","7610.989162","tafyeet","tafkeet"
"كسر أفرنجي","seed-account-7ac32db4e3484ce2dc22","seed-account-7ac32db4e3484ce2dc22","522","2026-02-16","","","csvref-entry-c77e7f59ce75a1c5bcfe478bbd8f2c39","tifeet","تيفيت","تيفيت: seed-account-cb5d499baa26a3db6f1c -> seed-account-7ac32db4e3484ce2dc22","0.00","4.18","0.00","4.88","0.00","4.18","7610.989162","0.00","31813.93","0.00","58.56","445699.53","7610.989242","tafyeet","tafkeet"
"كسر أفرنجي","seed-account-7ac32db4e3484ce2dc22","seed-account-7ac32db4e3484ce2dc22","525","2026-02-16","","","csvref-entry-517f67d7895ea24e505b6790174024e2","tifeet","تيفيت","تيفيت: seed-account-3d2cf6d12174291e9009 -> seed-account-7ac32db4e3484ce2dc22","0.00","7.83","0.00","9.14","0.00","7.83","7610.989242","0.00","59594.05","0.00","50.73","386105.48","7610.989158","tafyeet","tafkeet"
"كسر أفرنجي","seed-account-7ac32db4e3484ce2dc22","seed-account-7ac32db4e3484ce2dc22","527","2026-02-16","","","csvref-entry-625560284da178cea03df82cd87857e4","tifeet","تيفيت","تيفيت: seed-account-abefcfd780de9b384dc5 -> seed-account-7ac32db4e3484ce2dc22","0.00","8.55","0.00","9.98","0.00","8.55","7610.989158","0.00","65073.96","0.00","42.18","321031.52","7610.989094","tafyeet","tafkeet"
"كسر أفرنجي","seed-account-7ac32db4e3484ce2dc22","seed-account-7ac32db4e3484ce2dc22","528","2026-02-16","","","csvref-entry-2024d024f81d0ec3a3c2d9d6d7377bbb","tifeet","تيفيت","تيفيت: seed-account-960d86a1b65899e364b7 -> seed-account-7ac32db4e3484ce2dc22","0.00","0.57","0.00","0.67","0.00","0.57","7610.989094","0.00","4338.26","0.00","41.61","316693.26","7610.989185","tafyeet","tafkeet"
"كسر أفرنجي","seed-account-7ac32db4e3484ce2dc22","seed-account-7ac32db4e3484ce2dc22","533","2026-02-17","","","csvref-entry-84e8f75a92212720b29d5adcbac810e1","purchase","شراء ذهب","شراء ذهب: seed-account-7ac32db4e3484ce2dc22 -> acct_non_inventory_001","1.04","0.00","1.21","0.00","1.04","0.00","7610.989185","6650.00","0.00","0.00","42.65","323343.26","7581.319109","customer_purchase","inbound"
"كسر أفرنجي","seed-account-7ac32db4e3484ce2dc22","seed-account-7ac32db4e3484ce2dc22","540","2026-02-17","","","csvref-entry-ad0929f529778ca4ff4bfdf411f83de2","purchase","شراء ذهب","شراء ذهب: seed-account-7ac32db4e3484ce2dc22 -> acct_non_inventory_001","1.29","0.00","1.50","0.00","1.29","0.00","7581.319109","8200.00","0.00","0.00","43.94","331543.26","7545.363223","customer_purchase","inbound"
"كسر أفرنجي","seed-account-7ac32db4e3484ce2dc22","seed-account-7ac32db4e3484ce2dc22","542","2026-02-17","","","csvref-entry-08131c12b0d5b16e59108746ffabff0e","purchase","شراء ذهب","شراء ذهب: seed-account-7ac32db4e3484ce2dc22 -> acct_non_inventory_001","0.21","0.00","0.24","0.00","0.21","0.00","7545.363223","1310.00","0.00","0.00","44.15","332853.26","7539.145187","customer_purchase","inbound"
"كسر أفرنجي","seed-account-7ac32db4e3484ce2dc22","seed-account-7ac32db4e3484ce2dc22","543","2026-02-17","","","csvref-entry-07c5c73299cf010579209734c8bd5609","merchant_settlement","حساب تاجر ذهب","حساب تاجر ذهب: acct_non_inventory_042 -> seed-account-7ac32db4e3484ce2dc22","0.00","2.14","0.00","2.50","0.00","2.14","7539.145187","0.00","0.00","0.00","42.01","332853.26","7923.191145","merchant_delivery","other"
"كسر أفرنجي","seed-account-7ac32db4e3484ce2dc22","seed-account-7ac32db4e3484ce2dc22","544","2026-02-18","","","csvref-entry-26a11058586705d687bd9d67c128f73d","purchase","شراء ذهب","شراء ذهب: seed-account-7ac32db4e3484ce2dc22 -> acct_non_inventory_001","0.51","0.00","0.60","0.00","0.51","0.00","7923.191145","3340.00","0.00","0.00","42.52","336193.26","7906.708843","customer_purchase","inbound"
"كسر أفرنجي","seed-account-7ac32db4e3484ce2dc22","seed-account-7ac32db4e3484ce2dc22","545","2026-02-18","","","csvref-entry-caa939853769ad6bfec1801a718f7d58","purchase","شراء ذهب","شراء ذهب: seed-account-7ac32db4e3484ce2dc22 -> acct_non_inventory_001","0.41","0.00","0.48","0.00","0.41","0.00","7906.708843","2675.00","0.00","0.00","42.93","338868.26","7893.507105","customer_purchase","inbound"
"كسر أفرنجي","seed-account-7ac32db4e3484ce2dc22","seed-account-7ac32db4e3484ce2dc22","546","2026-02-18","","","csvref-entry-0268f98277a331511bb36d6b11f4bc5c","purchase","شراء ذهب","شراء ذهب: seed-account-7ac32db4e3484ce2dc22 -> acct_non_inventory_001","3.03","0.00","3.53","0.00","3.03","0.00","7893.507105","19665.00","0.00","0.00","45.96","358533.26","7800.984769","customer_purchase","inbound"
"كسر أفرنجي","seed-account-7ac32db4e3484ce2dc22","seed-account-7ac32db4e3484ce2dc22","552","2026-02-19","","","csvref-entry-20a682933aab65f6a54dc0cba28ef565","purchase","شراء ذهب","شراء ذهب: seed-account-7ac32db4e3484ce2dc22 -> acct_non_inventory_001","1.76","0.00","2.05","0.00","1.76","0.00","7800.984769","11420.00","0.00","0.00","47.72","369953.26","7752.582984","customer_purchase","inbound"
"كسر أفرنجي","seed-account-7ac32db4e3484ce2dc22","seed-account-7ac32db4e3484ce2dc22","553","2026-02-19","","","csvref-entry-3147c48a32612a4f87e42dd80d69b762","purchase","شراء ذهب","شراء ذهب: seed-account-7ac32db4e3484ce2dc22 -> acct_non_inventory_001","0.93","0.00","1.09","0.00","0.93","0.00","7752.582984","6250.00","0.00","0.00","48.65","376203.26","7732.852210","customer_purchase","inbound"
"كسر أفرنجي","seed-account-7ac32db4e3484ce2dc22","seed-account-7ac32db4e3484ce2dc22","554","2026-02-19","","","csvref-entry-1c7fbb87ab7a48df22b8f6fd22823ac1","purchase","شراء ذهب","شراء ذهب: seed-account-7ac32db4e3484ce2dc22 -> acct_non_inventory_001","1.33","0.00","1.55","0.00","1.33","0.00","7732.852210","8500.00","0.00","0.00","49.98","384703.26","7697.144058","customer_purchase","inbound"
"كسر أفرنجي","seed-account-7ac32db4e3484ce2dc22","seed-account-7ac32db4e3484ce2dc22","559","2026-02-20","","","csvref-entry-0b41dc22b33adf2934db6722a35cbd75","purchase","شراء ذهب","شراء ذهب: seed-account-7ac32db4e3484ce2dc22 -> acct_non_inventory_001","0.71","0.00","0.83","0.00","0.71","0.00","7697.144058","4600.00","0.00","0.00","50.69","389303.26","7680.080095","customer_purchase","inbound"
"كسر أفرنجي","seed-account-7ac32db4e3484ce2dc22","seed-account-7ac32db4e3484ce2dc22","565","2026-02-22","","","csvref-entry-82aeec20030996ae269dc658b0aca50b","purchase","شراء ذهب","شراء ذهب: seed-account-7ac32db4e3484ce2dc22 -> acct_non_inventory_001","0.36","0.00","0.42","0.00","0.36","0.00","7680.080095","2400.00","0.00","0.00","51.05","391703.26","7672.933595","customer_purchase","inbound"
"كسر أفرنجي","seed-account-7ac32db4e3484ce2dc22","seed-account-7ac32db4e3484ce2dc22","566","2026-02-22","","","csvref-entry-214eeb8a61e5476fa535dda96dc0ec2b","purchase","شراء ذهب","شراء ذهب: seed-account-7ac32db4e3484ce2dc22 -> acct_non_inventory_001","0.87","0.00","1.01","0.00","0.87","0.00","7672.933595","5800.00","0.00","0.00","51.92","397503.26","7656.072034","customer_purchase","inbound"
"كسر أفرنجي","seed-account-7ac32db4e3484ce2dc22","seed-account-7ac32db4e3484ce2dc22","570","2026-02-24","","","csvref-entry-23d52c848d2f06e1e22325b12858170a","purchase","شراء ذهب","شراء ذهب: seed-account-7ac32db4e3484ce2dc22 -> acct_non_inventory_001","0.56","0.00","0.65","0.00","0.56","0.00","7656.072034","3800.00","0.00","0.00","52.48","401303.26","7646.784680","customer_purchase","inbound"
"كسر أفرنجي","seed-account-7ac32db4e3484ce2dc22","seed-account-7ac32db4e3484ce2dc22","575","2026-02-24","","","csvref-entry-c9980e9519f220a219f67f14085197a3","merchant_settlement","حساب تاجر ذهب","حساب تاجر ذهب: acct_non_inventory_040 -> seed-account-7ac32db4e3484ce2dc22","0.00","33.92","0.00","39.57","0.00","33.92","7646.784680","0.00","0.00","0.00","18.56","401303.26","21621.942888","merchant_delivery","other"
"كسر أفرنجي","seed-account-7ac32db4e3484ce2dc22","seed-account-7ac32db4e3484ce2dc22","582","2026-02-25","","","csvref-entry-6c6f91877225fa78692f0f04d216a1de","purchase","شراء ذهب","شراء ذهب: seed-account-7ac32db4e3484ce2dc22 -> acct_non_inventory_001","0.69","0.00","0.80","0.00","0.69","0.00","21621.942888","4630.00","0.00","0.00","19.25","405933.26","21087.442078","customer_purchase","inbound"
"كسر أفرنجي","seed-account-7ac32db4e3484ce2dc22","seed-account-7ac32db4e3484ce2dc22","583","2026-02-25","","","csvref-entry-a934c1aaaf2f22767273ceaf0bba5183","purchase","شراء ذهب","شراء ذهب: seed-account-7ac32db4e3484ce2dc22 -> acct_non_inventory_001","0.09","0.00","0.11","0.00","0.09","0.00","21087.442078","640.00","0.00","0.00","19.34","406573.26","21022.402275","customer_purchase","inbound"
"كسر أفرنجي","seed-account-7ac32db4e3484ce2dc22","seed-account-7ac32db4e3484ce2dc22","590","2026-02-25","","","csvref-entry-bc2143e22ea5bf2ba7b433d4203066f0","purchase","شراء ذهب","شراء ذهب: seed-account-7ac32db4e3484ce2dc22 -> acct_non_inventory_001","1.78","0.00","2.08","0.00","1.78","0.00","21022.402275","12120.00","0.00","0.00","21.12","418693.26","19824.491477","customer_purchase","inbound"
"كسر أفرنجي","seed-account-7ac32db4e3484ce2dc22","seed-account-7ac32db4e3484ce2dc22","591","2026-02-25","","","csvref-entry-140e47551243cc15b70133d30ba022d2","adjustment","تسوية","تسوية: acct_non_inventory_073 -> seed-account-7ac32db4e3484ce2dc22","0.00","0.04","0.00","0.05","0.00","0.04","19824.491477","0.00","792.98","-792.98","21.08","417900.28","19824.491461","shortage","adjustment"
"كسر أفرنجي","seed-account-7ac32db4e3484ce2dc22","seed-account-7ac32db4e3484ce2dc22","592","2026-02-25","","","csvref-entry-2958e96580fbc89cbb65bc72ea84529b","tifeet","تيفيت","تيفيت: seed-account-3d2cf6d12174291e9009 -> seed-account-7ac32db4e3484ce2dc22","0.00","3.66","0.00","4.27","0.00","3.66","19824.491461","0.00","72557.64","0.00","17.42","345342.64","19824.491389","tafyeet","tafkeet"
"كسر أفرنجي","seed-account-7ac32db4e3484ce2dc22","seed-account-7ac32db4e3484ce2dc22","593","2026-02-25","","","csvref-entry-1bfbe7ae03540a0e4e871e7ff73edf5d","tifeet","تيفيت","تيفيت: seed-account-f7259c51816b3eca60b0 -> seed-account-7ac32db4e3484ce2dc22","0.00","4.05","0.00","4.73","0.00","4.05","19824.491389","0.00","80289.19","0.00","13.37","265053.45","19824.491399","tafyeet","tafkeet"
"كسر أفرنجي","seed-account-7ac32db4e3484ce2dc22","seed-account-7ac32db4e3484ce2dc22","594","2026-02-25","","","csvref-entry-3e39d1faa2a3f09372eab93c9175554a","tifeet","تيفيت","تيفيت: seed-account-cb5d499baa26a3db6f1c -> seed-account-7ac32db4e3484ce2dc22","0.00","6.41","0.00","7.48","0.00","6.41","19824.491399","0.00","127074.99","0.00","6.96","137978.46","19824.491379","tafyeet","tafkeet"
"كسر أفرنجي","seed-account-7ac32db4e3484ce2dc22","seed-account-7ac32db4e3484ce2dc22","595","2026-02-25","","","csvref-entry-304e1afec7b3b5381f32b69176e013b3","tifeet","تيفيت","تيفيت: seed-account-960d86a1b65899e364b7 -> seed-account-7ac32db4e3484ce2dc22","0.00","0.61","0.00","0.71","0.00","0.61","19824.491379","0.00","12092.94","0.00","6.35","125885.52","19824.491339","tafyeet","tafkeet"
"كسر أفرنجي","seed-account-7ac32db4e3484ce2dc22","seed-account-7ac32db4e3484ce2dc22","596","2026-02-25","","","csvref-entry-892f78a83b1bf6abe507d8ae97e72048","tifeet","تيفيت","تيفيت: seed-account-d6d361a10f6d7735f5a2 -> seed-account-7ac32db4e3484ce2dc22","0.00","0.53","0.00","0.62","0.00","0.53","19824.491339","0.00","10506.98","0.00","5.82","115378.54","19824.491409","tafyeet","tafkeet"
"كسر أفرنجي","seed-account-7ac32db4e3484ce2dc22","seed-account-7ac32db4e3484ce2dc22","597","2026-02-25","","","csvref-entry-7dc287373a30f6383fd2133c4d43c4cd","tifeet","تيفيت","تيفيت: seed-account-6b34c4189c5376f463c7 -> seed-account-7ac32db4e3484ce2dc22","0.00","3.23","0.00","3.77","0.00","3.23","19824.491409","0.00","64033.11","0.00","2.59","51345.43","19824.490347","tafyeet","tafkeet"
"كسر أفرنجي","seed-account-7ac32db4e3484ce2dc22","seed-account-7ac32db4e3484ce2dc22","600","2026-02-26","","","csvref-entry-69a7dd67711b219388d6c12e3ffe8d62","purchase","شراء ذهب","شراء ذهب: seed-account-7ac32db4e3484ce2dc22 -> acct_non_inventory_001","1.43","0.00","1.67","0.00","1.43","0.00","19824.490347","9700.00","0.00","0.00","4.02","61045.43","15185.430348","customer_purchase","inbound"
"كسر أفرنجي","seed-account-7ac32db4e3484ce2dc22","seed-account-7ac32db4e3484ce2dc22","609","2026-02-27","","","csvref-entry-aaa0a90cf827af0df0cea304144db894","purchase","شراء ذهب","شراء ذهب: seed-account-7ac32db4e3484ce2dc22 -> acct_non_inventory_001","9.54","0.00","11.13","0.00","9.54","0.00","15185.430348","65550.00","0.00","0.00","13.56","126595.43","9335.946165","customer_purchase","inbound"
"كسر أفرنجي","seed-account-7ac32db4e3484ce2dc22","seed-account-7ac32db4e3484ce2dc22","612","2026-02-27","","","csvref-entry-29c6295c717da2a7916b8173d61a93bc","purchase","شراء ذهب","شراء ذهب: seed-account-7ac32db4e3484ce2dc22 -> acct_non_inventory_001","1.11","0.00","1.30","0.00","1.11","0.00","9335.946165","7600.00","0.00","0.00","14.67","134195.43","9147.609407","customer_purchase","inbound"
"كسر أفرنجي","seed-account-7ac32db4e3484ce2dc22","seed-account-7ac32db4e3484ce2dc22","613","2026-02-28","","","csvref-entry-dd798124c59de59105244761f5fce345","purchase","شراء ذهب","شراء ذهب: seed-account-7ac32db4e3484ce2dc22 -> acct_non_inventory_001","0.92","0.00","1.07","0.00","0.92","0.00","9147.609407","6400.00","0.00","0.00","15.59","140595.43","9018.308531","customer_purchase","inbound"
"كسر أفرنجي","seed-account-7ac32db4e3484ce2dc22","seed-account-7ac32db4e3484ce2dc22","615","2026-02-28","","","csvref-entry-3ff94bd9f39595d251acc63cbe6cc2ee","purchase","شراء ذهب","شراء ذهب: seed-account-7ac32db4e3484ce2dc22 -> acct_non_inventory_001","0.66","0.00","0.77","0.00","0.66","0.00","9018.308531","4520.00","0.00","0.00","16.25","145115.43","8930.180308","customer_purchase","inbound"
"كسر أفرنجي","seed-account-7ac32db4e3484ce2dc22","seed-account-7ac32db4e3484ce2dc22","626","2026-03-02","","","csvref-entry-aa003d564dc742da4d39790f79b02338","purchase","شراء ذهب","شراء ذهب: seed-account-7ac32db4e3484ce2dc22 -> acct_non_inventory_001","0.87","0.00","1.02","0.00","0.87","0.00","8930.180308","6120.00","0.00","0.00","17.12","151235.43","8833.845210","customer_purchase","inbound"
"كسر أفرنجي","seed-account-7ac32db4e3484ce2dc22","seed-account-7ac32db4e3484ce2dc22","627","2026-03-02","","","csvref-entry-f742dbbec6e58937198fb2c671e382d2","purchase","شراء ذهب","شراء ذهب: seed-account-7ac32db4e3484ce2dc22 -> acct_non_inventory_001","3.75","0.00","4.38","0.00","3.75","0.00","8833.845210","26700.00","0.00","0.00","20.87","177935.43","8525.895065","customer_purchase","inbound"
"كسر أفرنجي","seed-account-7ac32db4e3484ce2dc22","seed-account-7ac32db4e3484ce2dc22","632","2026-03-02","","","csvref-entry-9a8bf4cdf981720d764b95fd4d0f8d9d","purchase","شراء ذهب","شراء ذهب: seed-account-7ac32db4e3484ce2dc22 -> acct_non_inventory_001","3.41","0.00","3.98","0.00","3.41","0.00","8525.895065","23700.00","0.00","0.00","24.28","201635.43","8304.589374","customer_purchase","inbound"
"كسر أفرنجي","seed-account-7ac32db4e3484ce2dc22","seed-account-7ac32db4e3484ce2dc22","634","2026-03-02","","","csvref-entry-7a2aec9ee895ecb3a672902f6a309fb6","transfer","تحويل","تحويل: seed-account-7ac32db4e3484ce2dc22 -> seed-account-abefcfd780de9b384dc5","3.15","0.00","3.67","0.00","3.15","0.00","8304.589374","17652.06","0.00","0.00","27.43","219287.49","7994.440029","transfer","transfer"
"كسر أفرنجي","seed-account-7ac32db4e3484ce2dc22","seed-account-7ac32db4e3484ce2dc22","637","2026-03-02","","","csvref-entry-96bb2ba3674120b689d7087842428f17","purchase","شراء ذهب","شراء ذهب: seed-account-7ac32db4e3484ce2dc22 -> acct_non_inventory_001","6.64","0.00","7.75","0.00","6.64","0.00","7994.440029","45900.00","0.00","0.00","34.07","265187.49","7783.606986","customer_purchase","inbound"
"كسر أفرنجي","seed-account-7ac32db4e3484ce2dc22","seed-account-7ac32db4e3484ce2dc22","638","2026-03-02","","","csvref-entry-7a7b6a722b53e60a7c77b7d8a9111977","transfer","تحويل","تحويل: seed-account-7ac32db4e3484ce2dc22 -> seed-account-f7259c51816b3eca60b0","3.22","0.00","3.76","0.00","3.22","0.00","7783.606986","14988.75","0.00","0.00","37.29","280176.24","7513.441673","transfer","transfer"
"كسر أفرنجي","seed-account-7ac32db4e3484ce2dc22","seed-account-7ac32db4e3484ce2dc22","639","2026-03-02","","","csvref-entry-d81922178faf0bdd24373323a62e8b3b","sale","بيع ذهب","بيع ذهب: acct_non_inventory_001 -> seed-account-7ac32db4e3484ce2dc22","0.00","9.87","0.00","11.51","0.00","9.87","7513.441673","0.00","74157.66","0.00","27.42","206018.58","7513.442013","sale","outbound"
"كسر أفرنجي","seed-account-7ac32db4e3484ce2dc22","seed-account-7ac32db4e3484ce2dc22","640","2026-03-02","","","csvref-entry-28948aa30b2d22bf05d2ba8779a75dbf","sale","بيع ذهب","بيع ذهب: acct_non_inventory_001 -> seed-account-7ac32db4e3484ce2dc22","0.00","1.79","0.00","2.09","0.00","1.79","7513.442013","0.00","13449.08","0.00","25.63","192569.50","7513.441280","sale","outbound"
"كسر أفرنجي","seed-account-7ac32db4e3484ce2dc22","seed-account-7ac32db4e3484ce2dc22","641","2026-03-03","","","csvref-entry-4c9e52d62639a8a97bd3995fe4a255fd","purchase","شراء ذهب","شراء ذهب: seed-account-7ac32db4e3484ce2dc22 -> acct_non_inventory_001","2.90","0.00","3.38","0.00","2.90","0.00","7513.441280","20300.00","0.00","0.00","28.53","212869.50","7461.251314","customer_purchase","inbound"
"كسر أفرنجي","seed-account-7ac32db4e3484ce2dc22","seed-account-7ac32db4e3484ce2dc22","644","2026-03-03","","","csvref-entry-df24c359ac7b572b9d065dba2eeb8049","purchase","شراء ذهب","شراء ذهب: seed-account-7ac32db4e3484ce2dc22 -> acct_non_inventory_001","1.90","0.00","2.22","0.00","1.90","0.00","7461.251314","13120.00","0.00","0.00","30.43","225989.50","7426.536313","customer_purchase","inbound"
"كسر أفرنجي","seed-account-7ac32db4e3484ce2dc22","seed-account-7ac32db4e3484ce2dc22","647","2026-03-04","","","csvref-entry-b9d25f5e68c67dc3c075a530c24781ba","purchase","شراء ذهب","شراء ذهب: seed-account-7ac32db4e3484ce2dc22 -> acct_non_inventory_001","0.63","0.00","0.74","0.00","0.63","0.00","7426.536313","4450.00","0.00","0.00","31.06","230439.50","7419.172569","customer_purchase","inbound"
"كسر أفرنجي","seed-account-7ac32db4e3484ce2dc22","seed-account-7ac32db4e3484ce2dc22","652","2026-03-04","","","csvref-entry-57f2991e8dccef71c9790a561c87e49e","purchase","شراء ذهب","شراء ذهب: seed-account-7ac32db4e3484ce2dc22 -> acct_non_inventory_001","1.26","0.00","1.47","0.00","1.26","0.00","7419.172569","8820.00","0.00","0.00","32.32","239259.50","7402.831064","customer_purchase","inbound"
"كسر أفرنجي","seed-account-7ac32db4e3484ce2dc22","seed-account-7ac32db4e3484ce2dc22","654","2026-03-04","","","csvref-entry-e4a29113138111311282f98b5132f1b5","purchase","شراء ذهب","شراء ذهب: seed-account-7ac32db4e3484ce2dc22 -> acct_non_inventory_001","4.53","0.00","5.29","0.00","4.53","0.00","7402.831064","32000.00","0.00","0.00","36.85","271259.50","7361.180461","customer_purchase","inbound"
"كسر أفرنجي","seed-account-7ac32db4e3484ce2dc22","seed-account-7ac32db4e3484ce2dc22","657","2026-03-04","","","csvref-entry-476c7fd201221a74ad584048b717f7c8","purchase","شراء ذهب","شراء ذهب: seed-account-7ac32db4e3484ce2dc22 -> acct_non_inventory_001","1.23","0.00","1.43","0.00","1.23","0.00","7361.180461","8640.00","0.00","0.00","38.08","279899.50","7350.301996","customer_purchase","inbound"
"كسر أفرنجي","seed-account-7ac32db4e3484ce2dc22","seed-account-7ac32db4e3484ce2dc22","659","2026-03-04","","","csvref-entry-6991adffc0765a005b8c870f8d5a8ad6","purchase","شراء ذهب","شراء ذهب: seed-account-7ac32db4e3484ce2dc22 -> acct_non_inventory_001","5.23","0.00","6.10","0.00","5.23","0.00","7350.301996","36600.00","0.00","0.00","43.31","316499.50","7307.769568","customer_purchase","inbound"
"كسر أفرنجي","seed-account-7ac32db4e3484ce2dc22","seed-account-7ac32db4e3484ce2dc22","661","2026-03-04","","","csvref-entry-a2120b97dc26fbc6166c04ccf6763766","purchase","شراء ذهب","شراء ذهب: seed-account-7ac32db4e3484ce2dc22 -> acct_non_inventory_001","0.66","0.00","0.77","0.00","0.66","0.00","7307.769568","5470.00","0.00","0.00","43.97","321969.50","7322.481237","customer_purchase","inbound"
"كسر أفرنجي","seed-account-7ac32db4e3484ce2dc22","seed-account-7ac32db4e3484ce2dc22","662","2026-03-04","","","csvref-entry-5e1fa177288f10eb50d675cc3bd8e7bd","purchase","شراء ذهب","شراء ذهب: seed-account-7ac32db4e3484ce2dc22 -> acct_non_inventory_001","2.25","0.00","2.63","0.00","2.25","0.00","7322.481237","15800.00","0.00","0.00","46.22","337769.50","7307.864561","customer_purchase","inbound"
"كسر أفرنجي","seed-account-7ac32db4e3484ce2dc22","seed-account-7ac32db4e3484ce2dc22","663","2026-03-04","","","csvref-entry-953b969ea3a48a86c7c7db0efdb0223c","tifeet","تيفيت","تيفيت: seed-account-3d2cf6d12174291e9009 -> seed-account-7ac32db4e3484ce2dc22","0.00","9.34","0.00","10.90","0.00","9.34","7307.864561","0.00","68255.47","0.00","36.88","269514.03","7307.864154","tafyeet","tafkeet"
"كسر أفرنجي","seed-account-7ac32db4e3484ce2dc22","seed-account-7ac32db4e3484ce2dc22","664","2026-03-04","","","csvref-entry-74de860bf3762ae8e4c742fb2fd036e0","tifeet","تيفيت","تيفيت: seed-account-6b34c4189c5376f463c7 -> seed-account-7ac32db4e3484ce2dc22","0.00","2.26","0.00","2.64","0.00","2.26","7307.864154","0.00","16515.79","0.00","34.62","252998.24","7307.863663","tafyeet","tafkeet"
"كسر أفرنجي","seed-account-7ac32db4e3484ce2dc22","seed-account-7ac32db4e3484ce2dc22","665","2026-03-04","","","csvref-entry-a6308ca213c3ba4492c07ace543296c9","tifeet","تيفيت","تيفيت: seed-account-dd24b4d1f062d92a3e80 -> seed-account-7ac32db4e3484ce2dc22","0.00","0.87","0.00","1.02","0.00","0.87","7307.863663","0.00","6357.86","0.00","33.75","246640.38","7307.863111","tafyeet","tafkeet"
"كسر أفرنجي","seed-account-7ac32db4e3484ce2dc22","seed-account-7ac32db4e3484ce2dc22","666","2026-03-04","","","csvref-entry-ac0a8face3b9d3f70e721804c368d3af","tifeet","تيفيت","تيفيت: seed-account-f7259c51816b3eca60b0 -> seed-account-7ac32db4e3484ce2dc22","0.00","5.19","0.00","6.05","0.00","5.19","7307.863111","0.00","37927.80","0.00","28.56","208712.58","7307.863445","tafyeet","tafkeet"
"كسر أفرنجي","seed-account-7ac32db4e3484ce2dc22","seed-account-7ac32db4e3484ce2dc22","667","2026-03-04","","","csvref-entry-e6340ab6a8aa3fd1f9fc06f47ef246ca","tifeet","تيفيت","تيفيت: seed-account-d6d361a10f6d7735f5a2 -> seed-account-7ac32db4e3484ce2dc22","0.00","0.32","0.00","0.37","0.00","0.32","7307.863445","0.00","2338.50","0.00","28.24","206374.08","7307.864023","tafyeet","tafkeet"
"كسر أفرنجي","seed-account-7ac32db4e3484ce2dc22","seed-account-7ac32db4e3484ce2dc22","668","2026-03-04","","","csvref-entry-20fc43b726edae72f6f03b7742093be7","tifeet","تيفيت","تيفيت: seed-account-d37d8b76e6ed91e88626 -> seed-account-7ac32db4e3484ce2dc22","0.00","9.54","0.00","11.13","0.00","9.54","7307.864023","0.00","69717.03","0.00","18.70","136657.05","7307.863636","tafyeet","tafkeet"
"كسر أفرنجي","seed-account-7ac32db4e3484ce2dc22","seed-account-7ac32db4e3484ce2dc22","669","2026-03-04","","","csvref-entry-e78fec768be9d87e9315ef400274f0c1","tifeet","تيفيت","تيفيت: seed-account-cb5d499baa26a3db6f1c -> seed-account-7ac32db4e3484ce2dc22","0.00","2.87","0.00","3.35","0.00","2.87","7307.863636","0.00","20973.58","0.00","15.83","115683.47","7307.862919","tafyeet","tafkeet"
"كسر أفرنجي","seed-account-7ac32db4e3484ce2dc22","seed-account-7ac32db4e3484ce2dc22","674","2026-03-05","","","csvref-entry-3e3bc739aeade456d9626881f7531e48","purchase","شراء ذهب","شراء ذهب: seed-account-7ac32db4e3484ce2dc22 -> acct_non_inventory_001","2.36","0.00","2.75","0.00","2.36","0.00","7307.862919","16500.00","0.00","0.00","18.19","132183.47","7266.820781","customer_purchase","inbound"
"كسر أفرنجي","seed-account-7ac32db4e3484ce2dc22","seed-account-7ac32db4e3484ce2dc22","676","2026-03-05","","","csvref-entry-7465b625fec1b6443fb04dc2d6a9cecb","purchase","شراء ذهب","شراء ذهب: seed-account-7ac32db4e3484ce2dc22 -> acct_non_inventory_001","1.19","0.00","1.39","0.00","1.19","0.00","7266.820781","8330.00","0.00","0.00","19.38","140513.47","7250.437049","customer_purchase","inbound"
"كسر أفرنجي","seed-account-7ac32db4e3484ce2dc22","seed-account-7ac32db4e3484ce2dc22","678","2026-03-05","","","csvref-entry-81dda9010545e5f0d0a5ca51bb10440c","purchase","شراء ذهب","شراء ذهب: seed-account-7ac32db4e3484ce2dc22 -> acct_non_inventory_001","2.10","0.00","2.45","0.00","2.10","0.00","7250.437049","14700.00","0.00","0.00","21.48","155213.47","7225.952980","customer_purchase","inbound"
"كسر أفرنجي","seed-account-7ac32db4e3484ce2dc22","seed-account-7ac32db4e3484ce2dc22","679","2026-03-06","","","csvref-entry-6ce64991f9e415aeaec8172748baf144","purchase","شراء ذهب","شراء ذهب: seed-account-7ac32db4e3484ce2dc22 -> acct_non_inventory_001","3.41","0.00","3.98","0.00","3.41","0.00","7225.952980","23700.00","0.00","0.00","24.89","178913.47","7188.166734","customer_purchase","inbound"
"كسر أفرنجي","seed-account-7ac32db4e3484ce2dc22","seed-account-7ac32db4e3484ce2dc22","680","2026-03-06","","","csvref-entry-325405fcaf41c9e1fc03c7a7b2119e5d","purchase","شراء ذهب","شراء ذهب: seed-account-7ac32db4e3484ce2dc22 -> acct_non_inventory_001","0.84","0.00","0.98","0.00","0.84","0.00","7188.166734","5700.00","0.00","0.00","25.73","184613.47","7175.027983","customer_purchase","inbound"
"كسر أفرنجي","seed-account-7ac32db4e3484ce2dc22","seed-account-7ac32db4e3484ce2dc22","685","2026-03-06","","","csvref-entry-aaaef7049c4a62163ea9d0cd0010fe45","purchase","شراء ذهب","شراء ذهب: seed-account-7ac32db4e3484ce2dc22 -> acct_non_inventory_001","2.80","0.00","3.27","0.00","2.80","0.00","7175.027983","19760.00","0.00","0.00","28.53","204373.47","7163.458465","customer_purchase","inbound"
"كسر أفرنجي","seed-account-7ac32db4e3484ce2dc22","seed-account-7ac32db4e3484ce2dc22","691","2026-03-07","","","csvref-entry-8e9d65bafde3415c4627042e463e7144","purchase","شراء ذهب","شراء ذهب: seed-account-7ac32db4e3484ce2dc22 -> acct_non_inventory_001","0.93","0.00","1.09","0.00","0.93","0.00","7163.458465","6500.00","0.00","0.00","29.46","210873.47","7157.958927","customer_purchase","inbound"
"كسر أفرنجي","seed-account-7ac32db4e3484ce2dc22","seed-account-7ac32db4e3484ce2dc22","692","2026-03-07","","","csvref-entry-1a074c54767ec0b513c888ef68128b0b","purchase","شراء ذهب","شراء ذهب: seed-account-7ac32db4e3484ce2dc22 -> acct_non_inventory_001","0.21","0.00","0.24","0.00","0.21","0.00","7157.958927","1440.00","0.00","0.00","29.67","212313.47","7155.829794","customer_purchase","inbound"
"كسر أفرنجي","seed-account-7ac32db4e3484ce2dc22","seed-account-7ac32db4e3484ce2dc22","693","2026-03-07","","","csvref-entry-b1016e69fbb076d70e58e57fe3ca37fe","purchase","شراء ذهب","شراء ذهب: seed-account-7ac32db4e3484ce2dc22 -> acct_non_inventory_001","3.60","0.00","4.20","0.00","3.60","0.00","7155.829794","25200.00","0.00","0.00","33.27","237513.47","7138.968139","customer_purchase","inbound"
"كسر أفرنجي","seed-account-7ac32db4e3484ce2dc22","seed-account-7ac32db4e3484ce2dc22","696","2026-03-07","","","csvref-entry-00e6592943c148aa011b4c712c89bc2a","purchase","شراء ذهب","شراء ذهب: seed-account-7ac32db4e3484ce2dc22 -> acct_non_inventory_001","0.45","0.00","0.52","0.00","0.45","0.00","7138.968139","3120.00","0.00","0.00","33.72","240633.47","7136.223903","customer_purchase","inbound"
"كسر أفرنجي","seed-account-7ac32db4e3484ce2dc22","seed-account-7ac32db4e3484ce2dc22","698","2026-03-07","","","csvref-entry-9bddd44952653433c6bbb380cf5cec80","purchase","شراء ذهب","شراء ذهب: seed-account-7ac32db4e3484ce2dc22 -> acct_non_inventory_001","1.52","0.00","1.77","0.00","1.52","0.00","7136.223903","10620.00","0.00","0.00","35.24","251253.47","7129.780647","customer_purchase","inbound"
"كسر أفرنجي","seed-account-7ac32db4e3484ce2dc22","seed-account-7ac32db4e3484ce2dc22","699","2026-03-07","","","csvref-entry-7c50ea1555306d543f5e428eabd7b7e6","purchase","شراء ذهب","شراء ذهب: seed-account-7ac32db4e3484ce2dc22 -> acct_non_inventory_001","0.39","0.00","0.46","0.00","0.39","0.00","7129.780647","2750.00","0.00","0.00","35.63","254003.47","7128.921415","customer_purchase","inbound"
"كسر أفرنجي","seed-account-7ac32db4e3484ce2dc22","seed-account-7ac32db4e3484ce2dc22","700","2026-03-08","","","csvref-entry-7138a4b0863ac65f87b70c31b4179e80","purchase","شراء ذهب","شراء ذهب: seed-account-7ac32db4e3484ce2dc22 -> acct_non_inventory_001","1.62","0.00","1.89","0.00","1.62","0.00","7128.921415","11500.00","0.00","0.00","37.25","265503.47","7127.609933","customer_purchase","inbound"
"كسر أفرنجي","seed-account-7ac32db4e3484ce2dc22","seed-account-7ac32db4e3484ce2dc22","703","2026-03-08","","","csvref-entry-ad47c0fc9009730de8ed898b748461cc","purchase","شراء ذهب","شراء ذهب: seed-account-7ac32db4e3484ce2dc22 -> acct_non_inventory_001","2.53","0.00","2.95","0.00","2.53","0.00","7127.609933","17950.00","0.00","0.00","39.78","283453.47","7125.527149","customer_purchase","inbound"
"كسر أفرنجي","seed-account-7ac32db4e3484ce2dc22","seed-account-7ac32db4e3484ce2dc22","709","2026-03-09","","","csvref-entry-1e8f414e5d07aee10dd6f62a00fea2d3","purchase","شراء ذهب","شراء ذهب: seed-account-7ac32db4e3484ce2dc22 -> acct_non_inventory_001","2.13","0.00","2.49","0.00","2.13","0.00","7125.527149","15500.00","0.00","0.00","41.91","298953.47","7133.225245","customer_purchase","inbound"
"كسر أفرنجي","seed-account-7ac32db4e3484ce2dc22","seed-account-7ac32db4e3484ce2dc22","710","2026-03-09","","","csvref-entry-dc53328112f3c22d34af1745b07e61d7","transfer","تحويل","تحويل: seed-account-7ac32db4e3484ce2dc22 -> seed-account-3d2cf6d12174291e9009","3.51","0.00","4.09","0.00","3.51","0.00","7133.225245","20085.79","0.00","0.00","45.42","319039.26","7024.202114","transfer","transfer"
"كسر أفرنجي","seed-account-7ac32db4e3484ce2dc22","seed-account-7ac32db4e3484ce2dc22","713","2026-03-09","","","csvref-entry-7468cd31cdc559c79ddeb80759a28b2d","purchase","شراء ذهب","شراء ذهب: seed-account-7ac32db4e3484ce2dc22 -> acct_non_inventory_001","0.78","0.00","0.91","0.00","0.78","0.00","7024.202114","5650.00","0.00","0.00","46.20","324689.26","7027.906061","customer_purchase","inbound"
"كسر أفرنجي","seed-account-7ac32db4e3484ce2dc22","seed-account-7ac32db4e3484ce2dc22","715","2026-03-09","","","csvref-entry-b331b14a6f8558170a637bf64d836713","transfer","تحويل","تحويل: seed-account-7ac32db4e3484ce2dc22 -> seed-account-d37d8b76e6ed91e88626","21.62","0.00","25.22","0.00","21.62","0.00","7027.906061","133090.01","0.00","0.00","67.82","457779.27","6749.915512","transfer","transfer"
"كسر أفرنجي","seed-account-7ac32db4e3484ce2dc22","seed-account-7ac32db4e3484ce2dc22","716","2026-03-09","","","csvref-entry-fc73dd29d0dc82a941000bbf38a97d2f","purchase","شراء ذهب","شراء ذهب: seed-account-7ac32db4e3484ce2dc22 -> acct_non_inventory_001","0.53","0.00","0.62","0.00","0.53","0.00","6749.915512","3850.00","0.00","0.00","68.35","461629.27","6753.902999","customer_purchase","inbound"
"كسر أفرنجي","seed-account-7ac32db4e3484ce2dc22","seed-account-7ac32db4e3484ce2dc22","719","2026-03-09","","","csvref-entry-92bdabcceca12ae45f97dce63d94afec","transfer","تحويل","تحويل: seed-account-7ac32db4e3484ce2dc22 -> seed-account-f7259c51816b3eca60b0","14.31","0.00","16.70","0.00","14.31","0.00","6753.902999","67108.38","0.00","0.00","82.66","528737.65","6396.535809","transfer","transfer"
"كسر أفرنجي","seed-account-7ac32db4e3484ce2dc22","seed-account-7ac32db4e3484ce2dc22","721","2026-03-09","","","csvref-entry-e7a8efde5fe83b917635d62eb112bda7","transfer","تحويل","تحويل: seed-account-7ac32db4e3484ce2dc22 -> seed-account-abefcfd780de9b384dc5","13.23","0.00","15.43","0.00","13.23","0.00","6396.535809","74138.98","0.00","0.00","95.89","602876.63","6287.168944","transfer","transfer"
"كسر أفرنجي","seed-account-7ac32db4e3484ce2dc22","seed-account-7ac32db4e3484ce2dc22","730","2026-03-10","","","csvref-entry-4a6f252f868c55f655ad87f70a489028","purchase","شراء ذهب","شراء ذهب: seed-account-7ac32db4e3484ce2dc22 -> acct_non_inventory_001","0.93","0.00","1.08","0.00","0.93","0.00","6287.168944","6665.00","0.00","0.00","96.82","609541.63","6295.616918","customer_purchase","inbound"
"كسر أفرنجي","seed-account-7ac32db4e3484ce2dc22","seed-account-7ac32db4e3484ce2dc22","731","2026-03-10","","","csvref-entry-5eb85a9f02b636cd5f12f5b869c1205c","purchase","شراء ذهب","شراء ذهب: seed-account-7ac32db4e3484ce2dc22 -> acct_non_inventory_001","0.39","0.00","0.46","0.00","0.39","0.00","6295.616918","2820.00","0.00","0.00","97.21","612361.63","6299.368686","customer_purchase","inbound"
"كسر أفرنجي","seed-account-7ac32db4e3484ce2dc22","seed-account-7ac32db4e3484ce2dc22","732","2026-03-10","","","csvref-entry-69ba20764e2ee5640505c9e4bdd82881","purchase","شراء ذهب","شراء ذهب: seed-account-7ac32db4e3484ce2dc22 -> acct_non_inventory_001","4.29","0.00","5.00","0.00","4.29","0.00","6299.368686","31070.00","0.00","0.00","101.50","643431.63","6339.227882","customer_purchase","inbound"
"كسر أفرنجي","seed-account-7ac32db4e3484ce2dc22","seed-account-7ac32db4e3484ce2dc22","733","2026-03-10","","","csvref-entry-756c16208d9a876086c1b3be3e50d4a6","purchase","شراء ذهب","شراء ذهب: seed-account-7ac32db4e3484ce2dc22 -> acct_non_inventory_001","1.06","0.00","1.24","0.00","1.06","0.00","6339.227882","7700.00","0.00","0.00","102.56","651131.63","6348.787344","customer_purchase","inbound"
"كسر أفرنجي","seed-account-7ac32db4e3484ce2dc22","seed-account-7ac32db4e3484ce2dc22","734","2026-03-10","","","csvref-entry-04d0cec028deebdea294b5ea828d864d","purchase","شراء ذهب","شراء ذهب: seed-account-7ac32db4e3484ce2dc22 -> acct_non_inventory_001","0.38","0.00","0.44","0.00","0.38","0.00","6348.787344","2700.00","0.00","0.00","102.94","653831.63","6351.579852","customer_purchase","inbound"
"كسر أفرنجي","seed-account-7ac32db4e3484ce2dc22","seed-account-7ac32db4e3484ce2dc22","741","2026-03-10","","","csvref-entry-bf56656a878535c1a652c9c2b2937f4b","purchase","شراء ذهب","شراء ذهب: seed-account-7ac32db4e3484ce2dc22 -> acct_non_inventory_001","0.51","0.00","0.60","0.00","0.51","0.00","6351.579852","3730.00","0.00","0.00","103.45","657561.63","6356.323151","customer_purchase","inbound"
"كسر أفرنجي","seed-account-7ac32db4e3484ce2dc22","seed-account-7ac32db4e3484ce2dc22","742","2026-03-10","","","csvref-entry-86e47609ec6ae8c93753ca35f3ccb9e3","sale","بيع ذهب","بيع ذهب: acct_non_inventory_001 -> seed-account-7ac32db4e3484ce2dc22","0.00","64.65","0.00","75.42","0.00","64.65","6356.323151","0.00","410936.32","0.00","38.80","246625.31","6356.322423","sale","outbound"
"كسر أفرنجي","seed-account-7ac32db4e3484ce2dc22","seed-account-7ac32db4e3484ce2dc22","748","2026-03-11","","","csvref-entry-999ca0d246669c6fa51c70df2f1666c8","purchase","شراء ذهب","شراء ذهب: seed-account-7ac32db4e3484ce2dc22 -> acct_non_inventory_001","1.42","0.00","1.66","0.00","1.42","0.00","6356.322423","10300.00","0.00","0.00","40.22","256925.31","6387.998757","customer_purchase","inbound"
"كسر أفرنجي","seed-account-7ac32db4e3484ce2dc22","seed-account-7ac32db4e3484ce2dc22","749","2026-03-11","","","csvref-entry-15bbacc1fb634564d6746cb2b83d630e","purchase","شراء ذهب","شراء ذهب: seed-account-7ac32db4e3484ce2dc22 -> acct_non_inventory_001","1.64","0.00","1.91","0.00","1.64","0.00","6387.998757","11810.00","0.00","0.00","41.86","268735.31","6419.859293","customer_purchase","inbound"
"كسر أفرنجي","seed-account-7ac32db4e3484ce2dc22","seed-account-7ac32db4e3484ce2dc22","750","2026-03-11","","","csvref-entry-32e314cbc1166a7a22ca5ecc0c38f7d1","purchase","شراء ذهب","شراء ذهب: seed-account-7ac32db4e3484ce2dc22 -> acct_non_inventory_001","1.63","0.00","1.90","0.00","1.63","0.00","6419.859293","11750.00","0.00","0.00","43.49","280485.31","6449.420786","customer_purchase","inbound"
"كسر أفرنجي","seed-account-7ac32db4e3484ce2dc22","seed-account-7ac32db4e3484ce2dc22","751","2026-03-11","","","csvref-entry-dec1c1da9bcd85235de44ab62f0d3d97","purchase","شراء ذهب","شراء ذهب: seed-account-7ac32db4e3484ce2dc22 -> acct_non_inventory_001","1.51","0.00","1.76","0.00","1.51","0.00","6449.420786","10950.00","0.00","0.00","45.00","291435.31","6476.340222","customer_purchase","inbound"
"كسر أفرنجي","seed-account-7ac32db4e3484ce2dc22","seed-account-7ac32db4e3484ce2dc22","756","2026-03-11","","","csvref-entry-50ee9755b7a8b1bf3836acf5a81c0419","purchase","شراء ذهب","شراء ذهب: seed-account-7ac32db4e3484ce2dc22 -> acct_non_inventory_001","3.87","0.00","4.52","0.00","3.87","0.00","6476.340222","27850.00","0.00","0.00","48.87","319285.31","6533.360139","customer_purchase","inbound"
"كسر أفرنجي","seed-account-7ac32db4e3484ce2dc22","seed-account-7ac32db4e3484ce2dc22","758","2026-03-11","","","csvref-entry-77de4e60ab2accf84624f4573c1c56ad","sale","بيع ذهب","بيع ذهب: acct_non_inventory_001 -> seed-account-7ac32db4e3484ce2dc22","0.00","1.83","0.00","2.14","0.00","1.83","6533.360139","0.00","11956.10","0.00","47.04","307329.21","6533.359056","sale","outbound"
"كسر أفرنجي","seed-account-7ac32db4e3484ce2dc22","seed-account-7ac32db4e3484ce2dc22","760","2026-03-12","","","csvref-entry-14ed423007806ce6a31a455e9207ca98","purchase","شراء ذهب","شراء ذهب: seed-account-7ac32db4e3484ce2dc22 -> acct_non_inventory_001","2.41","0.00","2.81","0.00","2.41","0.00","6533.359056","17600.00","0.00","0.00","49.45","324929.21","6570.863701","customer_purchase","inbound"
"كسر أفرنجي","seed-account-7ac32db4e3484ce2dc22","seed-account-7ac32db4e3484ce2dc22","764","2026-03-12","","","csvref-entry-ce12b802eb277f954d40d99e6c17afc5","purchase","شراء ذهب","شراء ذهب: seed-account-7ac32db4e3484ce2dc22 -> acct_non_inventory_001","3.13","0.00","3.65","0.00","3.13","0.00","6570.863701","22680.00","0.00","0.00","52.58","347609.21","6611.053823","customer_purchase","inbound"
"كسر أفرنجي","seed-account-7ac32db4e3484ce2dc22","seed-account-7ac32db4e3484ce2dc22","768","2026-03-12","","","csvref-entry-8f37ce7bf93debd0af86da666a306594","purchase","شراء ذهب","شراء ذهب: seed-account-7ac32db4e3484ce2dc22 -> acct_non_inventory_001","1.65","0.00","1.92","0.00","1.65","0.00","6611.053823","11950.00","0.00","0.00","54.23","359559.21","6630.263876","customer_purchase","inbound"
"كسر أفرنجي","seed-account-7ac32db4e3484ce2dc22","seed-account-7ac32db4e3484ce2dc22","777","2026-03-13","","","csvref-entry-1b7770ed7c0c81cb19ffef6b26b7bc3e","purchase","شراء ذهب","شراء ذهب: seed-account-7ac32db4e3484ce2dc22 -> acct_non_inventory_001","1.50","0.00","1.75","0.00","1.50","0.00","6630.263876","10875.00","0.00","0.00","55.73","370434.21","6646.944375","customer_purchase","inbound"
"كسر أفرنجي","seed-account-7ac32db4e3484ce2dc22","seed-account-7ac32db4e3484ce2dc22","778","2026-03-13","","","csvref-entry-5a5b84854ecda1c4c2092401ee89bd2b","tifeet","تيفيت","تيفيت: seed-account-3d2cf6d12174291e9009 -> seed-account-7ac32db4e3484ce2dc22","0.00","5.52","0.00","6.44","0.00","5.52","6646.944375","0.00","36691.14","0.00","50.21","333743.07","6646.944234","tafyeet","tafkeet"
"كسر أفرنجي","seed-account-7ac32db4e3484ce2dc22","seed-account-7ac32db4e3484ce2dc22","779","2026-03-13","","","csvref-entry-385fa640c24ec2fe0ac48e824065df62","tifeet","تيفيت","تيفيت: seed-account-6b34c4189c5376f463c7 -> seed-account-7ac32db4e3484ce2dc22","0.00","0.87","0.00","1.01","0.00","0.87","6646.944234","0.00","5782.80","0.00","49.34","327960.27","6646.945075","tafyeet","tafkeet"
"كسر أفرنجي","seed-account-7ac32db4e3484ce2dc22","seed-account-7ac32db4e3484ce2dc22","780","2026-03-13","","","csvref-entry-36e801c0a1546980d90cc0439c054b6b","tifeet","تيفيت","تيفيت: seed-account-7a7da1fd500bce293e8b -> seed-account-7ac32db4e3484ce2dc22","0.00","4.89","0.00","5.70","0.00","4.89","6646.945075","0.00","32503.53","0.00","44.45","295456.74","6646.945782","tafyeet","tafkeet"
"كسر أفرنجي","seed-account-7ac32db4e3484ce2dc22","seed-account-7ac32db4e3484ce2dc22","781","2026-03-13","","","csvref-entry-12b36d25277c4aff42476d1cb9d79512","tifeet","تيفيت","تيفيت: seed-account-d6d361a10f6d7735f5a2 -> seed-account-7ac32db4e3484ce2dc22","0.00","0.87","0.00","1.02","0.00","0.87","6646.945782","0.00","5782.89","0.00","43.58","289673.85","6646.944699","tafyeet","tafkeet"
"كسر أفرنجي","seed-account-7ac32db4e3484ce2dc22","seed-account-7ac32db4e3484ce2dc22","782","2026-03-13","","","csvref-entry-003b1010475fa404ada81d9e5ebae341","tifeet","تيفيت","تيفيت: seed-account-cb5d499baa26a3db6f1c -> seed-account-7ac32db4e3484ce2dc22","0.00","4.53","0.00","5.28","0.00","4.53","6646.944699","0.00","30110.63","0.00","39.05","259563.22","6646.945455","tafyeet","tafkeet"
"كسر أفرنجي","seed-account-7ac32db4e3484ce2dc22","seed-account-7ac32db4e3484ce2dc22","783","2026-03-13","","","csvref-entry-a0ce2d63b3112ef26638f824d5b13b8e","tifeet","تيفيت","تيفيت: seed-account-cb5d499baa26a3db6f1c -> seed-account-7ac32db4e3484ce2dc22","0.00","7.05","0.00","8.22","0.00","7.05","6646.945455","0.00","46860.93","0.00","32.00","212702.29","6646.946563","tafyeet","tafkeet"
"كسر أفرنجي","seed-account-7ac32db4e3484ce2dc22","seed-account-7ac32db4e3484ce2dc22","784","2026-03-13","","","csvref-entry-5ee216297ab105ae9d7a37f11233978c","tifeet","تيفيت","تيفيت: seed-account-7a7da1fd500bce293e8b -> seed-account-7ac32db4e3484ce2dc22","0.00","0.57","0.00","0.66","0.00","0.57","6646.946563","0.00","3788.72","0.00","31.43","208913.57","6646.947821","tafyeet","tafkeet"
"كسر أفرنجي","seed-account-7ac32db4e3484ce2dc22","seed-account-7ac32db4e3484ce2dc22","785","2026-03-13","","","csvref-entry-fdd38e68dcb55f8f4936278af1ac49ca","tifeet","تيفيت","تيفيت: seed-account-f7259c51816b3eca60b0 -> seed-account-7ac32db4e3484ce2dc22","0.00","7.44","0.00","8.68","0.00","7.44","6646.947821","0.00","49453.29","0.00","23.99","159460.28","6646.947895","tafyeet","tafkeet"
"كسر أفرنجي","seed-account-7ac32db4e3484ce2dc22","seed-account-7ac32db4e3484ce2dc22","786","2026-03-13","","","csvref-entry-a4ec2830a88d735ae776660b1fe109f1","tifeet","تيفيت","تيفيت: seed-account-960d86a1b65899e364b7 -> seed-account-7ac32db4e3484ce2dc22","0.00","0.45","0.00","0.53","0.00","0.45","6646.947895","0.00","2991.17","0.00","23.54","156469.11","6646.946049","tafyeet","tafkeet"
"كسر أفرنجي","seed-account-7ac32db4e3484ce2dc22","seed-account-7ac32db4e3484ce2dc22","787","2026-03-13","","","csvref-entry-3be7c08f9e05bfb64261154d92e4babf","tifeet","تيفيت","تيفيت: seed-account-abefcfd780de9b384dc5 -> seed-account-7ac32db4e3484ce2dc22","0.00","5.30","0.00","6.18","0.00","5.30","6646.946049","0.00","35228.79","0.00","18.24","121240.32","6646.947368","tafyeet","tafkeet"
"كسر أفرنجي","seed-account-7ac32db4e3484ce2dc22","seed-account-7ac32db4e3484ce2dc22","788","2026-03-14","","","csvref-entry-41c879c498c172fa39e837cc8ce8f1e6","purchase","شراء ذهب","شراء ذهب: seed-account-7ac32db4e3484ce2dc22 -> acct_non_inventory_001","0.27","0.00","0.31","0.00","0.27","0.00","6646.947368","1900.00","0.00","0.00","18.51","123140.32","6652.637493","customer_purchase","inbound"
"كسر أفرنجي","seed-account-7ac32db4e3484ce2dc22","seed-account-7ac32db4e3484ce2dc22","790","2026-03-14","","","csvref-entry-6347595b4bcaa4bc7464e6b18330df3e","purchase","شراء ذهب","شراء ذهب: seed-account-7ac32db4e3484ce2dc22 -> acct_non_inventory_001","0.56","0.00","0.65","0.00","0.56","0.00","6652.637493","4000.00","0.00","0.00","19.07","127140.32","6667.033036","customer_purchase","inbound"
"كسر أفرنجي","seed-account-7ac32db4e3484ce2dc22","seed-account-7ac32db4e3484ce2dc22","791","2026-03-15","","","csvref-entry-5dfe90b77bffa83e42588aecf41cb8b5","purchase","شراء ذهب","شراء ذهب: seed-account-7ac32db4e3484ce2dc22 -> acct_non_inventory_001","1.82","0.00","2.12","0.00","1.82","0.00","6667.033036","13200.00","0.00","0.00","20.89","140340.32","6718.062231","customer_purchase","inbound"
"كسر أفرنجي","seed-account-7ac32db4e3484ce2dc22","seed-account-7ac32db4e3484ce2dc22","793","2026-03-15","","","csvref-entry-f1acd1127292b28393165d3d1636149d","purchase","شراء ذهب","شراء ذهب: seed-account-7ac32db4e3484ce2dc22 -> acct_non_inventory_001","0.84","0.00","0.98","0.00","0.84","0.00","6718.062231","6175.00","0.00","0.00","21.73","146515.32","6742.536585","customer_purchase","inbound"
"كسر أفرنجي","seed-account-7ac32db4e3484ce2dc22","seed-account-7ac32db4e3484ce2dc22","796","2026-03-15","","","csvref-entry-b7c04f058bf25bf05f096d89f34f8472","purchase","شراء ذهب","شراء ذهب: seed-account-7ac32db4e3484ce2dc22 -> acct_non_inventory_001","1.26","0.00","1.47","0.00","1.26","0.00","6742.536585","9200.00","0.00","0.00","22.99","155715.32","6773.176164","customer_purchase","inbound"
"كسر أفرنجي","seed-account-7ac32db4e3484ce2dc22","seed-account-7ac32db4e3484ce2dc22","797","2026-03-15","","","csvref-entry-440ef593b67fcd63a0ed88aa3fbb3c0d","purchase","شراء ذهب","شراء ذهب: seed-account-7ac32db4e3484ce2dc22 -> acct_non_inventory_001","1.13","0.00","1.32","0.00","1.13","0.00","6773.176164","8200.00","0.00","0.00","24.12","163915.32","6795.825871","customer_purchase","inbound"
"كسر أفرنجي","seed-account-7ac32db4e3484ce2dc22","seed-account-7ac32db4e3484ce2dc22","798","2026-03-15","","","csvref-entry-0e51c497ed8886fe58a16452a6f20471","purchase","شراء ذهب","شراء ذهب: seed-account-7ac32db4e3484ce2dc22 -> acct_non_inventory_001","1.35","0.00","1.57","0.00","1.35","0.00","6795.825871","9750.00","0.00","0.00","25.47","173665.32","6818.426384","customer_purchase","inbound"
"كسر أفرنجي","seed-account-7ac32db4e3484ce2dc22","seed-account-7ac32db4e3484ce2dc22","801","2026-03-16","","","csvref-entry-af2c91c62f15cad15bc6b1209a2e68a2","purchase","شراء ذهب","شراء ذهب: seed-account-7ac32db4e3484ce2dc22 -> acct_non_inventory_001","1.66","0.00","1.94","0.00","1.66","0.00","6818.426384","11900.00","0.00","0.00","27.13","185565.32","6839.856985","customer_purchase","inbound"
"كسر أفرنجي","seed-account-7ac32db4e3484ce2dc22","seed-account-7ac32db4e3484ce2dc22","802","2026-03-16","","","csvref-entry-04e902b7d096cb4824e08eaba84e20cb","purchase","شراء ذهب","شراء ذهب: seed-account-7ac32db4e3484ce2dc22 -> acct_non_inventory_001","0.66","0.00","0.77","0.00","0.66","0.00","6839.856985","4700.00","0.00","0.00","27.79","190265.32","6846.539043","customer_purchase","inbound"
"كسر أفرنجي","seed-account-7ac32db4e3484ce2dc22","seed-account-7ac32db4e3484ce2dc22","811","2026-03-17","","","csvref-entry-6262a26f2ab5e52aee42135a66358aa3","purchase","شراء ذهب","شراء ذهب: seed-account-7ac32db4e3484ce2dc22 -> acct_non_inventory_001","2.01","0.00","2.34","0.00","2.01","0.00","6846.539043","14300.00","0.00","0.00","29.80","204565.32","6864.608054","customer_purchase","inbound"
"كسر أفرنجي","seed-account-7ac32db4e3484ce2dc22","seed-account-7ac32db4e3484ce2dc22","814","2026-03-17","","","csvref-entry-a105454eb7c26cc96c70d935179f2529","purchase","شراء ذهب","شراء ذهب: seed-account-7ac32db4e3484ce2dc22 -> acct_non_inventory_001","6.43","0.00","7.50","0.00","6.43","0.00","6864.608054","45700.00","0.00","0.00","36.23","250265.32","6907.682031","customer_purchase","inbound"
"كسر أفرنجي","seed-account-7ac32db4e3484ce2dc22","seed-account-7ac32db4e3484ce2dc22","818","2026-03-17","","","csvref-entry-81738cc5d1ce7ed2e0e03f839ad9d976","purchase","شراء ذهب","شراء ذهب: seed-account-7ac32db4e3484ce2dc22 -> acct_non_inventory_001","1.48","0.00","1.73","0.00","1.48","0.00","6907.682031","10500.00","0.00","0.00","37.71","260765.32","6915.017767","customer_purchase","inbound"
"كسر أفرنجي","seed-account-7ac32db4e3484ce2dc22","seed-account-7ac32db4e3484ce2dc22","820","2026-03-17","","","csvref-entry-41428e5f09b6a9f81ea0c52c34734d41","purchase","شراء ذهب","شراء ذهب: seed-account-7ac32db4e3484ce2dc22 -> acct_non_inventory_001","0.94","0.00","1.10","0.00","0.94","0.00","6915.017767","6700.00","0.00","0.00","38.65","267465.32","6920.189392","customer_purchase","inbound"
"كسر أفرنجي","seed-account-7ac32db4e3484ce2dc22","seed-account-7ac32db4e3484ce2dc22","823","2026-03-18","","","csvref-entry-f804c386f52bb0af4c5074bbf1ee20b2","purchase","شراء ذهب","شراء ذهب: seed-account-7ac32db4e3484ce2dc22 -> acct_non_inventory_001","1.80","0.00","2.10","0.00","1.80","0.00","6920.189392","12500.00","0.00","0.00","40.45","279965.32","6921.268727","customer_purchase","inbound"
"كسر أفرنجي","seed-account-7ac32db4e3484ce2dc22","seed-account-7ac32db4e3484ce2dc22","827","2026-03-18","","","csvref-entry-0697b57cf2f58e7ede1f9c638a8c9648","purchase","شراء ذهب","شراء ذهب: seed-account-7ac32db4e3484ce2dc22 -> acct_non_inventory_001","1.68","0.00","1.96","0.00","1.68","0.00","6921.268727","11760.00","0.00","0.00","42.13","291725.32","6924.408260","customer_purchase","inbound"
"كسر أفرنجي","seed-account-7ac32db4e3484ce2dc22","seed-account-7ac32db4e3484ce2dc22","830","2026-03-19","","","csvref-entry-0877d9032623d41de198a7a050285e6b","purchase","شراء ذهب","شراء ذهب: seed-account-7ac32db4e3484ce2dc22 -> acct_non_inventory_001","1.12","0.00","1.31","0.00","1.12","0.00","6924.408260","7725.00","0.00","0.00","43.25","299450.32","6923.706821","customer_purchase","inbound"
"كسر أفرنجي","seed-account-7ac32db4e3484ce2dc22","seed-account-7ac32db4e3484ce2dc22","833","2026-03-19","","","csvref-entry-ab686528b5547541a231c509ea7a4e92","purchase","شراء ذهب","شراء ذهب: seed-account-7ac32db4e3484ce2dc22 -> acct_non_inventory_001","1.32","0.00","1.54","0.00","1.32","0.00","6923.706821","9100.00","0.00","0.00","44.57","308550.32","6922.825219","customer_purchase","inbound"
"كسر أفرنجي","seed-account-7ac32db4e3484ce2dc22","seed-account-7ac32db4e3484ce2dc22","835","2026-03-19","","","csvref-entry-378c53c1289bd1f09b00a16fb2238fa9","purchase","شراء ذهب","شراء ذهب: seed-account-7ac32db4e3484ce2dc22 -> acct_non_inventory_001","1.10","0.00","1.28","0.00","1.10","0.00","6922.825219","7500.00","0.00","0.00","45.67","316050.32","6920.304795","customer_purchase","inbound"
"كسر أفرنجي","seed-account-7ac32db4e3484ce2dc22","seed-account-7ac32db4e3484ce2dc22","839","2026-03-19","","","csvref-entry-8cd55c561b2896e23f01fec09d963439","merchant_settlement","حساب تاجر ذهب","حساب تاجر ذهب: acct_non_inventory_040 -> seed-account-7ac32db4e3484ce2dc22","0.00","29.01","0.00","33.84","0.00","29.01","6920.304795","0.00","0.00","0.00","16.66","316050.32","18970.607443","merchant_delivery","other"
"كسر أفرنجي","seed-account-7ac32db4e3484ce2dc22","seed-account-7ac32db4e3484ce2dc22","842","2026-03-19","","","csvref-entry-7e4276fd1d4115a2974b297abe603e15","tifeet","تيفيت","تيفيت: seed-account-d6d361a10f6d7735f5a2 -> seed-account-7ac32db4e3484ce2dc22","0.00","0.48","0.00","0.56","0.00","0.48","18970.607443","0.00","9105.90","0.00","16.18","306944.42","18970.606922","tafyeet","tafkeet"
"كسر أفرنجي","seed-account-7ac32db4e3484ce2dc22","seed-account-7ac32db4e3484ce2dc22","845","2026-03-20","","","csvref-entry-f5a4f85f1c11af552a1c8994919dc617","tifeet","تيفيت","تيفيت: seed-account-960d86a1b65899e364b7 -> seed-account-7ac32db4e3484ce2dc22","0.00","0.66","0.00","0.77","0.00","0.66","18970.606922","0.00","12520.60","0.00","15.52","294423.82","18970.606959","tafyeet","tafkeet"
"كسر أفرنجي","seed-account-7ac32db4e3484ce2dc22","seed-account-7ac32db4e3484ce2dc22","846","2026-03-20","","","csvref-entry-be495b3770fc647a7c4e530bbe2c0a3e","tifeet","تيفيت","تيفيت: seed-account-cb5d499baa26a3db6f1c -> seed-account-7ac32db4e3484ce2dc22","0.00","0.97","0.00","1.13","0.00","0.97","18970.606959","0.00","18401.47","0.00","14.55","276022.35","18970.608247","tafyeet","tafkeet"
"كسر أفرنجي","seed-account-7ac32db4e3484ce2dc22","seed-account-7ac32db4e3484ce2dc22","848","2026-03-20","","","csvref-entry-9a0be33c50b8600829b207f6f11a0830","tifeet","تيفيت","تيفيت: seed-account-7a7da1fd500bce293e8b -> seed-account-7ac32db4e3484ce2dc22","0.00","1.82","0.00","2.12","0.00","1.82","18970.608247","0.00","34526.48","0.00","12.73","241495.87","18970.610369","tafyeet","tafkeet"
"كسر أفرنجي","seed-account-7ac32db4e3484ce2dc22","seed-account-7ac32db4e3484ce2dc22","849","2026-03-20","","","csvref-entry-2b47a8d3eda9611645ebcc42cd3463d9","tifeet","تيفيت","تيفيت: seed-account-6b34c4189c5376f463c7 -> seed-account-7ac32db4e3484ce2dc22","0.00","1.68","0.00","1.96","0.00","1.68","18970.610369","0.00","31870.63","0.00","11.05","209625.24","18970.609955","tafyeet","tafkeet"
"كسر أفرنجي","seed-account-7ac32db4e3484ce2dc22","seed-account-7ac32db4e3484ce2dc22","850","2026-03-20","","","csvref-entry-4f2ec16fd2413ee474976cc6aaf363d2","tifeet","تيفيت","تيفيت: seed-account-f7259c51816b3eca60b0 -> seed-account-7ac32db4e3484ce2dc22","0.00","6.33","0.00","7.38","0.00","6.33","18970.609955","0.00","120083.92","0.00","4.72","89541.32","18970.618644","tafyeet","tafkeet"
"كسر أفرنجي","seed-account-7ac32db4e3484ce2dc22","seed-account-7ac32db4e3484ce2dc22","851","2026-03-20","","","csvref-entry-1eb4e5679e3629b284a73ab16a7c37f5","tifeet","تيفيت","تيفيت: seed-account-3d2cf6d12174291e9009 -> seed-account-7ac32db4e3484ce2dc22","0.00","2.15","0.00","2.51","0.00","2.15","18970.618644","0.00","40786.83","0.00","2.57","48754.49","18970.618677","tafyeet","tafkeet"
"كسر أفرنجي","seed-account-7ac32db4e3484ce2dc22","seed-account-7ac32db4e3484ce2dc22","853","2026-03-21","","","csvref-entry-e11866154aade1fab72b2a919a0f414f","purchase","شراء ذهب","شراء ذهب: seed-account-7ac32db4e3484ce2dc22 -> acct_non_inventory_001","0.28","0.00","0.33","0.00","0.28","0.00","18970.618677","1920.00","0.00","0.00","2.85","50674.49","17780.522807","customer_purchase","inbound"
"كسر أفرنجي","seed-account-7ac32db4e3484ce2dc22","seed-account-7ac32db4e3484ce2dc22","863","2026-03-22","","","csvref-entry-a5fb854b1542c7892aec432bd8121a2a","purchase","شراء ذهب","شراء ذهب: seed-account-7ac32db4e3484ce2dc22 -> acct_non_inventory_001","4.16","0.00","4.85","0.00","4.16","0.00","17780.522807","28100.00","0.00","0.00","7.01","78774.49","11237.445078","customer_purchase","inbound"
"كسر أفرنجي","seed-account-7ac32db4e3484ce2dc22","seed-account-7ac32db4e3484ce2dc22","873","2026-03-23","","","csvref-entry-abb527ea08db2b8972eec0449c8e8b11","purchase","شراء ذهب","شراء ذهب: seed-account-7ac32db4e3484ce2dc22 -> acct_non_inventory_001","3.00","0.00","3.50","0.00","3.00","0.00","11237.445078","20550.00","0.00","0.00","10.01","99324.49","9922.526474","customer_purchase","inbound"
"كسر أفرنجي","seed-account-7ac32db4e3484ce2dc22","seed-account-7ac32db4e3484ce2dc22","874","2026-03-23","","","csvref-entry-1116ec7ed238bdbe11f9012ebcf93ad8","adjustment","تسوية","تسوية: seed-account-7ac32db4e3484ce2dc22 -> acct_non_inventory_056","0.09","0.00","0.10","0.00","0.09","0.00","9922.526474","893.02","0.00","893.02","10.10","100217.51","9922.525743","surplus","adjustment"
"كسر أفرنجي","seed-account-7ac32db4e3484ce2dc22","seed-account-7ac32db4e3484ce2dc22","876","2026-03-23","","","csvref-entry-388d097b7f7107bf508444b7e0ea1a58","purchase","شراء ذهب","شراء ذهب: seed-account-7ac32db4e3484ce2dc22 -> acct_non_inventory_001","2.31","0.00","2.69","0.00","2.31","0.00","9922.525743","15800.00","0.00","0.00","12.41","116017.51","9348.711523","customer_purchase","inbound"
"كسر أفرنجي","seed-account-7ac32db4e3484ce2dc22","seed-account-7ac32db4e3484ce2dc22","883","2026-03-23","","","csvref-entry-82feeb800fb46082de695de66f5b838f","purchase","شراء ذهب","شراء ذهب: seed-account-7ac32db4e3484ce2dc22 -> acct_non_inventory_001","1.79","0.00","2.09","0.00","1.79","0.00","9348.711523","12300.00","0.00","0.00","14.20","128317.51","9036.444366","customer_purchase","inbound"
"كسر أفرنجي","seed-account-7ac32db4e3484ce2dc22","seed-account-7ac32db4e3484ce2dc22","885","2026-03-24","","","csvref-entry-c79ee5f29f265c2887cf2e3009eef841","purchase","شراء ذهب","شراء ذهب: seed-account-7ac32db4e3484ce2dc22 -> acct_non_inventory_001","0.97","0.00","1.13","0.00","0.97","0.00","9036.444366","6400.00","0.00","0.00","15.17","134717.51","8880.521424","customer_purchase","inbound"
"كسر أفرنجي","seed-account-7ac32db4e3484ce2dc22","seed-account-7ac32db4e3484ce2dc22","887","2026-03-24","","","csvref-entry-212993509e3c0392876429cded5915fc","purchase","شراء ذهب","شراء ذهب: seed-account-7ac32db4e3484ce2dc22 -> acct_non_inventory_001","42.86","0.00","50.00","0.00","42.86","0.00","8880.521424","288880.00","0.00","0.00","58.03","423597.51","7299.629674","customer_purchase","inbound"
"كسر أفرنجي","seed-account-7ac32db4e3484ce2dc22","seed-account-7ac32db4e3484ce2dc22","892","2026-03-24","","","csvref-entry-af44a68a0affeb9a71fa4aa621c7c799","purchase","شراء ذهب","شراء ذهب: seed-account-7ac32db4e3484ce2dc22 -> acct_non_inventory_001","0.69","0.00","0.81","0.00","0.69","0.00","7299.629674","4615.00","0.00","0.00","58.72","428212.51","7292.447377","customer_purchase","inbound"
"كسر أفرنجي","seed-account-7ac32db4e3484ce2dc22","seed-account-7ac32db4e3484ce2dc22","894","2026-03-24","","","csvref-entry-e4d17130fe7313ed8e23699625bd6459","purchase","شراء ذهب","شراء ذهب: seed-account-7ac32db4e3484ce2dc22 -> acct_non_inventory_001","0.94","0.00","1.10","0.00","0.94","0.00","7292.447377","6300.00","0.00","0.00","59.66","434512.51","7283.146329","customer_purchase","inbound"
"كسر أفرنجي","seed-account-7ac32db4e3484ce2dc22","seed-account-7ac32db4e3484ce2dc22","905","2026-03-24","","","csvref-entry-ceaffd3a4a99440704f93e9cb05c1ca9","purchase","شراء ذهب","شراء ذهب: seed-account-7ac32db4e3484ce2dc22 -> acct_non_inventory_001","2.14","0.00","2.50","0.00","2.14","0.00","7283.146329","14200.00","0.00","0.00","61.80","448712.51","7260.720227","customer_purchase","inbound"
"كسر أفرنجي","seed-account-7ac32db4e3484ce2dc22","seed-account-7ac32db4e3484ce2dc22","906","2026-03-24","","","csvref-entry-c94aadac8e53571fcf241d3fd5bb8465","merchant_settlement","حساب تاجر ذهب","حساب تاجر ذهب: acct_non_inventory_039 -> seed-account-7ac32db4e3484ce2dc22","0.00","42.86","0.00","50.00","0.00","42.86","7260.720227","0.00","0.00","0.00","18.94","448712.51","23691.262408","merchant_delivery","other"
"كسر أفرنجي","seed-account-7ac32db4e3484ce2dc22","seed-account-7ac32db4e3484ce2dc22","907","2026-03-24","","","csvref-entry-dbaf04a6e2c2500de5fa9a2afdd7e761","tifeet","تيفيت","تيفيت: seed-account-960d86a1b65899e364b7 -> seed-account-7ac32db4e3484ce2dc22","0.00","0.28","0.00","0.33","0.00","0.28","23691.262408","0.00","6633.56","0.00","18.66","442078.95","23691.262058","tafyeet","tafkeet"
"كسر أفرنجي","seed-account-7ac32db4e3484ce2dc22","seed-account-7ac32db4e3484ce2dc22","908","2026-03-24","","","csvref-entry-e5c468f24f964bf52b20c8737ce01668","tifeet","تيفيت","تيفيت: seed-account-d6d361a10f6d7735f5a2 -> seed-account-7ac32db4e3484ce2dc22","0.00","0.21","0.00","0.25","0.00","0.21","23691.262058","0.00","4975.18","0.00","18.45","437103.77","23691.261247","tafyeet","tafkeet"
"كسر أفرنجي","seed-account-7ac32db4e3484ce2dc22","seed-account-7ac32db4e3484ce2dc22","909","2026-03-24","","","csvref-entry-78697b6fa9521d7a58114f6b0370678c","tifeet","تيفيت","تيفيت: seed-account-7a7da1fd500bce293e8b -> seed-account-7ac32db4e3484ce2dc22","0.00","1.31","0.00","1.53","0.00","1.31","23691.261247","0.00","31035.56","0.00","17.14","406068.21","23691.260793","tafyeet","tafkeet"
"كسر أفرنجي","seed-account-7ac32db4e3484ce2dc22","seed-account-7ac32db4e3484ce2dc22","910","2026-03-24","","","csvref-entry-a03b4c99988638cf60e84bc98f4224d3","tifeet","تيفيت","تيفيت: seed-account-3d2cf6d12174291e9009 -> seed-account-7ac32db4e3484ce2dc22","0.00","2.30","0.00","2.68","0.00","2.30","23691.260793","0.00","54489.90","0.00","14.84","351578.31","23691.260782","tafyeet","tafkeet"
"كسر أفرنجي","seed-account-7ac32db4e3484ce2dc22","seed-account-7ac32db4e3484ce2dc22","911","2026-03-24","","","csvref-entry-cb964b9e547ef2e23e1f197160100855","tifeet","تيفيت","تيفيت: seed-account-f7259c51816b3eca60b0 -> seed-account-7ac32db4e3484ce2dc22","0.00","1.92","0.00","2.24","0.00","1.92","23691.260782","0.00","45487.22","0.00","12.92","306091.09","23691.260836","tafyeet","tafkeet"
"كسر أفرنجي","seed-account-7ac32db4e3484ce2dc22","seed-account-7ac32db4e3484ce2dc22","912","2026-03-24","","","csvref-entry-6edcb9f29c068478121d7e4fc6f148c2","tifeet","تيفيت","تيفيت: seed-account-abefcfd780de9b384dc5 -> seed-account-7ac32db4e3484ce2dc22","0.00","2.25","0.00","2.62","0.00","2.25","23691.260836","0.00","53305.33","0.00","10.67","252785.76","23691.261481","tafyeet","tafkeet"
"كسر أفرنجي","seed-account-7ac32db4e3484ce2dc22","seed-account-7ac32db4e3484ce2dc22","913","2026-03-25","","","csvref-entry-cbabf313d27e2394e0d96ac2b6d588aa","adjustment","تسوية","تسوية: seed-account-7ac32db4e3484ce2dc22 -> acct_non_inventory_056","0.09","0.00","0.10","0.00","0.09","0.00","23691.261481","2132.21","0.00","2132.21","10.76","254917.97","23691.261152","surplus","adjustment"
"كسر أفرنجي","seed-account-7ac32db4e3484ce2dc22","seed-account-7ac32db4e3484ce2dc22","914","2026-03-25","","","csvref-entry-2e7c2f2982a2ef861825e64af051d137","purchase","شراء ذهب","شراء ذهب: seed-account-7ac32db4e3484ce2dc22 -> acct_non_inventory_001","1.46","0.00","1.70","0.00","1.46","0.00","23691.261152","9500.00","0.00","0.00","12.22","264417.97","21638.131751","customer_purchase","inbound"
"كسر أفرنجي","seed-account-7ac32db4e3484ce2dc22","seed-account-7ac32db4e3484ce2dc22","915","2026-03-25","","","csvref-entry-3a5f1d61ec99a057b8d67d4d1a99be0a","tifeet","تيفيت","تيفيت: seed-account-7a7da1fd500bce293e8b -> seed-account-7ac32db4e3484ce2dc22","0.00","0.94","0.00","1.10","0.00","0.94","21638.131751","0.00","20339.85","0.00","11.28","244078.12","21638.131206","tafyeet","tafkeet"
"كسر أفرنجي","seed-account-7ac32db4e3484ce2dc22","seed-account-7ac32db4e3484ce2dc22","921","2026-03-25","","","csvref-entry-947968a6b64ab6f08fdef3732cab8a29","tifeet","تيفيت","تيفيت: seed-account-960d86a1b65899e364b7 -> seed-account-7ac32db4e3484ce2dc22","0.00","0.35","0.00","0.41","0.00","0.35","21638.131206","0.00","7573.35","0.00","10.93","236504.77","21638.130833","tafyeet","tafkeet"
"كسر أفرنجي","seed-account-7ac32db4e3484ce2dc22","seed-account-7ac32db4e3484ce2dc22","935","2026-03-26","","","csvref-entry-75b231219d9adfe802d2632b930fc189","purchase","شراء ذهب","شراء ذهب: seed-account-7ac32db4e3484ce2dc22 -> acct_non_inventory_001","0.56","0.00","0.65","0.00","0.56","0.00","21638.130833","3700.00","0.00","0.00","11.49","240204.77","20905.550044","customer_purchase","inbound"
"كسر أفرنجي","seed-account-7ac32db4e3484ce2dc22","seed-account-7ac32db4e3484ce2dc22","937","2026-03-26","","","csvref-entry-9c9743b74137cbe6d3548718e85fd7d9","purchase","شراء ذهب","شراء ذهب: seed-account-7ac32db4e3484ce2dc22 -> acct_non_inventory_001","0.62","0.00","0.72","0.00","0.62","0.00","20905.550044","4125.00","0.00","0.00","12.11","244329.77","20175.868704","customer_purchase","inbound"
"كسر أفرنجي","seed-account-7ac32db4e3484ce2dc22","seed-account-7ac32db4e3484ce2dc22","940","2026-03-26","","","csvref-entry-2d8c24ef7a8223ea5ad9a2be3c4dea2d","purchase","شراء ذهب","شراء ذهب: seed-account-7ac32db4e3484ce2dc22 -> acct_non_inventory_001","2.25","0.00","2.62","0.00","2.25","0.00","20175.868704","16700.00","0.00","0.00","14.36","261029.77","18177.560585","customer_purchase","inbound"
"كسر أفرنجي","seed-account-7ac32db4e3484ce2dc22","seed-account-7ac32db4e3484ce2dc22","948","2026-03-27","","","csvref-entry-5bace7d67cc0d48c452e447e1bd91458","purchase","شراء ذهب","شراء ذهب: seed-account-7ac32db4e3484ce2dc22 -> acct_non_inventory_001","0.42","0.00","0.49","0.00","0.42","0.00","18177.560585","2800.00","0.00","0.00","14.78","263829.77","17850.458051","customer_purchase","inbound"
"كسر أفرنجي","seed-account-7ac32db4e3484ce2dc22","seed-account-7ac32db4e3484ce2dc22","949","2026-03-27","","","csvref-entry-037666e9b7d690aaebdfac44bed778e8","purchase","شراء ذهب","شراء ذهب: seed-account-7ac32db4e3484ce2dc22 -> acct_non_inventory_001","1.44","0.00","1.68","0.00","1.44","0.00","17850.458051","9650.00","0.00","0.00","16.22","273479.77","16860.651665","customer_purchase","inbound"
"كسر أفرنجي","seed-account-7ac32db4e3484ce2dc22","seed-account-7ac32db4e3484ce2dc22","950","2026-03-27","","","csvref-entry-983b4cfebdc7570f004aec8e9fd8fee6","purchase","شراء ذهب","شراء ذهب: seed-account-7ac32db4e3484ce2dc22 -> acct_non_inventory_001","3.21","0.00","3.75","0.00","3.21","0.00","16860.651665","21500.00","0.00","0.00","19.43","294979.77","15181.665980","customer_purchase","inbound"
"كسر أفرنجي","seed-account-7ac32db4e3484ce2dc22","seed-account-7ac32db4e3484ce2dc22","954","2026-03-27","","","csvref-entry-720fd46701251b7760e00aa41ea63097","purchase","شراء ذهب","شراء ذهب: seed-account-7ac32db4e3484ce2dc22 -> acct_non_inventory_001","0.72","0.00","0.84","0.00","0.72","0.00","15181.665980","4825.00","0.00","0.00","20.15","299804.77","14878.648635","customer_purchase","inbound"
"كسر أفرنجي","seed-account-7ac32db4e3484ce2dc22","seed-account-7ac32db4e3484ce2dc22","956","2026-03-27","","","csvref-entry-2b9009b9c8d68c69356e7d8bccb7b638","purchase","شراء ذهب","شراء ذهب: seed-account-7ac32db4e3484ce2dc22 -> acct_non_inventory_001","20.96","0.00","24.45","0.00","20.96","0.00","14878.648635","140500.00","0.00","0.00","41.11","440304.77","10710.405497","customer_purchase","inbound"
"كسر أفرنجي","seed-account-7ac32db4e3484ce2dc22","seed-account-7ac32db4e3484ce2dc22","957","2026-03-27","","","csvref-entry-f156a1dc31524886a044615df6b257d4","purchase","شراء ذهب","شراء ذهب: seed-account-7ac32db4e3484ce2dc22 -> acct_non_inventory_001","4.94","0.00","5.76","0.00","4.94","0.00","10710.405497","33275.00","0.00","0.00","46.05","473579.77","10284.034093","customer_purchase","inbound"
"كسر أفرنجي","seed-account-7ac32db4e3484ce2dc22","seed-account-7ac32db4e3484ce2dc22","958","2026-03-27","","","csvref-entry-081ef5c29eae1ff1102ba60d27e0635c","purchase","شراء ذهب","شراء ذهب: seed-account-7ac32db4e3484ce2dc22 -> acct_non_inventory_001","0.58","0.00","0.68","0.00","0.58","0.00","10284.034093","3875.00","0.00","0.00","46.63","477454.77","10239.218743","customer_purchase","inbound"
"كسر أفرنجي","seed-account-7ac32db4e3484ce2dc22","seed-account-7ac32db4e3484ce2dc22","960","2026-03-28","","","csvref-entry-4c71c872d6482338ca1fb382c26af829","purchase","شراء ذهب","شراء ذهب: seed-account-7ac32db4e3484ce2dc22 -> acct_non_inventory_001","0.15","0.00","0.18","0.00","0.15","0.00","10239.218743","975.00","0.00","0.00","46.78","478429.77","10227.228944","customer_purchase","inbound"
"كسر أفرنجي","seed-account-7ac32db4e3484ce2dc22","seed-account-7ac32db4e3484ce2dc22","964","2026-03-28","","","csvref-entry-27a6355dab0eb90ba08514fa65020083","purchase","شراء ذهب","شراء ذهب: seed-account-7ac32db4e3484ce2dc22 -> acct_non_inventory_001","26.92","0.00","31.41","0.00","26.92","0.00","10227.228944","181500.00","0.00","0.00","73.70","659929.77","8954.270963","customer_purchase","inbound"
"كسر أفرنجي","seed-account-7ac32db4e3484ce2dc22","seed-account-7ac32db4e3484ce2dc22","965","2026-03-28","","","csvref-entry-02966d82ea0aee1657468d2dddf07b83","tifeet","تيفيت","تيفيت: seed-account-6b34c4189c5376f463c7 -> seed-account-7ac32db4e3484ce2dc22","0.00","1.77","0.00","2.06","0.00","1.77","8954.270963","0.00","15849.06","0.00","71.93","644080.71","8954.270958","tafyeet","tafkeet"
"كسر أفرنجي","seed-account-7ac32db4e3484ce2dc22","seed-account-7ac32db4e3484ce2dc22","966","2026-03-28","","","csvref-entry-dea095debca0b4913a1d75626f10fbdb","sale","بيع ذهب","بيع ذهب: acct_non_inventory_001 -> seed-account-7ac32db4e3484ce2dc22","0.00","19.93","0.00","23.25","0.00","19.93","8954.270958","0.00","178458.62","0.00","52.00","465622.09","8954.270962","sale","outbound"
"كسر أفرنجي","seed-account-7ac32db4e3484ce2dc22","seed-account-7ac32db4e3484ce2dc22","967","2026-03-28","","","csvref-entry-29704951224e0e1e116912366e6b8b1d","tifeet","تيفيت","تيفيت: seed-account-d6d361a10f6d7735f5a2 -> seed-account-7ac32db4e3484ce2dc22","0.00","0.21","0.00","0.25","0.00","0.21","8954.270962","0.00","1880.40","0.00","51.79","463741.69","8954.270902","tafyeet","tafkeet"
"كسر أفرنجي","seed-account-7ac32db4e3484ce2dc22","seed-account-7ac32db4e3484ce2dc22","968","2026-03-28","","","csvref-entry-66d96737e06d6d57632f4efe0e2a20b0","tifeet","تيفيت","تيفيت: seed-account-3d2cf6d12174291e9009 -> seed-account-7ac32db4e3484ce2dc22","0.00","1.18","0.00","1.38","0.00","1.18","8954.270902","0.00","10566.04","0.00","50.61","453175.65","8954.270895","tafyeet","tafkeet"
"كسر أفرنجي","seed-account-7ac32db4e3484ce2dc22","seed-account-7ac32db4e3484ce2dc22","969","2026-03-28","","","csvref-entry-5d480ff58ca7dc2ef036a25c44f965b8","tifeet","تيفيت","تيفيت: seed-account-cb5d499baa26a3db6f1c -> seed-account-7ac32db4e3484ce2dc22","0.00","3.21","0.00","3.74","0.00","3.21","8954.270895","0.00","28743.21","0.00","47.40","424432.44","8954.270886","tafyeet","tafkeet"
"كسر أفرنجي","seed-account-7ac32db4e3484ce2dc22","seed-account-7ac32db4e3484ce2dc22","970","2026-03-28","","","csvref-entry-477f18a3480624b1aa26c1def010d0d9","sale","بيع ذهب","بيع ذهب: acct_non_inventory_001 -> seed-account-7ac32db4e3484ce2dc22","0.00","1.47","0.00","1.72","0.00","1.47","8954.270886","0.00","13162.78","0.00","45.93","411269.66","8954.270847","sale","outbound"
"كسر أفرنجي","seed-account-7ac32db4e3484ce2dc22","seed-account-7ac32db4e3484ce2dc22","971","2026-03-28","","","csvref-entry-3f6ae124c69dc560c2ccb2249c313d32","tifeet","تيفيت","تيفيت: seed-account-f7259c51816b3eca60b0 -> seed-account-7ac32db4e3484ce2dc22","0.00","1.47","0.00","1.71","0.00","1.47","8954.270847","0.00","13162.78","0.00","44.46","398106.88","8954.270805","tafyeet","tafkeet"
"كسر أفرنجي","seed-account-7ac32db4e3484ce2dc22","seed-account-7ac32db4e3484ce2dc22","972","2026-03-28","","","csvref-entry-14c8c35cbf4d8eebe93e8610d820fede","tifeet","تيفيت","تيفيت: seed-account-888be625b60c2a8405b9 -> seed-account-7ac32db4e3484ce2dc22","0.00","11.09","0.00","12.94","0.00","11.09","8954.270805","0.00","99302.87","0.00","33.37","298804.01","8954.270602","tafyeet","tafkeet"
"كسر أفرنجي","seed-account-7ac32db4e3484ce2dc22","seed-account-7ac32db4e3484ce2dc22","978","2026-03-30","","","csvref-entry-68335d1fd30038699e8a9787c4ac9a1a","purchase","شراء ذهب","شراء ذهب: seed-account-7ac32db4e3484ce2dc22 -> acct_non_inventory_001","1.35","0.00","1.57","0.00","1.35","0.00","8954.270602","9300.00","0.00","0.00","34.72","308104.01","8873.963422","customer_purchase","inbound"
"كسر أفرنجي","seed-account-7ac32db4e3484ce2dc22","seed-account-7ac32db4e3484ce2dc22","985","2026-03-30","","","csvref-entry-c03e506fe227a4b310d74749c658c5fe","transfer","تحويل","تحويل: seed-account-7ac32db4e3484ce2dc22 -> seed-account-6b34c4189c5376f463c7","0.44","0.00","0.51","0.00","0.44","0.00","8873.963422","2856.72","0.00","0.00","35.16","310960.73","8844.161832","transfer","transfer"
"كسر أفرنجي","seed-account-7ac32db4e3484ce2dc22","seed-account-7ac32db4e3484ce2dc22","989","2026-03-30","","","csvref-entry-4229017f84206246cd9862162f63982f","purchase","شراء ذهب","شراء ذهب: seed-account-7ac32db4e3484ce2dc22 -> acct_non_inventory_001","1.35","0.00","1.57","0.00","1.35","0.00","8844.161832","9150.00","0.00","0.00","36.51","320110.73","8767.754862","customer_purchase","inbound"
"كسر أفرنجي","seed-account-7ac32db4e3484ce2dc22","seed-account-7ac32db4e3484ce2dc22","990","2026-03-30","","","csvref-entry-3b3cead74d1cb9fe860607c2dd47536f","sale","بيع ذهب","بيع ذهب: acct_non_inventory_001 -> seed-account-7ac32db4e3484ce2dc22","0.00","21.56","0.00","25.15","0.00","21.56","8767.754862","0.00","189032.80","0.00","14.95","131077.93","8767.754515","sale","outbound"
"كسر أفرنجي","seed-account-7ac32db4e3484ce2dc22","seed-account-7ac32db4e3484ce2dc22","997","2026-03-31","","","csvref-entry-283a8c025f707ec843662d34f8b5304c","purchase","شراء ذهب","شراء ذهب: seed-account-7ac32db4e3484ce2dc22 -> acct_non_inventory_001","1.83","0.00","2.14","0.00","1.83","0.00","8767.754515","12700.00","0.00","0.00","16.78","143777.93","8568.410608","customer_purchase","inbound"
"كسر أفرنجي","seed-account-7ac32db4e3484ce2dc22","seed-account-7ac32db4e3484ce2dc22","999","2026-03-31","","","csvref-entry-2a166ed87f3aaa2dfffe31d228a9baf1","purchase","شراء ذهب","شراء ذهب: seed-account-7ac32db4e3484ce2dc22 -> acct_non_inventory_001","0.81","0.00","0.94","0.00","0.81","0.00","8568.410608","5700.00","0.00","0.00","17.59","149477.93","8497.892553","customer_purchase","inbound"
"كسر أفرنجي","seed-account-7ac32db4e3484ce2dc22","seed-account-7ac32db4e3484ce2dc22","1000","2026-03-31","","","csvref-entry-03e8dbf49709a3572f2b4ca9023984ed","purchase","شراء ذهب","شراء ذهب: seed-account-7ac32db4e3484ce2dc22 -> acct_non_inventory_001","2.95","0.00","3.44","0.00","2.95","0.00","8497.892553","20200.00","0.00","0.00","20.54","169677.93","8260.853457","customer_purchase","inbound"
"كسر أفرنجي","seed-account-7ac32db4e3484ce2dc22","seed-account-7ac32db4e3484ce2dc22","1002","2026-03-31","","","csvref-entry-2999320ae0397609a748b8daf12d55ce","purchase","شراء ذهب","شراء ذهب: seed-account-7ac32db4e3484ce2dc22 -> acct_non_inventory_001","1.65","0.00","1.93","0.00","1.65","0.00","8260.853457","11670.00","0.00","0.00","22.19","181347.93","8172.506985","customer_purchase","inbound"
"كسر أفرنجي","seed-account-7ac32db4e3484ce2dc22","seed-account-7ac32db4e3484ce2dc22","1003","2026-03-31","","","csvref-entry-a4d62feddf176689facae3b8e0d67e46","tifeet","تيفيت","تيفيت: seed-account-3d2cf6d12174291e9009 -> seed-account-7ac32db4e3484ce2dc22","0.00","3.21","0.00","3.74","0.00","3.21","8172.506985","0.00","26233.74","0.00","18.98","155114.19","8172.507376","tafyeet","tafkeet"
"كسر أفرنجي","seed-account-7ac32db4e3484ce2dc22","seed-account-7ac32db4e3484ce2dc22","1004","2026-03-31","","","csvref-entry-25efe8ec1fa1f5cd36facf072077315b","tifeet","تيفيت","تيفيت: seed-account-d6d361a10f6d7735f5a2 -> seed-account-7ac32db4e3484ce2dc22","0.00","0.27","0.00","0.31","0.00","0.27","8172.507376","0.00","2206.57","0.00","18.71","152907.62","8172.507750","tafyeet","tafkeet"
"كسر أفرنجي","seed-account-7ac32db4e3484ce2dc22","seed-account-7ac32db4e3484ce2dc22","1005","2026-03-31","","","csvref-entry-64142b11f02dbed8cede28c2991a60fc","tifeet","تيفيت","تيفيت: seed-account-abefcfd780de9b384dc5 -> seed-account-7ac32db4e3484ce2dc22","0.00","1.35","0.00","1.57","0.00","1.35","8172.507750","0.00","11032.88","0.00","17.36","141874.74","8172.508065","tafyeet","tafkeet"
"كسر أفرنجي","seed-account-7ac32db4e3484ce2dc22","seed-account-7ac32db4e3484ce2dc22","1009","2026-04-01","","","csvref-entry-dc0f01a3b862d5fb4f82aad727ad4627","purchase","شراء ذهب","شراء ذهب: seed-account-7ac32db4e3484ce2dc22 -> acct_non_inventory_001","0.60","0.00","0.70","0.00","0.60","0.00","8172.508065","4230.00","0.00","0.00","17.96","146104.74","8135.007795","customer_purchase","inbound"
"كسر أفرنجي","seed-account-7ac32db4e3484ce2dc22","seed-account-7ac32db4e3484ce2dc22","1011","2026-04-01","","","csvref-entry-dd55133bf8be2af39daf231f944a0be5","purchase","شراء ذهب","شراء ذهب: seed-account-7ac32db4e3484ce2dc22 -> acct_non_inventory_001","1.29","0.00","1.51","0.00","1.29","0.00","8135.007795","9200.00","0.00","0.00","19.25","155304.74","8067.778701","customer_purchase","inbound"
"كسر أفرنجي","seed-account-7ac32db4e3484ce2dc22","seed-account-7ac32db4e3484ce2dc22","1013","2026-04-01","","","csvref-entry-84d17612cd2127e90e425d87bddd1ddc","tifeet","تيفيت","تيفيت: seed-account-3d2cf6d12174291e9009 -> seed-account-7ac32db4e3484ce2dc22","0.00","0.81","0.00","0.94","0.00","0.81","8067.778701","0.00","6534.90","0.00","18.44","148769.84","8067.778742","tafyeet","tafkeet"
"كسر أفرنجي","seed-account-7ac32db4e3484ce2dc22","seed-account-7ac32db4e3484ce2dc22","1014","2026-04-01","","","csvref-entry-c251977ef2061f691577bdc71682e00b","tifeet","تيفيت","تيفيت: seed-account-f7259c51816b3eca60b0 -> seed-account-7ac32db4e3484ce2dc22","0.00","1.65","0.00","1.92","0.00","1.65","8067.778742","0.00","13311.84","0.00","16.79","135458.00","8067.778440","tafyeet","tafkeet"
"كسر أفرنجي","seed-account-7ac32db4e3484ce2dc22","seed-account-7ac32db4e3484ce2dc22","1024","2026-04-02","","","csvref-entry-e86a424a97e9f13a1fb5521ef58b0fe9","purchase","شراء ذهب","شراء ذهب: seed-account-7ac32db4e3484ce2dc22 -> acct_non_inventory_001","0.81","0.00","0.95","0.00","0.81","0.00","8067.778440","5920.00","0.00","0.00","17.60","141378.00","8032.840909","customer_purchase","inbound"
"كسر أفرنجي","seed-account-7ac32db4e3484ce2dc22","seed-account-7ac32db4e3484ce2dc22","1032","2026-04-02","","","csvref-entry-fd4c245703cc516bcd996ef802619acb","purchase","شراء ذهب","شراء ذهب: seed-account-7ac32db4e3484ce2dc22 -> acct_non_inventory_001","0.63","0.00","0.74","0.00","0.63","0.00","8032.840909","4450.00","0.00","0.00","18.23","145828.00","7999.341744","customer_purchase","inbound"
"كسر أفرنجي","seed-account-7ac32db4e3484ce2dc22","seed-account-7ac32db4e3484ce2dc22","1033","2026-04-02","","","csvref-entry-2c47cff87a55e8620380c772d1c62c42","purchase","شراء ذهب","شراء ذهب: seed-account-7ac32db4e3484ce2dc22 -> acct_non_inventory_001","5.43","0.00","6.33","0.00","5.43","0.00","7999.341744","38250.00","0.00","0.00","23.66","184078.00","7780.135249","customer_purchase","inbound"
"كسر أفرنجي","seed-account-7ac32db4e3484ce2dc22","seed-account-7ac32db4e3484ce2dc22","1034","2026-04-02","","","csvref-entry-84c0bd69bd06dddd96fafa957a627446","purchase","شراء ذهب","شراء ذهب: seed-account-7ac32db4e3484ce2dc22 -> acct_non_inventory_001","0.32","0.00","0.37","0.00","0.32","0.00","7780.135249","2180.00","0.00","0.00","23.98","186258.00","7767.222686","customer_purchase","inbound"
"كسر أفرنجي","seed-account-7ac32db4e3484ce2dc22","seed-account-7ac32db4e3484ce2dc22","1038","2026-04-02","","","csvref-entry-6c8b5855928f68153555d4c27e939643","purchase","شراء ذهب","شراء ذهب: seed-account-7ac32db4e3484ce2dc22 -> acct_non_inventory_001","0.19","0.00","0.22","0.00","0.19","0.00","7767.222686","1350.00","0.00","0.00","24.17","187608.00","7762.019032","customer_purchase","inbound"
"كسر أفرنجي","seed-account-7ac32db4e3484ce2dc22","seed-account-7ac32db4e3484ce2dc22","1048","2026-04-03","","","csvref-entry-651fa3dc65f909afbb5220719d4e2922","purchase","شراء ذهب","شراء ذهب: seed-account-7ac32db4e3484ce2dc22 -> acct_non_inventory_001","0.16","0.00","0.19","0.00","0.16","0.00","7762.019032","1125.00","0.00","0.00","24.33","188733.00","7757.213317","customer_purchase","inbound"
"كسر أفرنجي","seed-account-7ac32db4e3484ce2dc22","seed-account-7ac32db4e3484ce2dc22","1049","2026-04-03","","","csvref-entry-0fea571742cf4ea386bae527296044a3","purchase","شراء ذهب","شراء ذهب: seed-account-7ac32db4e3484ce2dc22 -> acct_non_inventory_001","5.06","0.00","5.90","0.00","5.06","0.00","7757.213317","35600.00","0.00","0.00","29.39","224333.00","7632.970398","customer_purchase","inbound"
"كسر أفرنجي","seed-account-7ac32db4e3484ce2dc22","seed-account-7ac32db4e3484ce2dc22","1050","2026-04-03","","","csvref-entry-6e05054e9d2e777ad3850f74b62bde7d","purchase","شراء ذهب","شراء ذهب: seed-account-7ac32db4e3484ce2dc22 -> acct_non_inventory_001","0.51","0.00","0.59","0.00","0.51","0.00","7632.970398","3550.00","0.00","0.00","29.90","227883.00","7621.505017","customer_purchase","inbound"
"كسر أفرنجي","seed-account-7ac32db4e3484ce2dc22","seed-account-7ac32db4e3484ce2dc22","1052","2026-04-03","","","csvref-entry-1d3da17ec2b71e992cd919d7ad35fc00","purchase","شراء ذهب","شراء ذهب: seed-account-7ac32db4e3484ce2dc22 -> acct_non_inventory_001","1.67","0.00","1.95","0.00","1.67","0.00","7621.505017","11800.00","0.00","0.00","31.57","239683.00","7592.112765","customer_purchase","inbound"
"كسر أفرنجي","seed-account-7ac32db4e3484ce2dc22","seed-account-7ac32db4e3484ce2dc22","1053","2026-04-04","","","csvref-entry-10dacd0864373d0a60e436ef67120687","purchase","شراء ذهب","شراء ذهب: seed-account-7ac32db4e3484ce2dc22 -> acct_non_inventory_001","2.61","0.00","3.05","0.00","2.61","0.00","7592.112765","18100.00","0.00","0.00","34.18","257783.00","7541.925102","customer_purchase","inbound"
"كسر أفرنجي","seed-account-7ac32db4e3484ce2dc22","seed-account-7ac32db4e3484ce2dc22","1054","2026-04-04","","","csvref-entry-ae97b0f5eb5e273feb816326a379f2e7","purchase","شراء ذهب","شراء ذهب: seed-account-7ac32db4e3484ce2dc22 -> acct_non_inventory_001","0.75","0.00","0.88","0.00","0.75","0.00","7541.925102","5315.00","0.00","0.00","34.93","263098.00","7532.150014","customer_purchase","inbound"
"كسر أفرنجي","seed-account-7ac32db4e3484ce2dc22","seed-account-7ac32db4e3484ce2dc22","1055","2026-04-04","","","csvref-entry-492494d6a6ca27cdd60b5f0dbbf45c70","purchase","شراء ذهب","شراء ذهب: seed-account-7ac32db4e3484ce2dc22 -> acct_non_inventory_001","0.21","0.00","0.24","0.00","0.21","0.00","7532.150014","1430.00","0.00","0.00","35.14","264528.00","7527.831531","customer_purchase","inbound"
"كسر أفرنجي","seed-account-7ac32db4e3484ce2dc22","seed-account-7ac32db4e3484ce2dc22","1063","2026-04-04","","","csvref-entry-ba1bdf2c551afd69c7d4ea935299739d","purchase","شراء ذهب","شراء ذهب: seed-account-7ac32db4e3484ce2dc22 -> acct_non_inventory_001","1.99","0.00","2.32","0.00","1.99","0.00","7527.831531","14000.00","0.00","0.00","37.13","278528.00","7501.427417","customer_purchase","inbound"
"كسر أفرنجي","seed-account-7ac32db4e3484ce2dc22","seed-account-7ac32db4e3484ce2dc22","1064","2026-04-04","","","csvref-entry-bb580fc5945ad27864eb535689d8dd6e","merchant_settlement","حساب تاجر ذهب","حساب تاجر ذهب: acct_non_inventory_040 -> seed-account-7ac32db4e3484ce2dc22","0.00","14.30","0.00","16.68","0.00","14.30","7501.427417","0.00","0.00","0.00","22.83","278528.00","12200.087604","merchant_delivery","other"
"كسر أفرنجي","seed-account-7ac32db4e3484ce2dc22","seed-account-7ac32db4e3484ce2dc22","1065","2026-04-04","","","csvref-entry-ec1e8d29d70c76cffe9a3174e56cbfcc","tifeet","تيفيت","تيفيت: seed-account-6b34c4189c5376f463c7 -> seed-account-7ac32db4e3484ce2dc22","0.00","1.22","0.00","1.42","0.00","1.22","12200.087604","0.00","14884.11","0.00","21.61","263643.89","12200.087460","tafyeet","tafkeet"
"كسر أفرنجي","seed-account-7ac32db4e3484ce2dc22","seed-account-7ac32db4e3484ce2dc22","1066","2026-04-04","","","csvref-entry-fdb5d395a276f51626879fe13f4ef887","tifeet","تيفيت","تيفيت: seed-account-7a7da1fd500bce293e8b -> seed-account-7ac32db4e3484ce2dc22","0.00","2.75","0.00","3.21","0.00","2.75","12200.087460","0.00","33550.24","0.00","18.86","230093.65","12200.087487","tafyeet","tafkeet"
"كسر أفرنجي","seed-account-7ac32db4e3484ce2dc22","seed-account-7ac32db4e3484ce2dc22","1067","2026-04-04","","","csvref-entry-db7d7946d141ed752a61fd77a4494fb6","tifeet","تيفيت","تيفيت: seed-account-d37d8b76e6ed91e88626 -> seed-account-7ac32db4e3484ce2dc22","0.00","5.63","0.00","6.57","0.00","5.63","12200.087487","0.00","68686.49","0.00","13.23","161407.16","12200.087680","tafyeet","tafkeet"
"كسر أفرنجي","seed-account-7ac32db4e3484ce2dc22","seed-account-7ac32db4e3484ce2dc22","1068","2026-04-04","","","csvref-entry-4d1156ccc03cbbdf368908828aeb80ce","tifeet","تيفيت","تيفيت: seed-account-f7259c51816b3eca60b0 -> seed-account-7ac32db4e3484ce2dc22","0.00","5.43","0.00","6.33","0.00","5.43","12200.087680","0.00","66246.48","0.00","7.80","95160.68","12200.087179","tafyeet","tafkeet"
"كسر أفرنجي","seed-account-7ac32db4e3484ce2dc22","seed-account-7ac32db4e3484ce2dc22","1069","2026-04-04","","","csvref-entry-d4f1dbde8cdf5d662adeca171d50cc3c","tifeet","تيفيت","تيفيت: seed-account-3d2cf6d12174291e9009 -> seed-account-7ac32db4e3484ce2dc22","0.00","3.11","0.00","3.63","0.00","3.11","12200.087179","0.00","37942.27","0.00","4.69","57218.41","12200.087420","tafyeet","tafkeet"
"كسر أفرنجي","seed-account-7ac32db4e3484ce2dc22","seed-account-7ac32db4e3484ce2dc22","1071","2026-04-04","","","csvref-entry-6109ada3f8d813f08af079289d7dd364","tifeet","تيفيت","تيفيت: seed-account-d6d361a10f6d7735f5a2 -> seed-account-7ac32db4e3484ce2dc22","0.00","0.27","0.00","0.32","0.00","0.27","12200.087420","0.00","3294.02","0.00","4.42","53924.39","12200.088235","tafyeet","tafkeet"
"كسر أفرنجي","seed-account-7ac32db4e3484ce2dc22","seed-account-7ac32db4e3484ce2dc22","1072","2026-04-04","","","csvref-entry-965ef6d096f437a25b925fd2550b6ea7","tifeet","تيفيت","تيفيت: seed-account-960d86a1b65899e364b7 -> seed-account-7ac32db4e3484ce2dc22","0.00","0.36","0.00","0.42","0.00","0.36","12200.088235","0.00","4392.03","0.00","4.06","49532.36","12200.088670","tafyeet","tafkeet"
"كسر أفرنجي","seed-account-7ac32db4e3484ce2dc22","seed-account-7ac32db4e3484ce2dc22","1075","2026-04-05","","","csvref-entry-6ec2d0aa9a790d20da8b70ae04f2f45f","purchase","شراء ذهب","شراء ذهب: seed-account-7ac32db4e3484ce2dc22 -> acct_non_inventory_001","2.48","0.00","2.89","0.00","2.48","0.00","12200.088670","17350.00","0.00","0.00","6.54","66882.36","10226.660550","customer_purchase","inbound"
"كسر أفرنجي","seed-account-7ac32db4e3484ce2dc22","seed-account-7ac32db4e3484ce2dc22","1076","2026-04-05","","","csvref-entry-8e39e3b345081278bed7d9ba7ee08a95","purchase","شراء ذهب","شراء ذهب: seed-account-7ac32db4e3484ce2dc22 -> acct_non_inventory_001","2.31","0.00","2.69","0.00","2.31","0.00","10226.660550","16030.00","0.00","0.00","8.85","82912.36","9368.628249","customer_purchase","inbound"
"كسر أفرنجي","seed-account-7ac32db4e3484ce2dc22","seed-account-7ac32db4e3484ce2dc22","1078","2026-04-05","","","csvref-entry-d340fc99d8f6202cabdd8c1e110d5494","adjustment","تسوية","تسوية: seed-account-7ac32db4e3484ce2dc22 -> acct_non_inventory_056","0.75","0.00","0.88","0.00","0.75","0.00","9368.628249","7026.47","0.00","7026.47","9.60","89938.83","9368.628125","surplus","adjustment"
"كسر أفرنجي","seed-account-7ac32db4e3484ce2dc22","seed-account-7ac32db4e3484ce2dc22","1083","2026-04-05","","","csvref-entry-976715339459af0bfcabb87dde6b6c05","purchase","شراء ذهب","شراء ذهب: seed-account-7ac32db4e3484ce2dc22 -> acct_non_inventory_001","0.41","0.00","0.48","0.00","0.41","0.00","9368.628125","2800.00","0.00","0.00","10.01","92738.83","9264.618382","customer_purchase","inbound"
"كسر أفرنجي","seed-account-7ac32db4e3484ce2dc22","seed-account-7ac32db4e3484ce2dc22","1084","2026-04-05","","","csvref-entry-7bf79e3361c15c63ea872d25e58fc012","purchase","شراء ذهب","شراء ذهب: seed-account-7ac32db4e3484ce2dc22 -> acct_non_inventory_001","0.34","0.00","0.40","0.00","0.34","0.00","9264.618382","2400.00","0.00","0.00","10.35","95138.83","9192.157488","customer_purchase","inbound"
"كسر أفرنجي","seed-account-7ac32db4e3484ce2dc22","seed-account-7ac32db4e3484ce2dc22","1085","2026-04-05","","","csvref-entry-8e2ddeaa1b7882ffa2e4c506c81641d7","tifeet","تيفيت","تيفيت: seed-account-7a7da1fd500bce293e8b -> seed-account-7ac32db4e3484ce2dc22","0.00","2.95","0.00","3.44","0.00","2.95","9192.157488","0.00","27116.86","0.00","7.40","68021.97","9192.158108","tafyeet","tafkeet"
"كسر أفرنجي","seed-account-7ac32db4e3484ce2dc22","seed-account-7ac32db4e3484ce2dc22","1086","2026-04-05","","","csvref-entry-a4f5e4abdf350ff089cf771fbeccf2bc","tifeet","تيفيت","تيفيت: seed-account-f7259c51816b3eca60b0 -> seed-account-7ac32db4e3484ce2dc22","0.00","1.68","0.00","1.96","0.00","1.68","9192.158108","0.00","15442.83","0.00","5.72","52579.14","9192.157343","tafyeet","tafkeet"
"كسر أفرنجي","seed-account-7ac32db4e3484ce2dc22","seed-account-7ac32db4e3484ce2dc22","1087","2026-04-05","","","csvref-entry-e4aeaadca05f0d33bc3fddcb4fcd3817","tifeet","تيفيت","تيفيت: seed-account-d6d361a10f6d7735f5a2 -> seed-account-7ac32db4e3484ce2dc22","0.00","0.07","0.00","0.08","0.00","0.07","9192.157343","0.00","643.45","0.00","5.65","51935.69","9192.157522","tafyeet","tafkeet"
"كسر أفرنجي","seed-account-7ac32db4e3484ce2dc22","seed-account-7ac32db4e3484ce2dc22","1088","2026-04-05","","","csvref-entry-d6aad4624e7b3d7fee18af3bc029c11c","tifeet","تيفيت","تيفيت: seed-account-f7259c51816b3eca60b0 -> seed-account-7ac32db4e3484ce2dc22","0.00","2.47","0.00","2.88","0.00","2.47","9192.157522","0.00","22704.63","0.00","3.18","29231.06","9192.157233","tafyeet","tafkeet"
"كسر أفرنجي","seed-account-7ac32db4e3484ce2dc22","seed-account-7ac32db4e3484ce2dc22","1091","2026-04-06","","","csvref-entry-3d6f9ad3c563f66f0de91ea0bdec6187","purchase","شراء ذهب","شراء ذهب: seed-account-7ac32db4e3484ce2dc22 -> acct_non_inventory_001","1.36","0.00","1.59","0.00","1.36","0.00","9192.157233","9500.00","0.00","0.00","4.54","38731.06","8531.070485","customer_purchase","inbound"
"كسر أفرنجي","seed-account-7ac32db4e3484ce2dc22","seed-account-7ac32db4e3484ce2dc22","1092","2026-04-06","","","csvref-entry-8ba5dd045c7f11878293c2c3b26160b1","purchase","شراء ذهب","شراء ذهب: seed-account-7ac32db4e3484ce2dc22 -> acct_non_inventory_001","2.48","0.00","2.89","0.00","2.48","0.00","8531.070485","17300.00","0.00","0.00","7.02","56031.06","7981.632479","customer_purchase","inbound"
"كسر أفرنجي","seed-account-7ac32db4e3484ce2dc22","seed-account-7ac32db4e3484ce2dc22","1103","2026-04-07","","","csvref-entry-8fe6697dea59b912a7b7feb1c3e34ee1","purchase","شراء ذهب","شراء ذهب: seed-account-7ac32db4e3484ce2dc22 -> acct_non_inventory_001","0.38","0.00","0.44","0.00","0.38","0.00","7981.632479","2640.00","0.00","0.00","7.40","58671.06","7928.521622","customer_purchase","inbound"
"كسر أفرنجي","seed-account-7ac32db4e3484ce2dc22","seed-account-7ac32db4e3484ce2dc22","1106","2026-04-07","","","csvref-entry-a9c9c95e854ccfdc1a00a120e7f1c108","purchase","شراء ذهب","شراء ذهب: seed-account-7ac32db4e3484ce2dc22 -> acct_non_inventory_001","1.29","0.00","1.50","0.00","1.29","0.00","7928.521622","9000.00","0.00","0.00","8.69","67671.06","7787.233602","customer_purchase","inbound"
"كسر أفرنجي","seed-account-7ac32db4e3484ce2dc22","seed-account-7ac32db4e3484ce2dc22","1107","2026-04-07","","","csvref-entry-e30028dc1ef15092ca94a7762b7cf965","purchase","شراء ذهب","شراء ذهب: seed-account-7ac32db4e3484ce2dc22 -> acct_non_inventory_001","1.17","0.00","1.36","0.00","1.17","0.00","7787.233602","8200.00","0.00","0.00","9.86","75871.06","7694.833671","customer_purchase","inbound"
"كسر أفرنجي","seed-account-7ac32db4e3484ce2dc22","seed-account-7ac32db4e3484ce2dc22","1108","2026-04-07","","","csvref-entry-d253ded110c3888aceca6ae316f0acbc","purchase","شراء ذهب","شراء ذهب: seed-account-7ac32db4e3484ce2dc22 -> acct_non_inventory_001","1.31","0.00","1.53","0.00","1.31","0.00","7694.833671","9200.00","0.00","0.00","11.17","85071.06","7616.030439","customer_purchase","inbound"
"كسر أفرنجي","seed-account-7ac32db4e3484ce2dc22","seed-account-7ac32db4e3484ce2dc22","1109","2026-04-07","","","csvref-entry-40773b2b897cf23ef01dfdcebca84ab3","tifeet","تيفيت","تيفيت: seed-account-7a7da1fd500bce293e8b -> seed-account-7ac32db4e3484ce2dc22","0.00","1.36","0.00","1.59","0.00","1.36","7616.030439","0.00","10357.80","0.00","9.81","74713.26","7616.030581","tafyeet","tafkeet"
"كسر أفرنجي","seed-account-7ac32db4e3484ce2dc22","seed-account-7ac32db4e3484ce2dc22","1110","2026-04-07","","","csvref-entry-5cbcae5c03fa492b7a55968a706f0aca","tifeet","تيفيت","تيفيت: seed-account-f7259c51816b3eca60b0 -> seed-account-7ac32db4e3484ce2dc22","0.00","2.31","0.00","2.69","0.00","2.31","7616.030581","0.00","17593.03","0.00","7.50","57120.23","7616.030667","tafyeet","tafkeet"
"كسر أفرنجي","seed-account-7ac32db4e3484ce2dc22","seed-account-7ac32db4e3484ce2dc22","1111","2026-04-07","","","csvref-entry-fbfb99427286bfcb19426ccd95ffe992","tifeet","تيفيت","تيفيت: seed-account-3d2cf6d12174291e9009 -> seed-account-7ac32db4e3484ce2dc22","0.00","2.48","0.00","2.89","0.00","2.48","7616.030667","0.00","18887.76","0.00","5.02","38232.47","7616.029880","tafyeet","tafkeet"
"كسر أفرنجي","seed-account-7ac32db4e3484ce2dc22","seed-account-7ac32db4e3484ce2dc22","1120","2026-04-08","","","csvref-entry-296bdaae4aa7325e045341b64dde8c30","purchase","شراء ذهب","شراء ذهب: seed-account-7ac32db4e3484ce2dc22 -> acct_non_inventory_001","2.01","0.00","2.35","0.00","2.01","0.00","7616.029880","14250.00","0.00","0.00","7.03","52482.47","7465.500711","customer_purchase","inbound"
"كسر أفرنجي","seed-account-7ac32db4e3484ce2dc22","seed-account-7ac32db4e3484ce2dc22","1121","2026-04-08","","","csvref-entry-5e537a37fc8598ae75dd1c7df7a6112d","purchase","شراء ذهب","شراء ذهب: seed-account-7ac32db4e3484ce2dc22 -> acct_non_inventory_001","1.04","0.00","1.21","0.00","1.04","0.00","7465.500711","7365.00","0.00","0.00","8.07","59847.47","7416.043371","customer_purchase","inbound"
"كسر أفرنجي","seed-account-7ac32db4e3484ce2dc22","seed-account-7ac32db4e3484ce2dc22","1127","2026-04-08","","","csvref-entry-976287f0daf8ca327f9ce5635c8a1ca7","purchase","شراء ذهب","شراء ذهب: seed-account-7ac32db4e3484ce2dc22 -> acct_non_inventory_001","2.74","0.00","3.20","0.00","2.74","0.00","7416.043371","19550.00","0.00","0.00","10.81","79397.47","7344.816836","customer_purchase","inbound"
"كسر أفرنجي","seed-account-7ac32db4e3484ce2dc22","seed-account-7ac32db4e3484ce2dc22","1128","2026-04-08","","","csvref-entry-3a00d6b1bd88b4d79c8119494c64c082","purchase","شراء ذهب","شراء ذهب: seed-account-7ac32db4e3484ce2dc22 -> acct_non_inventory_001","0.57","0.00","0.66","0.00","0.57","0.00","7344.816836","4010.00","0.00","0.00","11.38","83407.47","7329.303163","customer_purchase","inbound"
"كسر أفرنجي","seed-account-7ac32db4e3484ce2dc22","seed-account-7ac32db4e3484ce2dc22","1129","2026-04-08","","","csvref-entry-10f447f788df3fe2160e207f2aec9cc0","purchase","شراء ذهب","شراء ذهب: seed-account-7ac32db4e3484ce2dc22 -> acct_non_inventory_001","3.30","0.00","3.85","0.00","3.30","0.00","7329.303163","23100.00","0.00","0.00","14.68","106507.47","7255.277248","customer_purchase","inbound"
"كسر أفرنجي","seed-account-7ac32db4e3484ce2dc22","seed-account-7ac32db4e3484ce2dc22","1132","2026-04-09","","","csvref-entry-3e4d910924ba5f5d3f25afb3cca84933","purchase","شراء ذهب","شراء ذهب: seed-account-7ac32db4e3484ce2dc22 -> acct_non_inventory_001","0.51","0.00","0.60","0.00","0.51","0.00","7255.277248","3625.00","0.00","0.00","15.19","110132.47","7250.327189","customer_purchase","inbound"
"كسر أفرنجي","seed-account-7ac32db4e3484ce2dc22","seed-account-7ac32db4e3484ce2dc22","1138","2026-04-09","","","csvref-entry-533498d57f02af4e52469d328fda5625","purchase","شراء ذهب","شراء ذهب: seed-account-7ac32db4e3484ce2dc22 -> acct_non_inventory_001","1.50","0.00","1.75","0.00","1.50","0.00","7250.327189","10575.00","0.00","0.00","16.69","120707.47","7232.322948","customer_purchase","inbound"
"كسر أفرنجي","seed-account-7ac32db4e3484ce2dc22","seed-account-7ac32db4e3484ce2dc22","1147","2026-04-10","","","csvref-entry-ac23be75d08de8eecbb5f2a284e9f02a","purchase","شراء ذهب","شراء ذهب: seed-account-7ac32db4e3484ce2dc22 -> acct_non_inventory_001","0.93","0.00","1.09","0.00","0.93","0.00","7232.322948","6550.00","0.00","0.00","17.62","127257.47","7222.330874","customer_purchase","inbound"
"كسر أفرنجي","seed-account-7ac32db4e3484ce2dc22","seed-account-7ac32db4e3484ce2dc22","1151","2026-04-10","","","csvref-entry-d1930dc43803e5bfd0b2af6451b807be","purchase","شراء ذهب","شراء ذهب: seed-account-7ac32db4e3484ce2dc22 -> acct_non_inventory_001","6.58","0.00","7.68","0.00","6.58","0.00","7222.330874","46250.00","0.00","0.00","24.20","173507.47","7169.730165","customer_purchase","inbound"
"كسر أفرنجي","seed-account-7ac32db4e3484ce2dc22","seed-account-7ac32db4e3484ce2dc22","1152","2026-04-10","","","csvref-entry-ff231413bb15f9b05d33e3bed383ea09","purchase","شراء ذهب","شراء ذهب: seed-account-7ac32db4e3484ce2dc22 -> acct_non_inventory_001","1.23","0.00","1.44","0.00","1.23","0.00","7169.730165","8650.00","0.00","0.00","25.43","182157.47","7163.093590","customer_purchase","inbound"
"كسر أفرنجي","seed-account-7ac32db4e3484ce2dc22","seed-account-7ac32db4e3484ce2dc22","1153","2026-04-10","","","csvref-entry-17aa727b8eb99cdd0352f04ceb17b69b","purchase","شراء ذهب","شراء ذهب: seed-account-7ac32db4e3484ce2dc22 -> acct_non_inventory_001","0.51","0.00","0.60","0.00","0.51","0.00","7163.093590","3610.00","0.00","0.00","25.94","185767.47","7161.429067","customer_purchase","inbound"
"كسر أفرنجي","seed-account-7ac32db4e3484ce2dc22","seed-account-7ac32db4e3484ce2dc22","1154","2026-04-10","","","csvref-entry-686700e4c49111e2ff8f3d808abba3d0","sale","بيع ذهب","بيع ذهب: acct_non_inventory_001 -> seed-account-7ac32db4e3484ce2dc22","0.00","4.65","0.00","5.42","0.00","4.65","7161.429067","0.00","33300.65","0.00","21.29","152466.82","7161.428840","sale","outbound"
"كسر أفرنجي","seed-account-7ac32db4e3484ce2dc22","seed-account-7ac32db4e3484ce2dc22","1155","2026-04-10","","","csvref-entry-dfe8596050cf1a2c0b88055f6b87dddc","tifeet","تيفيت","تيفيت: seed-account-abefcfd780de9b384dc5 -> seed-account-7ac32db4e3484ce2dc22","0.00","3.33","0.00","3.89","0.00","3.33","7161.428840","0.00","23847.56","0.00","17.96","128619.26","7161.428731","tafyeet","tafkeet"
"كسر أفرنجي","seed-account-7ac32db4e3484ce2dc22","seed-account-7ac32db4e3484ce2dc22","1156","2026-04-10","","","csvref-entry-c8bd2aa3fce71d0e32019cf9b39bdc9a","tifeet","تيفيت","تيفيت: seed-account-3d2cf6d12174291e9009 -> seed-account-7ac32db4e3484ce2dc22","0.00","10.98","0.00","12.81","0.00","10.98","7161.428731","0.00","78632.49","0.00","6.98","49986.77","7161.428367","tafyeet","tafkeet"
"كسر أفرنجي","seed-account-7ac32db4e3484ce2dc22","seed-account-7ac32db4e3484ce2dc22","1157","2026-04-10","","","csvref-entry-9146aef5e03550d146e5803f6a724722","tifeet","تيفيت","تيفيت: seed-account-6b34c4189c5376f463c7 -> seed-account-7ac32db4e3484ce2dc22","0.00","0.59","0.00","0.69","0.00","0.59","7161.428367","0.00","4225.24","0.00","6.39","45761.53","7161.428795","tafyeet","tafkeet"
"كسر أفرنجي","seed-account-7ac32db4e3484ce2dc22","seed-account-7ac32db4e3484ce2dc22","1165","2026-04-11","","","csvref-entry-54d48379628f69d0b5602bffed401a45","purchase","شراء ذهب","شراء ذهب: seed-account-7ac32db4e3484ce2dc22 -> acct_non_inventory_001","1.40","0.00","1.63","0.00","1.40","0.00","7161.428795","9780.00","0.00","0.00","7.79","55541.53","7129.849807","customer_purchase","inbound"
"كسر أفرنجي","seed-account-7ac32db4e3484ce2dc22","seed-account-7ac32db4e3484ce2dc22","1167","2026-04-11","","","csvref-entry-7fd839ca507641343fdc77fcb46fbfd0","purchase","شراء ذهب","شراء ذهب: seed-account-7ac32db4e3484ce2dc22 -> acct_non_inventory_001","1.35","0.00","1.58","0.00","1.35","0.00","7129.849807","9500.00","0.00","0.00","9.14","65041.53","7116.141138","customer_purchase","inbound"
"كسر أفرنجي","seed-account-7ac32db4e3484ce2dc22","seed-account-7ac32db4e3484ce2dc22","1170","2026-04-11","","","csvref-entry-30b0b88dc0466e63c21ba08f4cfd5fd4","purchase","شراء ذهب","شراء ذهب: seed-account-7ac32db4e3484ce2dc22 -> acct_non_inventory_001","0.69","0.00","0.80","0.00","0.69","0.00","7116.141138","4870.00","0.00","0.00","9.83","69911.53","7112.057986","customer_purchase","inbound"
"كسر أفرنجي","seed-account-7ac32db4e3484ce2dc22","seed-account-7ac32db4e3484ce2dc22","1171","2026-04-12","","","csvref-entry-932fe3c686d1e8d30be333632052b016","purchase","شراء ذهب","شراء ذهب: seed-account-7ac32db4e3484ce2dc22 -> acct_non_inventory_001","1.87","0.00","2.18","0.00","1.87","0.00","7112.057986","12950.00","0.00","0.00","11.70","82861.53","7082.182051","customer_purchase","inbound"
"كسر أفرنجي","seed-account-7ac32db4e3484ce2dc22","seed-account-7ac32db4e3484ce2dc22","1172","2026-04-12","","","csvref-entry-fa6cf81cdb6b67103b70983e8d60ed8d","purchase","شراء ذهب","شراء ذهب: seed-account-7ac32db4e3484ce2dc22 -> acct_non_inventory_001","0.59","0.00","0.69","0.00","0.59","0.00","7082.182051","4110.00","0.00","0.00","12.29","86971.53","7076.609439","customer_purchase","inbound"
"كسر أفرنجي","seed-account-7ac32db4e3484ce2dc22","seed-account-7ac32db4e3484ce2dc22","1173","2026-04-12","","","csvref-entry-45b7edd608dba8ae117df4497b8b9e7d","purchase","شراء ذهب","شراء ذهب: seed-account-7ac32db4e3484ce2dc22 -> acct_non_inventory_001","1.42","0.00","1.66","0.00","1.42","0.00","7076.609439","10100.00","0.00","0.00","13.71","97071.53","7080.345004","customer_purchase","inbound"
"كسر أفرنجي","seed-account-7ac32db4e3484ce2dc22","seed-account-7ac32db4e3484ce2dc22","1174","2026-04-12","","","csvref-entry-a1090d04a61aa562a9dffac9d322dd71","purchase","شراء ذهب","شراء ذهب: seed-account-7ac32db4e3484ce2dc22 -> acct_non_inventory_001","1.40","0.00","1.63","0.00","1.40","0.00","7080.345004","9800.00","0.00","0.00","15.11","106871.53","7072.900728","customer_purchase","inbound"
"كسر أفرنجي","seed-account-7ac32db4e3484ce2dc22","seed-account-7ac32db4e3484ce2dc22","1179","2026-04-12","","","csvref-entry-3a08d23709604c40a46d381b30cf8562","purchase","شراء ذهب","شراء ذهب: seed-account-7ac32db4e3484ce2dc22 -> acct_non_inventory_001","5.55","0.00","6.48","0.00","5.55","0.00","7072.900728","38900.00","0.00","0.00","20.66","145771.53","7055.737173","customer_purchase","inbound"
"كسر أفرنجي","seed-account-7ac32db4e3484ce2dc22","seed-account-7ac32db4e3484ce2dc22","1184","2026-04-13","","","csvref-entry-c009622082482906a77bf8f69ef1f0dc","purchase","شراء ذهب","شراء ذهب: seed-account-7ac32db4e3484ce2dc22 -> acct_non_inventory_001","5.23","0.00","6.10","0.00","5.23","0.00","7055.737173","36450.00","0.00","0.00","25.89","182221.53","7038.297798","customer_purchase","inbound"
"كسر أفرنجي","seed-account-7ac32db4e3484ce2dc22","seed-account-7ac32db4e3484ce2dc22","1191","2026-04-13","","","csvref-entry-3c920d1e6fd067f50c0c4be2af2c1012","transfer","تحويل","تحويل: seed-account-7ac32db4e3484ce2dc22 -> seed-account-f7259c51816b3eca60b0","10.93","0.00","12.75","0.00","10.93","0.00","7038.297798","57396.56","0.00","0.00","36.82","239618.09","6507.824280","transfer","transfer"
"كسر أفرنجي","seed-account-7ac32db4e3484ce2dc22","seed-account-7ac32db4e3484ce2dc22","1196","2026-04-13","","","csvref-entry-580365ea31b8a6b99f2196ebf11da2ea","purchase","شراء ذهب","شراء ذهب: seed-account-7ac32db4e3484ce2dc22 -> acct_non_inventory_001","2.66","0.00","3.10","0.00","2.66","0.00","6507.824280","18350.00","0.00","0.00","39.48","257968.09","6534.146150","customer_purchase","inbound"
"كسر أفرنجي","seed-account-7ac32db4e3484ce2dc22","seed-account-7ac32db4e3484ce2dc22","1205","2026-04-13","","","csvref-entry-b4f0dd287712bdca680634da2b3a01a3","purchase","شراء ذهب","شراء ذهب: seed-account-7ac32db4e3484ce2dc22 -> acct_non_inventory_001","4.29","0.00","5.00","0.00","4.29","0.00","6534.146150","30000.00","0.00","0.00","43.77","287968.09","6579.120174","customer_purchase","inbound"
"كسر أفرنجي","seed-account-7ac32db4e3484ce2dc22","seed-account-7ac32db4e3484ce2dc22","1206","2026-04-13","","","csvref-entry-8448724967c3638042b10987c06dd577","tifeet","تيفيت","تيفيت: seed-account-d6d361a10f6d7735f5a2 -> seed-account-7ac32db4e3484ce2dc22","0.00","0.14","0.00","0.16","0.00","0.14","6579.120174","0.00","921.03","0.00","43.63","287047.06","6579.121247","tafyeet","tafkeet"
"كسر أفرنجي","seed-account-7ac32db4e3484ce2dc22","seed-account-7ac32db4e3484ce2dc22","1207","2026-04-13","","","csvref-entry-866276e64fa24e60d475e28a41ce8a95","tifeet","تيفيت","تيفيت: seed-account-f7259c51816b3eca60b0 -> seed-account-7ac32db4e3484ce2dc22","0.00","10.17","0.00","11.87","0.00","10.17","6579.121247","0.00","66909.65","0.00","33.46","220137.41","6579.121638","tafyeet","tafkeet"
"كسر أفرنجي","seed-account-7ac32db4e3484ce2dc22","seed-account-7ac32db4e3484ce2dc22","1208","2026-04-13","","","csvref-entry-ad1204fdda5ec967a1a3d2ce74deb04b","tifeet","تيفيت","تيفيت: seed-account-cb5d499baa26a3db6f1c -> seed-account-7ac32db4e3484ce2dc22","0.00","1.43","0.00","1.67","0.00","1.43","6579.121638","0.00","9408.15","0.00","32.03","210729.26","6579.121449","tafyeet","tafkeet"
"كسر أفرنجي","seed-account-7ac32db4e3484ce2dc22","seed-account-7ac32db4e3484ce2dc22","1209","2026-04-13","","","csvref-entry-6926a284af58e0dfbbf4fe2c92679258","tifeet","تيفيت","تيفيت: seed-account-6b34c4189c5376f463c7 -> seed-account-7ac32db4e3484ce2dc22","0.00","2.35","0.00","2.74","0.00","2.35","6579.121449","0.00","15460.89","0.00","29.68","195268.37","6579.122978","tafyeet","tafkeet"
"كسر أفرنجي","seed-account-7ac32db4e3484ce2dc22","seed-account-7ac32db4e3484ce2dc22","1210","2026-04-13","","","csvref-entry-684edfb164d60a9041c46cbfc5d241db","tifeet","تيفيت","تيفيت: seed-account-7a7da1fd500bce293e8b -> seed-account-7ac32db4e3484ce2dc22","0.00","0.80","0.00","0.93","0.00","0.80","6579.122978","0.00","5263.24","0.00","28.88","190005.13","6579.125000","tafyeet","tafkeet"
"كسر أفرنجي","seed-account-7ac32db4e3484ce2dc22","seed-account-7ac32db4e3484ce2dc22","1211","2026-04-13","","","csvref-entry-7e0f7c15e83c4babf08b849e6f9b0c5b","tifeet","تيفيت","تيفيت: seed-account-abefcfd780de9b384dc5 -> seed-account-7ac32db4e3484ce2dc22","0.00","1.40","0.00","1.63","0.00","1.40","6579.125000","0.00","9210.71","0.00","27.48","180794.42","6579.127365","tafyeet","tafkeet"
"كسر أفرنجي","seed-account-7ac32db4e3484ce2dc22","seed-account-7ac32db4e3484ce2dc22","1212","2026-04-13","","","csvref-entry-c7162e4a849061c816928ca93a7caa49","sale","بيع ذهب","بيع ذهب: acct_non_inventory_001 -> seed-account-7ac32db4e3484ce2dc22","0.00","15.52","0.00","18.11","0.00","15.52","6579.127365","0.00","102107.87","0.00","11.96","78686.55","6579.142977","sale","outbound"
"كسر أفرنجي","seed-account-7ac32db4e3484ce2dc22","seed-account-7ac32db4e3484ce2dc22","1216","2026-04-14","","","csvref-entry-081611e8ccbbdfba3fb8ad9b70364260","adjustment","تسوية","تسوية: seed-account-7ac32db4e3484ce2dc22 -> acct_non_inventory_056","0.24","0.00","0.28","0.00","0.24","0.00","6579.142977","1578.98","0.00","1578.98","12.20","80265.53","6579.141803","surplus","adjustment"
"كسر أفرنجي","seed-account-7ac32db4e3484ce2dc22","seed-account-7ac32db4e3484ce2dc22","1217","2026-04-14","","","csvref-entry-c67fee55c829ddc148a04dd4dc7e1350","purchase","شراء ذهب","شراء ذهب: seed-account-7ac32db4e3484ce2dc22 -> acct_non_inventory_001","6.13","0.00","7.15","0.00","6.13","0.00","6579.141803","42900.00","0.00","0.00","18.33","123165.53","6719.341517","customer_purchase","inbound"
"كسر أفرنجي","seed-account-7ac32db4e3484ce2dc22","seed-account-7ac32db4e3484ce2dc22","1221","2026-04-14","","","csvref-entry-de2655c6272a6f826e0ae6b4717180ac","purchase","شراء ذهب","شراء ذهب: seed-account-7ac32db4e3484ce2dc22 -> acct_non_inventory_001","1.38","0.00","1.61","0.00","1.38","0.00","6719.341517","9650.00","0.00","0.00","19.71","132815.53","6738.484526","customer_purchase","inbound"
"كسر أفرنجي","seed-account-7ac32db4e3484ce2dc22","seed-account-7ac32db4e3484ce2dc22","1223","2026-04-14","","","csvref-entry-005555a12b9ce69bf54e322732912fc8","purchase","شراء ذهب","شراء ذهب: seed-account-7ac32db4e3484ce2dc22 -> acct_non_inventory_001","2.57","0.00","3.00","0.00","2.57","0.00","6738.484526","18000.00","0.00","0.00","22.28","150815.53","6769.099192","customer_purchase","inbound"
"كسر أفرنجي","seed-account-7ac32db4e3484ce2dc22","seed-account-7ac32db4e3484ce2dc22","1224","2026-04-14","","","csvref-entry-81ad8d8dbbb8c742974ea2322b6ce745","tifeet","تيفيت","تيفيت: seed-account-f7259c51816b3eca60b0 -> seed-account-7ac32db4e3484ce2dc22","0.00","5.75","0.00","6.71","0.00","5.75","6769.099192","0.00","38922.28","0.00","16.53","111893.25","6769.101633","tafyeet","tafkeet"
"كسر أفرنجي","seed-account-7ac32db4e3484ce2dc22","seed-account-7ac32db4e3484ce2dc22","1225","2026-04-14","","","csvref-entry-b311d844ad41821977bd31763669edc2","tifeet","تيفيت","تيفيت: seed-account-abefcfd780de9b384dc5 -> seed-account-7ac32db4e3484ce2dc22","0.00","2.16","0.00","2.52","0.00","2.16","6769.101633","0.00","14621.23","0.00","14.37","97272.02","6769.103688","tafyeet","tafkeet"
"كسر أفرنجي","seed-account-7ac32db4e3484ce2dc22","seed-account-7ac32db4e3484ce2dc22","1238","2026-04-15","","","csvref-entry-d912aeca0f6a649d8768d49274c4d2be","purchase","شراء ذهب","شراء ذهب: seed-account-7ac32db4e3484ce2dc22 -> acct_non_inventory_001","1.28","0.00","1.49","0.00","1.28","0.00","6769.103688","8850.00","0.00","0.00","15.65","106122.02","6780.959744","customer_purchase","inbound"
"كسر أفرنجي","seed-account-7ac32db4e3484ce2dc22","seed-account-7ac32db4e3484ce2dc22","1239","2026-04-15","","","csvref-entry-da63a01248170cf2fb564d20054e5250","tifeet","تيفيت","تيفيت: seed-account-60ed1f8a1341a1ab20be -> seed-account-7ac32db4e3484ce2dc22","0.00","2.67","0.00","3.12","0.00","2.67","6780.959744","0.00","18105.17","0.00","12.98","88016.85","6780.959168","tafyeet","tafkeet"
"كسر أفرنجي","seed-account-7ac32db4e3484ce2dc22","seed-account-7ac32db4e3484ce2dc22","1240","2026-04-15","","","csvref-entry-30fe6dfecd5369cc195ee4bf50ed3776","tifeet","تيفيت","تيفيت: seed-account-3d2cf6d12174291e9009 -> seed-account-7ac32db4e3484ce2dc22","0.00","1.38","0.00","1.61","0.00","1.38","6780.959168","0.00","9357.71","0.00","11.60","78659.14","6780.960345","tafyeet","tafkeet"
"كسر أفرنجي","seed-account-7ac32db4e3484ce2dc22","seed-account-7ac32db4e3484ce2dc22","1243","2026-04-16","","","csvref-entry-856aff429803b1e3bcf1816021bb703b","purchase","شراء ذهب","شراء ذهب: seed-account-7ac32db4e3484ce2dc22 -> acct_non_inventory_001","2.10","0.00","2.45","0.00","2.10","0.00","6780.960345","14500.00","0.00","0.00","13.70","93159.14","6799.937226","customer_purchase","inbound"
"كسر أفرنجي","seed-account-7ac32db4e3484ce2dc22","seed-account-7ac32db4e3484ce2dc22","1245","2026-04-16","","","csvref-entry-d6dc809184c4b72df585b39cc3412e33","purchase","شراء ذهب","شراء ذهب: seed-account-7ac32db4e3484ce2dc22 -> acct_non_inventory_001","0.46","0.00","0.54","0.00","0.46","0.00","6799.937226","3200.00","0.00","0.00","14.16","96359.14","6805.024011","customer_purchase","inbound"
"كسر أفرنجي","seed-account-7ac32db4e3484ce2dc22","seed-account-7ac32db4e3484ce2dc22","1246","2026-04-16","","","csvref-entry-0847a936577f1b735c32251f883bb815","purchase","شراء ذهب","شراء ذهب: seed-account-7ac32db4e3484ce2dc22 -> acct_non_inventory_001","0.13","0.00","0.15","0.00","0.13","0.00","6805.024011","750.00","0.00","0.00","14.29","97109.14","6795.601120","customer_purchase","inbound"
"كسر أفرنجي","seed-account-7ac32db4e3484ce2dc22","seed-account-7ac32db4e3484ce2dc22","1248","2026-04-16","","","csvref-entry-3736910cb2a4a1486dd12a36451939a2","purchase","شراء ذهب","شراء ذهب: seed-account-7ac32db4e3484ce2dc22 -> acct_non_inventory_001","2.65","0.00","3.09","0.00","2.65","0.00","6795.601120","18000.00","0.00","0.00","16.94","115109.14","6795.108619","customer_purchase","inbound"
"كسر أفرنجي","seed-account-7ac32db4e3484ce2dc22","seed-account-7ac32db4e3484ce2dc22","1253","2026-04-16","","","csvref-entry-4042a1d96b480a73e6d32726748ae9f6","purchase","شراء ذهب","شراء ذهب: seed-account-7ac32db4e3484ce2dc22 -> acct_non_inventory_001","1.64","0.00","1.91","0.00","1.64","0.00","6795.108619","11100.00","0.00","0.00","18.58","126209.14","6792.741658","customer_purchase","inbound"
"كسر أفرنجي","seed-account-7ac32db4e3484ce2dc22","seed-account-7ac32db4e3484ce2dc22","1254","2026-04-16","","","csvref-entry-b8e3afd33d711c2281c47b50bb7fdd31","purchase","شراء ذهب","شراء ذهب: seed-account-7ac32db4e3484ce2dc22 -> acct_non_inventory_001","1.37","0.00","1.60","0.00","1.37","0.00","6792.741658","9400.00","0.00","0.00","19.95","135609.14","6797.450627","customer_purchase","inbound"
"كسر أفرنجي","seed-account-7ac32db4e3484ce2dc22","seed-account-7ac32db4e3484ce2dc22","1255","2026-04-16","","","csvref-entry-14ddb295f2790db40746abf9274d3dfe","purchase","شراء ذهب","شراء ذهب: seed-account-7ac32db4e3484ce2dc22 -> acct_non_inventory_001","0.55","0.00","0.64","0.00","0.55","0.00","6797.450627","3730.00","0.00","0.00","20.50","139339.14","6797.031220","customer_purchase","inbound"
"كسر أفرنجي","seed-account-7ac32db4e3484ce2dc22","seed-account-7ac32db4e3484ce2dc22","1256","2026-04-16","","","csvref-entry-1206986988d8c4971c4149166e0cda94","tifeet","تيفيت","تيفيت: seed-account-cb5d499baa26a3db6f1c -> seed-account-7ac32db4e3484ce2dc22","0.00","2.11","0.00","2.46","0.00","2.11","6797.031220","0.00","14341.72","0.00","18.39","124997.42","6797.032083","tafyeet","tafkeet"
"كسر أفرنجي","seed-account-7ac32db4e3484ce2dc22","seed-account-7ac32db4e3484ce2dc22","1257","2026-04-16","","","csvref-entry-808b89d03f75e2e3a0013eb046fdefd0","tifeet","تيفيت","تيفيت: seed-account-6b34c4189c5376f463c7 -> seed-account-7ac32db4e3484ce2dc22","0.00","0.48","0.00","0.56","0.00","0.48","6797.032083","0.00","3262.58","0.00","17.91","121734.84","6797.031826","tafyeet","tafkeet"
"كسر أفرنجي","seed-account-7ac32db4e3484ce2dc22","seed-account-7ac32db4e3484ce2dc22","1273","2026-04-17","","","csvref-entry-ec4aef9d189cc63edca54be8a242bdc8","purchase","شراء ذهب","شراء ذهب: seed-account-7ac32db4e3484ce2dc22 -> acct_non_inventory_001","4.80","0.00","5.60","0.00","4.80","0.00","6797.031826","33370.00","0.00","0.00","22.71","155104.84","6829.803611","customer_purchase","inbound"
"كسر أفرنجي","seed-account-7ac32db4e3484ce2dc22","seed-account-7ac32db4e3484ce2dc22","1274","2026-04-17","","","csvref-entry-6f870a1f7ed87d583467a6e3b09c81b6","sale","بيع ذهب","بيع ذهب: acct_non_inventory_001 -> seed-account-7ac32db4e3484ce2dc22","0.00","2.66","0.00","3.10","0.00","2.66","6829.803611","0.00","18167.26","0.00","20.05","136937.58","6829.804489","sale","outbound"
"كسر أفرنجي","seed-account-7ac32db4e3484ce2dc22","seed-account-7ac32db4e3484ce2dc22","1275","2026-04-17","","","csvref-entry-2a770d1dfe5378a3136dbe66424d6d7d","sale","بيع ذهب","بيع ذهب: acct_non_inventory_001 -> seed-account-7ac32db4e3484ce2dc22","0.00","4.80","0.00","5.60","0.00","4.80","6829.804489","0.00","32783.05","0.00","15.25","104154.53","6829.805246","sale","outbound"
"كسر أفرنجي","seed-account-7ac32db4e3484ce2dc22","seed-account-7ac32db4e3484ce2dc22","1277","2026-04-18","","","csvref-entry-4706ffd4c84904605809ebceb3c9d363","purchase","شراء ذهب","شراء ذهب: seed-account-7ac32db4e3484ce2dc22 -> acct_non_inventory_001","0.58","0.00","0.68","0.00","0.58","0.00","6829.805246","4050.00","0.00","0.00","15.83","108204.53","6835.409349","customer_purchase","inbound"
"كسر أفرنجي","seed-account-7ac32db4e3484ce2dc22","seed-account-7ac32db4e3484ce2dc22","1279","2026-04-18","","","csvref-entry-92d1a79367bf68dae3944bb21715674b","purchase","شراء ذهب","شراء ذهب: seed-account-7ac32db4e3484ce2dc22 -> acct_non_inventory_001","0.38","0.00","0.44","0.00","0.38","0.00","6835.409349","2580.00","0.00","0.00","16.21","110784.53","6834.332511","customer_purchase","inbound"
"كسر أفرنجي","seed-account-7ac32db4e3484ce2dc22","seed-account-7ac32db4e3484ce2dc22","1280","2026-04-18","","","csvref-entry-9f875f93eed01fd8b648b118897b4401","purchase","شراء ذهب","شراء ذهب: seed-account-7ac32db4e3484ce2dc22 -> acct_non_inventory_001","0.47","0.00","0.55","0.00","0.47","0.00","6834.332511","3250.00","0.00","0.00","16.68","114034.53","6836.602518","customer_purchase","inbound"
"كسر أفرنجي","seed-account-7ac32db4e3484ce2dc22","seed-account-7ac32db4e3484ce2dc22","1288","2026-04-18","","","csvref-entry-a23dbdd91eb353576dcf01e29cf1e397","purchase","شراء ذهب","شراء ذهب: seed-account-7ac32db4e3484ce2dc22 -> acct_non_inventory_001","0.56","0.00","0.65","0.00","0.56","0.00","6836.602518","3700.00","0.00","0.00","17.24","117734.53","6829.149072","customer_purchase","inbound"
"كسر أفرنجي","seed-account-7ac32db4e3484ce2dc22","seed-account-7ac32db4e3484ce2dc22","1289","2026-04-18","","","csvref-entry-8df360fc7582f38c790dbe288c0a0851","purchase","شراء ذهب","شراء ذهب: seed-account-7ac32db4e3484ce2dc22 -> acct_non_inventory_001","0.89","0.00","1.04","0.00","0.89","0.00","6829.149072","6170.00","0.00","0.00","18.13","123904.53","6834.226696","customer_purchase","inbound"
"كسر أفرنجي","seed-account-7ac32db4e3484ce2dc22","seed-account-7ac32db4e3484ce2dc22","1290","2026-04-18","","","csvref-entry-ac68df201b7931674c7f67ee2e7186c3","tifeet","تيفيت","تيفيت: seed-account-f7259c51816b3eca60b0 -> seed-account-7ac32db4e3484ce2dc22","0.00","1.64","0.00","1.91","0.00","1.64","6834.226696","0.00","11208.12","0.00","16.49","112696.41","6834.227411","tafyeet","tafkeet"
"كسر أفرنجي","seed-account-7ac32db4e3484ce2dc22","seed-account-7ac32db4e3484ce2dc22","1291","2026-04-18","","","csvref-entry-12192b79fcf8de9d85cbf2caaf1095bf","tifeet","تيفيت","تيفيت: seed-account-960d86a1b65899e364b7 -> seed-account-7ac32db4e3484ce2dc22","0.00","0.39","0.00","0.45","0.00","0.39","6834.227411","0.00","2665.34","0.00","16.10","110031.07","6834.227950","tafyeet","tafkeet"
"كسر أفرنجي","seed-account-7ac32db4e3484ce2dc22","seed-account-7ac32db4e3484ce2dc22","1292","2026-04-18","","","csvref-entry-f79f8e979485f0124ed1ad62fb66fc29","tifeet","تيفيت","تيفيت: seed-account-7a7da1fd500bce293e8b -> seed-account-7ac32db4e3484ce2dc22","0.00","1.26","0.00","1.47","0.00","1.26","6834.227950","0.00","8611.13","0.00","14.84","101419.94","6834.227763","tafyeet","tafkeet"
"كسر أفرنجي","seed-account-7ac32db4e3484ce2dc22","seed-account-7ac32db4e3484ce2dc22","1293","2026-04-18","","","csvref-entry-46de81a3bd1413795b670d6e1a1dea40","tifeet","تيفيت","تيفيت: seed-account-3d2cf6d12174291e9009 -> seed-account-7ac32db4e3484ce2dc22","0.00","0.40","0.00","0.47","0.00","0.40","6834.227763","0.00","2733.70","0.00","14.44","98686.24","6834.227147","tafyeet","tafkeet"
"كسر أفرنجي","seed-account-7ac32db4e3484ce2dc22","seed-account-7ac32db4e3484ce2dc22","1298","2026-04-19","","","csvref-entry-b59476a44e078833c017419cd4595025","purchase","شراء ذهب","شراء ذهب: seed-account-7ac32db4e3484ce2dc22 -> acct_non_inventory_001","0.67","0.00","0.78","0.00","0.67","0.00","6834.227147","4600.00","0.00","0.00","15.11","103286.24","6835.621443","customer_purchase","inbound"
"كسر أفرنجي","seed-account-7ac32db4e3484ce2dc22","seed-account-7ac32db4e3484ce2dc22","1299","2026-04-19","","","csvref-entry-d945df1aa2319f36d2ab3a4f276b622d","purchase","شراء ذهب","شراء ذهب: seed-account-7ac32db4e3484ce2dc22 -> acct_non_inventory_001","0.87","0.00","1.02","0.00","0.87","0.00","6835.621443","6030.00","0.00","0.00","15.98","109316.24","6840.816020","customer_purchase","inbound"
"كسر أفرنجي","seed-account-7ac32db4e3484ce2dc22","seed-account-7ac32db4e3484ce2dc22","1300","2026-04-19","","","csvref-entry-9df4871274894585a745e1c80db9fd1f","purchase","شراء ذهب","شراء ذهب: seed-account-7ac32db4e3484ce2dc22 -> acct_non_inventory_001","0.43","0.00","0.50","0.00","0.43","0.00","6840.816020","2950.00","0.00","0.00","16.41","112266.24","6841.330896","customer_purchase","inbound"
"كسر أفرنجي","seed-account-7ac32db4e3484ce2dc22","seed-account-7ac32db4e3484ce2dc22","1301","2026-04-19","","","csvref-entry-6059ea090365b7852abb40dbce280c46","purchase","شراء ذهب","شراء ذهب: seed-account-7ac32db4e3484ce2dc22 -> acct_non_inventory_001","5.31","0.00","6.20","0.00","5.31","0.00","6841.330896","33400.00","0.00","0.00","21.72","145666.24","6706.548803","customer_purchase","inbound"
"كسر أفرنجي","seed-account-7ac32db4e3484ce2dc22","seed-account-7ac32db4e3484ce2dc22","1316","2026-04-20","","","csvref-entry-32321572b5ed7b059f3eeee1af651770","purchase","شراء ذهب","شراء ذهب: seed-account-7ac32db4e3484ce2dc22 -> acct_non_inventory_001","1.13","0.00","1.32","0.00","1.13","0.00","6706.548803","7885.00","0.00","0.00","22.85","153551.24","6719.966740","customer_purchase","inbound"
"كسر أفرنجي","seed-account-7ac32db4e3484ce2dc22","seed-account-7ac32db4e3484ce2dc22","1320","2026-04-20","","","csvref-entry-82f1f561a2d77b992d7acd42393e131a","purchase","شراء ذهب","شراء ذهب: seed-account-7ac32db4e3484ce2dc22 -> acct_non_inventory_001","12.99","0.00","15.15","0.00","12.99","0.00","6719.966740","89860.00","0.00","0.00","35.84","243411.24","6791.608259","customer_purchase","inbound"
"كسر أفرنجي","seed-account-7ac32db4e3484ce2dc22","seed-account-7ac32db4e3484ce2dc22","1321","2026-04-20","","","csvref-entry-1734bf4c79bcb7bd5affbc75fc075b2b","tifeet","تيفيت","تيفيت: seed-account-cb5d499baa26a3db6f1c -> seed-account-7ac32db4e3484ce2dc22","0.00","0.92","0.00","1.07","0.00","0.92","6791.608259","0.00","6248.28","0.00","34.92","237162.96","6791.608247","tafyeet","tafkeet"
"كسر أفرنجي","seed-account-7ac32db4e3484ce2dc22","seed-account-7ac32db4e3484ce2dc22","1322","2026-04-20","","","csvref-entry-2d14ee864bbb11f2a7edc023332169f7","tifeet","تيفيت","تيفيت: seed-account-6b34c4189c5376f463c7 -> seed-account-7ac32db4e3484ce2dc22","0.00","2.48","0.00","2.89","0.00","2.48","6791.608247","0.00","16843.18","0.00","32.44","220319.78","6791.608508","tafyeet","tafkeet"
"كسر أفرنجي","seed-account-7ac32db4e3484ce2dc22","seed-account-7ac32db4e3484ce2dc22","1323","2026-04-20","","","csvref-entry-73386c21ae71c0db9cb9f036bc12bc15","tifeet","تيفيت","تيفيت: seed-account-7a7da1fd500bce293e8b -> seed-account-7ac32db4e3484ce2dc22","0.00","0.91","0.00","1.06","0.00","0.91","6791.608508","0.00","6180.36","0.00","31.53","214139.42","6791.608627","tafyeet","tafkeet"
"كسر أفرنجي","seed-account-7ac32db4e3484ce2dc22","seed-account-7ac32db4e3484ce2dc22","1324","2026-04-20","","","csvref-entry-b92b25340c79a46c65d64c224978787a","sale","بيع ذهب","بيع ذهب: acct_non_inventory_001 -> seed-account-7ac32db4e3484ce2dc22","0.00","11.38","0.00","13.28","0.00","11.38","6791.608627","0.00","77288.49","0.00","20.15","136850.93","6791.609429","sale","outbound"
"كسر أفرنجي","seed-account-7ac32db4e3484ce2dc22","seed-account-7ac32db4e3484ce2dc22","1325","2026-04-20","","","csvref-entry-67d785a07291c102830c60d5bb99f61c","tifeet","تيفيت","تيفيت: seed-account-d6d361a10f6d7735f5a2 -> seed-account-7ac32db4e3484ce2dc22","0.00","1.13","0.00","1.32","0.00","1.13","6791.609429","0.00","7674.52","0.00","19.02","129176.41","6791.609359","tafyeet","tafkeet"
"كسر أفرنجي","seed-account-7ac32db4e3484ce2dc22","seed-account-7ac32db4e3484ce2dc22","1330","2026-04-21","","","csvref-entry-1e239e842ce31a4f2b89ab03a2640b05","purchase","شراء ذهب","شراء ذهب: seed-account-7ac32db4e3484ce2dc22 -> acct_non_inventory_001","3.06","0.00","3.57","0.00","3.06","0.00","6791.609359","21100.00","0.00","0.00","22.08","150276.41","6805.996830","customer_purchase","inbound"
"كسر أفرنجي","seed-account-7ac32db4e3484ce2dc22","seed-account-7ac32db4e3484ce2dc22","1331","2026-04-21","","","csvref-entry-b9cf721062556d62beea6ac82f7b8343","tifeet","تيفيت","تيفيت: seed-account-f7259c51816b3eca60b0 -> seed-account-7ac32db4e3484ce2dc22","0.00","4.67","0.00","5.45","0.00","4.67","6805.996830","0.00","31784.00","0.00","17.41","118492.41","6805.997128","tafyeet","tafkeet"
"كسر أفرنجي","seed-account-7ac32db4e3484ce2dc22","seed-account-7ac32db4e3484ce2dc22","1340","2026-04-22","","","csvref-entry-585b1f787b63f1eacc5dea83fe83045b","purchase","شراء ذهب","شراء ذهب: seed-account-7ac32db4e3484ce2dc22 -> acct_non_inventory_001","1.13","0.00","1.32","0.00","1.13","0.00","6805.997128","7700.00","0.00","0.00","18.54","126192.41","6806.494606","customer_purchase","inbound"
"كسر أفرنجي","seed-account-7ac32db4e3484ce2dc22","seed-account-7ac32db4e3484ce2dc22","1347","2026-04-23","","","csvref-entry-25c06e367e478c28997ae8e6048745bd","purchase","شراء ذهب","شراء ذهب: seed-account-7ac32db4e3484ce2dc22 -> acct_non_inventory_001","0.58","0.00","0.68","0.00","0.58","0.00","6806.494606","4000.00","0.00","0.00","19.12","130192.41","6809.226464","customer_purchase","inbound"
"كسر أفرنجي","seed-account-7ac32db4e3484ce2dc22","seed-account-7ac32db4e3484ce2dc22","1348","2026-04-23","","","csvref-entry-66b874261b03afd3b33e9e3ab3de83cd","purchase","شراء ذهب","شراء ذهب: seed-account-7ac32db4e3484ce2dc22 -> acct_non_inventory_001","1.89","0.00","2.21","0.00","1.89","0.00","6809.226464","13000.00","0.00","0.00","21.01","143192.41","6815.440743","customer_purchase","inbound"
"كسر أفرنجي","seed-account-7ac32db4e3484ce2dc22","seed-account-7ac32db4e3484ce2dc22","1352","2026-04-23","","","csvref-entry-26fce4c0be1ae77bcf55ac4ea1a50ca3","purchase","شراء ذهب","شراء ذهب: seed-account-7ac32db4e3484ce2dc22 -> acct_non_inventory_001","4.46","0.00","5.20","0.00","4.46","0.00","6815.440743","30750.00","0.00","0.00","25.47","173942.41","6829.305457","customer_purchase","inbound"
"كسر أفرنجي","seed-account-7ac32db4e3484ce2dc22","seed-account-7ac32db4e3484ce2dc22","1353","2026-04-23","","","csvref-entry-cd134dcb41565bc362cdca483088b9c0","tifeet","تيفيت","تيفيت: seed-account-f7259c51816b3eca60b0 -> seed-account-7ac32db4e3484ce2dc22","0.00","1.89","0.00","2.21","0.00","1.89","6829.305457","0.00","12907.39","0.00","23.58","161035.02","6829.305344","tafyeet","tafkeet"
"كسر أفرنجي","seed-account-7ac32db4e3484ce2dc22","seed-account-7ac32db4e3484ce2dc22","1354","2026-04-23","","","csvref-entry-0e880232ded9afd1a7c083b6cba3df20","tifeet","تيفيت","تيفيت: seed-account-6b34c4189c5376f463c7 -> seed-account-7ac32db4e3484ce2dc22","0.00","0.58","0.00","0.68","0.00","0.58","6829.305344","0.00","3961.00","0.00","23.00","157074.02","6829.305217","tafyeet","tafkeet"
"كسر أفرنجي","seed-account-7ac32db4e3484ce2dc22","seed-account-7ac32db4e3484ce2dc22","1362","2026-04-24","","","csvref-entry-3ffff9014a82ca6e529fdbc85460a258","purchase","شراء ذهب","شراء ذهب: seed-account-7ac32db4e3484ce2dc22 -> acct_non_inventory_001","0.41","0.00","0.48","0.00","0.41","0.00","6829.305217","2800.00","0.00","0.00","23.41","159874.02","6829.304571","customer_purchase","inbound"
"كسر أفرنجي","seed-account-7ac32db4e3484ce2dc22","seed-account-7ac32db4e3484ce2dc22","1364","2026-04-24","","","csvref-entry-31468694d25d48ad0a3e4f44218ff6a9","purchase","شراء ذهب","شراء ذهب: seed-account-7ac32db4e3484ce2dc22 -> acct_non_inventory_001","3.99","0.00","4.66","0.00","3.99","0.00","6829.304571","27400.00","0.00","0.00","27.40","187274.02","6834.818248","customer_purchase","inbound"
"كسر أفرنجي","seed-account-7ac32db4e3484ce2dc22","seed-account-7ac32db4e3484ce2dc22","1366","2026-04-24","","","csvref-entry-b7a4e2b178e6cb03b2eb38533653397a","purchase","شراء ذهب","شراء ذهب: seed-account-7ac32db4e3484ce2dc22 -> acct_non_inventory_001","1.65","0.00","1.93","0.00","1.65","0.00","6834.818248","11400.00","0.00","0.00","29.05","198674.02","6839.036833","customer_purchase","inbound"
"كسر أفرنجي","seed-account-7ac32db4e3484ce2dc22","seed-account-7ac32db4e3484ce2dc22","1376","2026-04-24","","","csvref-entry-620776ae3d976e752dda6dca69a974fa","purchase","شراء ذهب","شراء ذهب: seed-account-7ac32db4e3484ce2dc22 -> acct_non_inventory_001","0.45","0.00","0.53","0.00","0.45","0.00","6839.036833","3135.00","0.00","0.00","29.50","201809.02","6840.983729","customer_purchase","inbound"
"كسر أفرنجي","seed-account-7ac32db4e3484ce2dc22","seed-account-7ac32db4e3484ce2dc22","1377","2026-04-24","","","csvref-entry-a8fe1e31b5ba6f2094e6b36097bc4626","tifeet","تيفيت","تيفيت: seed-account-d6d361a10f6d7735f5a2 -> seed-account-7ac32db4e3484ce2dc22","0.00","0.18","0.00","0.21","0.00","0.18","6840.983729","0.00","1231.37","0.00","29.32","200577.65","6840.983970","tafyeet","tafkeet"
"كسر أفرنجي","seed-account-7ac32db4e3484ce2dc22","seed-account-7ac32db4e3484ce2dc22","1378","2026-04-24","","","csvref-entry-2cc40018892e8b83ee174cc1c968f267","tifeet","تيفيت","تيفيت: seed-account-f7259c51816b3eca60b0 -> seed-account-7ac32db4e3484ce2dc22","0.00","3.99","0.00","4.65","0.00","3.99","6840.983970","0.00","27295.52","0.00","25.33","173282.13","6840.984208","tafyeet","tafkeet"
"كسر أفرنجي","seed-account-7ac32db4e3484ce2dc22","seed-account-7ac32db4e3484ce2dc22","1379","2026-04-24","","","csvref-entry-37b2a40adfb3a2e709eb31dd67ed08af","tifeet","تيفيت","تيفيت: seed-account-cb5d499baa26a3db6f1c -> seed-account-7ac32db4e3484ce2dc22","0.00","0.94","0.00","1.10","0.00","0.94","6840.984208","0.00","6430.53","0.00","24.39","166851.60","6840.984010","tafyeet","tafkeet"
"كسر أفرنجي","seed-account-7ac32db4e3484ce2dc22","seed-account-7ac32db4e3484ce2dc22","1380","2026-04-24","","","csvref-entry-3e34ba99178627428a27254cdc363549","tifeet","تيفيت","تيفيت: seed-account-6b34c4189c5376f463c7 -> seed-account-7ac32db4e3484ce2dc22","0.00","0.42","0.00","0.49","0.00","0.42","6840.984010","0.00","2873.21","0.00","23.97","163978.39","6840.984147","tafyeet","tafkeet"
"كسر أفرنجي","seed-account-7ac32db4e3484ce2dc22","seed-account-7ac32db4e3484ce2dc22","1386","2026-04-25","","","csvref-entry-28bbb17bd7c1ba97f642f007f1156a25","purchase","شراء ذهب","شراء ذهب: seed-account-7ac32db4e3484ce2dc22 -> acct_non_inventory_001","1.46","0.00","1.70","0.00","1.46","0.00","6840.984147","10000.00","0.00","0.00","25.43","173978.39","6841.462446","customer_purchase","inbound"
"كسر أفرنجي","seed-account-7ac32db4e3484ce2dc22","seed-account-7ac32db4e3484ce2dc22","1389","2026-04-26","","","csvref-entry-6a649f17feafa08148b2921f970c8e3b","purchase","شراء ذهب","شراء ذهب: seed-account-7ac32db4e3484ce2dc22 -> acct_non_inventory_001","1.69","0.00","1.97","0.00","1.69","0.00","6841.462446","11600.00","0.00","0.00","27.12","185578.39","6842.860988","customer_purchase","inbound"
"كسر أفرنجي","seed-account-7ac32db4e3484ce2dc22","seed-account-7ac32db4e3484ce2dc22","1390","2026-04-26","","","csvref-entry-9f9e8079f89d9d173bd12b5d05a64a60","purchase","شراء ذهب","شراء ذهب: seed-account-7ac32db4e3484ce2dc22 -> acct_non_inventory_001","1.47","0.00","1.71","0.00","1.47","0.00","6842.860988","10100.00","0.00","0.00","28.59","195678.39","6844.294858","customer_purchase","inbound"
"كسر أفرنجي","seed-account-7ac32db4e3484ce2dc22","seed-account-7ac32db4e3484ce2dc22","1397","2026-04-27","","","csvref-entry-fad1082a40f46177f3fc4ba05a4d3a1e","purchase","شراء ذهب","شراء ذهب: seed-account-7ac32db4e3484ce2dc22 -> acct_non_inventory_001","1.63","0.00","1.90","0.00","1.63","0.00","6844.294858","11200.00","0.00","0.00","30.22","206878.39","6845.744209","customer_purchase","inbound"
"كسر أفرنجي","seed-account-7ac32db4e3484ce2dc22","seed-account-7ac32db4e3484ce2dc22","1398","2026-04-27","","","csvref-entry-a58e3911ca8ef1537833bc9174c71711","purchase","شراء ذهب","شراء ذهب: seed-account-7ac32db4e3484ce2dc22 -> acct_non_inventory_001","1.00","0.00","1.17","0.00","1.00","0.00","6845.744209","6870.00","0.00","0.00","31.22","213748.39","6846.521140","customer_purchase","inbound"
"كسر أفرنجي","seed-account-7ac32db4e3484ce2dc22","seed-account-7ac32db4e3484ce2dc22","1400","2026-04-27","","","csvref-entry-e099a7659fd900f845ecbc32a8cc48e3","purchase","شراء ذهب","شراء ذهب: seed-account-7ac32db4e3484ce2dc22 -> acct_non_inventory_001","2.25","0.00","2.63","0.00","2.25","0.00","6846.521140","15650.00","0.00","0.00","33.47","229398.39","6853.850911","customer_purchase","inbound"
"كسر أفرنجي","seed-account-7ac32db4e3484ce2dc22","seed-account-7ac32db4e3484ce2dc22","1404","2026-04-27","","","csvref-entry-aa4fb2737f79e7d4ce92b38bd7e90634","merchant_settlement","حساب تاجر ذهب","حساب تاجر ذهب: acct_non_inventory_040 -> seed-account-7ac32db4e3484ce2dc22","0.00","25.19","0.00","29.39","0.00","25.19","6853.850911","0.00","0.00","0.00","8.28","229398.39","27705.119565","merchant_delivery","other"
"كسر أفرنجي","seed-account-7ac32db4e3484ce2dc22","seed-account-7ac32db4e3484ce2dc22","1409","2026-04-28","","","csvref-entry-f1f8abf48fcbd50da7e308b171b3d4f3","purchase","شراء ذهب","شراء ذهب: seed-account-7ac32db4e3484ce2dc22 -> acct_non_inventory_001","1.93","0.00","2.25","0.00","1.93","0.00","27705.119565","13000.00","0.00","0.00","10.21","242398.39","23741.272282","customer_purchase","inbound"
"كسر أفرنجي","seed-account-7ac32db4e3484ce2dc22","seed-account-7ac32db4e3484ce2dc22","1412","2026-04-28","","","csvref-entry-9bd054644a217458179b1f650ab39b48","purchase","شراء ذهب","شراء ذهب: seed-account-7ac32db4e3484ce2dc22 -> acct_non_inventory_001","2.28","0.00","2.66","0.00","2.28","0.00","23741.272282","15600.00","0.00","0.00","12.49","257998.39","20656.396317","customer_purchase","inbound"
"كسر أفرنجي","seed-account-7ac32db4e3484ce2dc22","seed-account-7ac32db4e3484ce2dc22","1415","2026-04-28","","","csvref-entry-44c414852e5ee4af03c9e4dd6feb937b","purchase","شراء ذهب","شراء ذهب: seed-account-7ac32db4e3484ce2dc22 -> acct_non_inventory_001","0.49","0.00","0.57","0.00","0.49","0.00","20656.396317","3315.00","0.00","0.00","12.98","261313.39","20132.002311","customer_purchase","inbound"
"كسر أفرنجي","seed-account-7ac32db4e3484ce2dc22","seed-account-7ac32db4e3484ce2dc22","1420","2026-04-28","","","csvref-entry-f3e35a729995dc5662ee54901985e68a","purchase","شراء ذهب","شراء ذهب: seed-account-7ac32db4e3484ce2dc22 -> acct_non_inventory_001","3.09","0.00","3.61","0.00","3.09","0.00","20132.002311","21000.00","0.00","0.00","16.07","282313.39","17567.728065","customer_purchase","inbound"
"كسر أفرنجي","seed-account-7ac32db4e3484ce2dc22","seed-account-7ac32db4e3484ce2dc22","1421","2026-04-28","","","csvref-entry-4e5489007d75f7aea10b08b2697bf184","purchase","شراء ذهب","شراء ذهب: seed-account-7ac32db4e3484ce2dc22 -> acct_non_inventory_001","0.62","0.00","0.72","0.00","0.62","0.00","17567.728065","4210.00","0.00","0.00","16.69","286523.39","17167.369083","customer_purchase","inbound"
"كسر أفرنجي","seed-account-7ac32db4e3484ce2dc22","seed-account-7ac32db4e3484ce2dc22","1422","2026-04-28","","","csvref-entry-21c23e3dcaf6232a3e7f7b1167779787","purchase","شراء ذهب","شراء ذهب: seed-account-7ac32db4e3484ce2dc22 -> acct_non_inventory_001","0.32","0.00","0.37","0.00","0.32","0.00","17167.369083","2150.00","0.00","0.00","17.01","288673.39","16970.804821","customer_purchase","inbound"
"كسر أفرنجي","seed-account-7ac32db4e3484ce2dc22","seed-account-7ac32db4e3484ce2dc22","1429","2026-04-29","","","csvref-entry-d6751266e6ff1c60d63240e0945e6d07","purchase","شراء ذهب","شراء ذهب: seed-account-7ac32db4e3484ce2dc22 -> acct_non_inventory_001","0.33","0.00","0.39","0.00","0.33","0.00","16970.804821","2300.00","0.00","0.00","17.34","290973.39","16780.472318","customer_purchase","inbound"
"كسر أفرنجي","seed-account-7ac32db4e3484ce2dc22","seed-account-7ac32db4e3484ce2dc22","1434","2026-04-29","","","csvref-entry-d4dc2a22cdc7365eb954eaf534a533d8","purchase","شراء ذهب","شراء ذهب: seed-account-7ac32db4e3484ce2dc22 -> acct_non_inventory_001","1.54","0.00","1.80","0.00","1.54","0.00","16780.472318","10420.00","0.00","0.00","18.88","301393.39","15963.632945","customer_purchase","inbound"
"كسر أفرنجي","seed-account-7ac32db4e3484ce2dc22","seed-account-7ac32db4e3484ce2dc22","1435","2026-04-29","","","csvref-entry-1388a07bc91dc02b056e938d388667a0","tifeet","تيفيت","تيفيت: seed-account-d6d361a10f6d7735f5a2 -> seed-account-7ac32db4e3484ce2dc22","0.00","0.15","0.00","0.17","0.00","0.15","15963.632945","0.00","2394.54","0.00","18.73","298998.85","15963.633209","tafyeet","tafkeet"
"كسر أفرنجي","seed-account-7ac32db4e3484ce2dc22","seed-account-7ac32db4e3484ce2dc22","1436","2026-04-29","","","csvref-entry-21b5274456e88bb884fe6746973e91ed","tifeet","تيفيت","تيفيت: seed-account-f7259c51816b3eca60b0 -> seed-account-7ac32db4e3484ce2dc22","0.00","5.67","0.00","6.62","0.00","5.67","15963.633209","0.00","90513.80","0.00","13.06","208485.05","15963.633231","tafyeet","tafkeet"
"كسر أفرنجي","seed-account-7ac32db4e3484ce2dc22","seed-account-7ac32db4e3484ce2dc22","1437","2026-04-29","","","csvref-entry-3056e7cbed1752bb0380bafe35b060db","tifeet","تيفيت","تيفيت: seed-account-960d86a1b65899e364b7 -> seed-account-7ac32db4e3484ce2dc22","0.00","1.25","0.00","1.46","0.00","1.25","15963.633231","0.00","19954.54","0.00","11.81","188530.51","15963.633362","tafyeet","tafkeet"
"كسر أفرنجي","seed-account-7ac32db4e3484ce2dc22","seed-account-7ac32db4e3484ce2dc22","1438","2026-04-29","","","csvref-entry-fc8898b5717fb291691726b5942c2580","tifeet","تيفيت","تيفيت: seed-account-cb5d499baa26a3db6f1c -> seed-account-7ac32db4e3484ce2dc22","0.00","3.16","0.00","3.69","0.00","3.16","15963.633362","0.00","50445.08","0.00","8.65","138085.43","15963.633526","tafyeet","tafkeet"
"كسر أفرنجي","seed-account-7ac32db4e3484ce2dc22","seed-account-7ac32db4e3484ce2dc22","1439","2026-04-29","","","csvref-entry-302b5c3b101050004f7072cdbf57a03a","tifeet","تيفيت","تيفيت: seed-account-6b34c4189c5376f463c7 -> seed-account-7ac32db4e3484ce2dc22","0.00","1.46","0.00","1.70","0.00","1.46","15963.633526","0.00","23306.90","0.00","7.19","114778.53","15963.634214","tafyeet","tafkeet"
"كسر أفرنجي","seed-account-7ac32db4e3484ce2dc22","seed-account-7ac32db4e3484ce2dc22","1440","2026-04-29","","","csvref-entry-0d8d1cf2c519961121be7efe36d6ac32","tifeet","تيفيت","تيفيت: seed-account-abefcfd780de9b384dc5 -> seed-account-7ac32db4e3484ce2dc22","0.00","1.63","0.00","1.90","0.00","1.63","15963.634214","0.00","26020.72","0.00","5.56","88757.81","15963.634892","tafyeet","tafkeet"
"كسر أفرنجي","seed-account-7ac32db4e3484ce2dc22","seed-account-7ac32db4e3484ce2dc22","1441","2026-04-29","","","csvref-entry-1d112dada133cc05bc6d8aa23a255735","tifeet","تيفيت","تيفيت: seed-account-3d2cf6d12174291e9009 -> seed-account-7ac32db4e3484ce2dc22","0.00","1.86","0.00","2.17","0.00","1.86","15963.634892","0.00","29692.35","0.00","3.70","59065.46","15963.637838","tafyeet","tafkeet"
"كسر أفرنجي","seed-account-7ac32db4e3484ce2dc22","seed-account-7ac32db4e3484ce2dc22","1442","2026-04-30","","","csvref-entry-3c9d0727b69b5ac1de7be62fcb0bfbf8","purchase","شراء ذهب","شراء ذهب: seed-account-7ac32db4e3484ce2dc22 -> acct_non_inventory_001","1.43","0.00","1.67","0.00","1.43","0.00","15963.637838","9700.00","0.00","0.00","5.13","68765.46","13404.573099","customer_purchase","inbound"
"كسر أفرنجي","seed-account-7ac32db4e3484ce2dc22","seed-account-7ac32db4e3484ce2dc22","1451","2026-04-30","","","csvref-entry-e9540a9a0860a5ba970bc379ac4e3c2d","purchase","شراء ذهب","شراء ذهب: seed-account-7ac32db4e3484ce2dc22 -> acct_non_inventory_001","1.83","0.00","2.13","0.00","1.83","0.00","13404.573099","12450.00","0.00","0.00","6.96","81215.46","11668.887931","customer_purchase","inbound"
"كسر أفرنجي","seed-account-7ac32db4e3484ce2dc22","seed-account-7ac32db4e3484ce2dc22","1454","2026-04-30","","","csvref-entry-d2ceb170f1ec6b3b45fe200f8d2aa953","purchase","شراء ذهب","شراء ذهب: seed-account-7ac32db4e3484ce2dc22 -> acct_non_inventory_001","0.43","0.00","0.50","0.00","0.43","0.00","11668.887931","2930.00","0.00","0.00","7.39","84145.46","11386.395129","customer_purchase","inbound"
"كسر أفرنجي","seed-account-7ac32db4e3484ce2dc22","seed-account-7ac32db4e3484ce2dc22","1455","2026-04-30","","","csvref-entry-696ee659b92435a3bd82f0f7cf64c86a","purchase","شراء ذهب","شراء ذهب: seed-account-7ac32db4e3484ce2dc22 -> acct_non_inventory_001","0.69","0.00","0.80","0.00","0.69","0.00","11386.395129","4700.00","0.00","0.00","8.08","88845.46","10995.725248","customer_purchase","inbound"
"كسر أفرنجي","seed-account-7ac32db4e3484ce2dc22","seed-account-7ac32db4e3484ce2dc22","1456","2026-04-30","","","csvref-entry-b35912126e5e33122206e68f175da289","purchase","شراء ذهب","شراء ذهب: seed-account-7ac32db4e3484ce2dc22 -> acct_non_inventory_001","1.21","0.00","1.41","0.00","1.21","0.00","10995.725248","8200.00","0.00","0.00","9.29","97045.46","10446.228202","customer_purchase","inbound"
"كسر أفرنجي","seed-account-7ac32db4e3484ce2dc22","seed-account-7ac32db4e3484ce2dc22","1459","2026-05-01","","","csvref-entry-00f4436d00fe47625f4b321b49818ec2","purchase","شراء ذهب","شراء ذهب: seed-account-7ac32db4e3484ce2dc22 -> acct_non_inventory_001","1.05","0.00","1.22","0.00","1.05","0.00","10446.228202","7160.00","0.00","0.00","10.34","104205.46","10077.897485","customer_purchase","inbound"
"كسر أفرنجي","seed-account-7ac32db4e3484ce2dc22","seed-account-7ac32db4e3484ce2dc22","1464","2026-05-02","","","csvref-entry-82de9cec460383c1e2b45a226f80568d","purchase","شراء ذهب","شراء ذهب: seed-account-7ac32db4e3484ce2dc22 -> acct_non_inventory_001","0.66","0.00","0.77","0.00","0.66","0.00","10077.897485","4430.00","0.00","0.00","11.00","108635.46","9875.950909","customer_purchase","inbound"
"كسر أفرنجي","seed-account-7ac32db4e3484ce2dc22","seed-account-7ac32db4e3484ce2dc22","1465","2026-05-02","","","csvref-entry-0528a1008ede0e7bb412784e4f81dd7a","tifeet","تيفيت","تيفيت: seed-account-f7259c51816b3eca60b0 -> seed-account-7ac32db4e3484ce2dc22","0.00","1.04","0.00","1.21","0.00","1.04","9875.950909","0.00","10270.99","0.00","9.96","98364.47","9875.950803","tafyeet","tafkeet"
"كسر أفرنجي","seed-account-7ac32db4e3484ce2dc22","seed-account-7ac32db4e3484ce2dc22","1466","2026-05-02","","","csvref-entry-ab2de9a6ddbb1036de374bd26aa76f26","tifeet","تيفيت","تيفيت: seed-account-6b34c4189c5376f463c7 -> seed-account-7ac32db4e3484ce2dc22","0.00","0.82","0.00","0.96","0.00","0.82","9875.950803","0.00","8098.28","0.00","9.14","90266.19","9875.950766","tafyeet","tafkeet"
"كسر أفرنجي","seed-account-7ac32db4e3484ce2dc22","seed-account-7ac32db4e3484ce2dc22","1467","2026-05-02","","","csvref-entry-ad6876e9878e156be4b1f2005e280a8e","tifeet","تيفيت","تيفيت: seed-account-7a7da1fd500bce293e8b -> seed-account-7ac32db4e3484ce2dc22","0.00","0.72","0.00","0.84","0.00","0.72","9875.950766","0.00","7110.68","0.00","8.42","83155.51","9875.951306","tafyeet","tafkeet"
"كسر أفرنجي","seed-account-7ac32db4e3484ce2dc22","seed-account-7ac32db4e3484ce2dc22","1468","2026-05-02","","","csvref-entry-d96f0d18198ad3ec33f6360187a37360","tifeet","تيفيت","تيفيت: seed-account-abefcfd780de9b384dc5 -> seed-account-7ac32db4e3484ce2dc22","0.00","1.21","0.00","1.41","0.00","1.21","9875.951306","0.00","11949.90","0.00","7.21","71205.61","9875.951456","tafyeet","tafkeet"
"كسر أفرنجي","seed-account-7ac32db4e3484ce2dc22","seed-account-7ac32db4e3484ce2dc22","1469","2026-05-02","","","csvref-entry-b1b9f9a12102ac62aac85b0d9ffb7820","sale","بيع ذهب","بيع ذهب: acct_non_inventory_001 -> seed-account-7ac32db4e3484ce2dc22","0.00","4.58","0.00","5.34","0.00","4.58","9875.951456","0.00","45231.85","0.00","2.63","25973.76","9875.954373","sale","outbound"
"كسر أفرنجي","seed-account-7ac32db4e3484ce2dc22","seed-account-7ac32db4e3484ce2dc22","1470","2026-05-02","","","csvref-entry-ffc2bedf595aaa457d2a17e54d00a024","merchant_settlement","حساب تاجر ذهب","حساب تاجر ذهب: acct_non_inventory_040 -> seed-account-7ac32db4e3484ce2dc22","0.00","1.97","0.00","2.30","0.00","1.97","9875.954373","0.00","0.00","0.00","0.66","25973.76","39354.181818","merchant_delivery","other"
"كسر أفرنجي","seed-account-7ac32db4e3484ce2dc22","seed-account-7ac32db4e3484ce2dc22","1471","2026-05-03","","","csvref-entry-77db2ad7e90b688608cf84148348d015","purchase","شراء ذهب","شراء ذهب: seed-account-7ac32db4e3484ce2dc22 -> acct_non_inventory_001","0.33","0.00","0.38","0.00","0.33","0.00","39354.181818","2200.00","0.00","0.00","0.99","28173.76","28458.343434","customer_purchase","inbound"
"كسر أفرنجي","seed-account-7ac32db4e3484ce2dc22","seed-account-7ac32db4e3484ce2dc22","1472","2026-05-03","","","csvref-entry-47341d6376b4ab09cdf2c4d881bc8cca","purchase","شراء ذهب","شراء ذهب: seed-account-7ac32db4e3484ce2dc22 -> acct_non_inventory_001","0.28","0.00","0.33","0.00","0.28","0.00","28458.343434","1920.00","0.00","0.00","1.27","30093.76","23695.874016","customer_purchase","inbound"
"كسر أفرنجي","seed-account-7ac32db4e3484ce2dc22","seed-account-7ac32db4e3484ce2dc22","1473","2026-05-03","","","csvref-entry-aa4e393fbb836eddc5f876d796227b0d","adjustment","تسوية","تسوية: acct_non_inventory_073 -> seed-account-7ac32db4e3484ce2dc22","0.00","0.03","0.00","0.03","0.00","0.03","23695.874016","0.00","710.87","-710.87","1.24","29382.89","23695.879032","shortage","adjustment"
"كسر أفرنجي","seed-account-7ac32db4e3484ce2dc22","seed-account-7ac32db4e3484ce2dc22","1474","2026-05-03","","","csvref-entry-6035abf71804b4d4c70654a12d68de71","tifeet","تيفيت","تيفيت: seed-account-960d86a1b65899e364b7 -> seed-account-7ac32db4e3484ce2dc22","0.00","0.66","0.00","0.77","0.00","0.66","23695.879032","0.00","15639.27","0.00","0.58","13743.62","23695.896552","tafyeet","tafkeet"
"كسر أفرنجي","seed-account-7ac32db4e3484ce2dc22","seed-account-7ac32db4e3484ce2dc22","1476","2026-05-04","","","csvref-entry-96cc450537d90d28a88bf1c9c3498e4d","purchase","شراء ذهب","شراء ذهب: seed-account-7ac32db4e3484ce2dc22 -> acct_non_inventory_001","0.81","0.00","0.95","0.00","0.81","0.00","23695.896552","5500.00","0.00","0.00","1.39","19243.62","13844.330935","customer_purchase","inbound"
"كسر أفرنجي","seed-account-7ac32db4e3484ce2dc22","seed-account-7ac32db4e3484ce2dc22","1480","2026-05-05","","","csvref-entry-cd078afacb464ff6245608714be18890","purchase","شراء ذهب","شراء ذهب: seed-account-7ac32db4e3484ce2dc22 -> acct_non_inventory_001","0.86","0.00","1.00","0.00","0.86","0.00","13844.330935","5800.00","0.00","0.00","2.25","25043.62","11130.497778","customer_purchase","inbound"
"كسر أفرنجي","seed-account-7ac32db4e3484ce2dc22","seed-account-7ac32db4e3484ce2dc22","1486","2026-05-05","","","csvref-entry-5ae45b50811f339c6d481380611eaf06","purchase","شراء ذهب","شراء ذهب: seed-account-7ac32db4e3484ce2dc22 -> acct_non_inventory_001","2.09","0.00","2.44","0.00","2.09","0.00","11130.497778","14200.00","0.00","0.00","4.34","39243.62","9042.308756","customer_purchase","inbound"
"كسر أفرنجي","seed-account-7ac32db4e3484ce2dc22","seed-account-7ac32db4e3484ce2dc22","1487","2026-05-05","","","csvref-entry-767445e5952cb0e7b5393b741d58103b","purchase","شراء ذهب","شراء ذهب: seed-account-7ac32db4e3484ce2dc22 -> acct_non_inventory_001","2.47","0.00","2.88","0.00","2.47","0.00","9042.308756","16750.00","0.00","0.00","6.81","55993.62","8222.264317","customer_purchase","inbound"
"كسر أفرنجي","seed-account-7ac32db4e3484ce2dc22","seed-account-7ac32db4e3484ce2dc22","1488","2026-05-05","","","csvref-entry-98211eb74a0a4bb49b35080b154572ba","purchase","شراء ذهب","شراء ذهب: seed-account-7ac32db4e3484ce2dc22 -> acct_non_inventory_001","0.31","0.00","0.36","0.00","0.31","0.00","8222.264317","2025.00","0.00","0.00","7.12","58018.62","8148.682584","customer_purchase","inbound"
"كسر أفرنجي","seed-account-7ac32db4e3484ce2dc22","seed-account-7ac32db4e3484ce2dc22","1491","2026-05-06","","","csvref-entry-bcc777a3cccde4b90aefe59e5520f92c","purchase","شراء ذهب","شراء ذهب: seed-account-7ac32db4e3484ce2dc22 -> acct_non_inventory_001","3.74","0.00","4.36","0.00","3.74","0.00","8148.682584","25600.00","0.00","0.00","10.86","83618.62","7699.688766","customer_purchase","inbound"
"كسر أفرنجي","seed-account-7ac32db4e3484ce2dc22","seed-account-7ac32db4e3484ce2dc22","1493","2026-05-06","","","csvref-entry-e7c0f19d2fcf299af6890f0f9cf3b587","purchase","شراء ذهب","شراء ذهب: seed-account-7ac32db4e3484ce2dc22 -> acct_non_inventory_001","0.21","0.00","0.24","0.00","0.21","0.00","7699.688766","1380.00","0.00","0.00","11.07","84998.62","7678.285456","customer_purchase","inbound"
"كسر أفرنجي","seed-account-7ac32db4e3484ce2dc22","seed-account-7ac32db4e3484ce2dc22","1497","2026-05-06","","","csvref-entry-22cbae86f0307b255d219155bc06cef8","purchase","شراء ذهب","شراء ذهب: seed-account-7ac32db4e3484ce2dc22 -> acct_non_inventory_001","3.39","0.00","3.95","0.00","3.39","0.00","7678.285456","23020.00","0.00","0.00","14.46","108018.62","7470.167358","customer_purchase","inbound"
"كسر أفرنجي","seed-account-7ac32db4e3484ce2dc22","seed-account-7ac32db4e3484ce2dc22","1499","2026-05-07","","","csvref-entry-05826a20546e0abf1414f14dca81cd13","purchase","شراء ذهب","شراء ذهب: seed-account-7ac32db4e3484ce2dc22 -> acct_non_inventory_001","0.19","0.00","0.22","0.00","0.19","0.00","7470.167358","1280.00","0.00","0.00","14.65","109298.62","7460.656655","customer_purchase","inbound"
"كسر أفرنجي","seed-account-7ac32db4e3484ce2dc22","seed-account-7ac32db4e3484ce2dc22","1500","2026-05-08","","","csvref-entry-ef1151c9cdbc00a0efd12bd354133584","purchase","شراء ذهب","شراء ذهب: seed-account-7ac32db4e3484ce2dc22 -> acct_non_inventory_001","3.51","0.00","4.10","0.00","3.51","0.00","7460.656655","24250.00","0.00","0.00","18.16","133548.62","7353.998899","customer_purchase","inbound"
"كسر أفرنجي","seed-account-7ac32db4e3484ce2dc22","seed-account-7ac32db4e3484ce2dc22","1502","2026-05-08","","","csvref-entry-7d4a6ea68f3b5d7400ae991f91f395f8","purchase","شراء ذهب","شراء ذهب: seed-account-7ac32db4e3484ce2dc22 -> acct_non_inventory_001","2.10","0.00","2.45","0.00","2.10","0.00","7353.998899","14500.00","0.00","0.00","20.26","148048.62","7307.434353","customer_purchase","inbound"
"كسر أفرنجي","seed-account-7ac32db4e3484ce2dc22","seed-account-7ac32db4e3484ce2dc22","1503","2026-05-08","","","csvref-entry-e6b4942722906621c2585dae94b53245","purchase","شراء ذهب","شراء ذهب: seed-account-7ac32db4e3484ce2dc22 -> acct_non_inventory_001","3.30","0.00","3.85","0.00","3.30","0.00","7307.434353","22800.00","0.00","0.00","23.56","170848.62","7251.639219","customer_purchase","inbound"
"كسر أفرنجي","seed-account-7ac32db4e3484ce2dc22","seed-account-7ac32db4e3484ce2dc22","1506","2026-05-08","","","csvref-entry-ef2b442a9ee998fcea34c7acfc4a2b32","purchase","شراء ذهب","شراء ذهب: seed-account-7ac32db4e3484ce2dc22 -> acct_non_inventory_001","1.17","0.00","1.36","0.00","1.17","0.00","7251.639219","8100.00","0.00","0.00","24.73","178948.62","7236.094622","customer_purchase","inbound"
"كسر أفرنجي","seed-account-7ac32db4e3484ce2dc22","seed-account-7ac32db4e3484ce2dc22","1512","2026-05-09","","","csvref-entry-34436a8e77da62dc9d7d7a76e6581f55","purchase","شراء ذهب","شراء ذهب: seed-account-7ac32db4e3484ce2dc22 -> acct_non_inventory_001","0.82","0.00","0.96","0.00","0.82","0.00","7236.094622","5675.00","0.00","0.00","25.55","184623.62","7225.973386","customer_purchase","inbound"
"كسر أفرنجي","seed-account-7ac32db4e3484ce2dc22","seed-account-7ac32db4e3484ce2dc22","1517","2026-05-09","","","csvref-entry-0c7f8d50eab0b8da138da59162d40f64","purchase","شراء ذهب","شراء ذهب: seed-account-7ac32db4e3484ce2dc22 -> acct_non_inventory_001","1.53","0.00","1.79","0.00","1.53","0.00","7225.973386","10500.00","0.00","0.00","27.08","195123.62","7205.451256","customer_purchase","inbound"
"كسر أفرنجي","seed-account-7ac32db4e3484ce2dc22","seed-account-7ac32db4e3484ce2dc22","1518","2026-05-09","","","csvref-entry-6e74216026f5c1d4131e06a8a46dd2ba","purchase","شراء ذهب","شراء ذهب: seed-account-7ac32db4e3484ce2dc22 -> acct_non_inventory_001","5.38","0.00","6.28","0.00","5.38","0.00","7205.451256","37200.00","0.00","0.00","32.46","232323.62","7157.227973","customer_purchase","inbound"
"كسر أفرنجي","seed-account-7ac32db4e3484ce2dc22","seed-account-7ac32db4e3484ce2dc22","1519","2026-05-09","","","csvref-entry-e09f5b5791c043597acc3344bbf6b363","purchase","شراء ذهب","شراء ذهب: seed-account-7ac32db4e3484ce2dc22 -> acct_non_inventory_001","2.21","0.00","2.58","0.00","2.21","0.00","7157.227973","15400.00","0.00","0.00","34.67","247723.62","7145.186617","customer_purchase","inbound"
"كسر أفرنجي","seed-account-7ac32db4e3484ce2dc22","seed-account-7ac32db4e3484ce2dc22","1520","2026-05-09","","","csvref-entry-d2de96228325a88e8138536a05a52e4b","purchase","شراء ذهب","شراء ذهب: seed-account-7ac32db4e3484ce2dc22 -> acct_non_inventory_001","1.52","0.00","1.77","0.00","1.52","0.00","7145.186617","10400.00","0.00","0.00","36.19","258123.62","7132.457032","customer_purchase","inbound"
"كسر أفرنجي","seed-account-7ac32db4e3484ce2dc22","seed-account-7ac32db4e3484ce2dc22","1521","2026-05-09","","","csvref-entry-e5aee325f611feb99f9e368e13fc7867","tifeet","تيفيت","تيفيت: seed-account-f7259c51816b3eca60b0 -> seed-account-7ac32db4e3484ce2dc22","0.00","5.56","0.00","6.49","0.00","5.56","7132.457032","0.00","39656.46","0.00","30.63","218467.16","7132.457068","tafyeet","tafkeet"
"كسر أفرنجي","seed-account-7ac32db4e3484ce2dc22","seed-account-7ac32db4e3484ce2dc22","1522","2026-05-09","","","csvref-entry-6de88cd15168b2c6c6288f328346a94f","tifeet","تيفيت","تيفيت: seed-account-960d86a1b65899e364b7 -> seed-account-7ac32db4e3484ce2dc22","0.00","0.33","0.00","0.38","0.00","0.33","7132.457068","0.00","2353.71","0.00","30.30","216113.45","7132.457096","tafyeet","tafkeet"
"كسر أفرنجي","seed-account-7ac32db4e3484ce2dc22","seed-account-7ac32db4e3484ce2dc22","1523","2026-05-09","","","csvref-entry-aa927627b91ebfd1ddaff6612f8673d4","tifeet","تيفيت","تيفيت: seed-account-6b34c4189c5376f463c7 -> seed-account-7ac32db4e3484ce2dc22","0.00","0.86","0.00","1.00","0.00","0.86","7132.457096","0.00","6133.92","0.00","29.44","209979.53","7132.456861","tafyeet","tafkeet"
"كسر أفرنجي","seed-account-7ac32db4e3484ce2dc22","seed-account-7ac32db4e3484ce2dc22","1524","2026-05-09","","","csvref-entry-2610ed6e76776b308d9c05b1b048277c","tifeet","تيفيت","تيفيت: seed-account-7a7da1fd500bce293e8b -> seed-account-7ac32db4e3484ce2dc22","0.00","2.00","0.00","2.33","0.00","2.00","7132.456861","0.00","14264.92","0.00","27.44","195714.61","7132.456633","tafyeet","tafkeet"
"كسر أفرنجي","seed-account-7ac32db4e3484ce2dc22","seed-account-7ac32db4e3484ce2dc22","1525","2026-05-09","","","csvref-entry-032c2a11b2b172f72ff52584a9e24b83","tifeet","تيفيت","تيفيت: seed-account-abefcfd780de9b384dc5 -> seed-account-7ac32db4e3484ce2dc22","0.00","4.62","0.00","5.39","0.00","4.62","7132.456633","0.00","32951.95","0.00","22.82","162762.66","7132.456617","tafyeet","tafkeet"
"كسر أفرنجي","seed-account-7ac32db4e3484ce2dc22","seed-account-7ac32db4e3484ce2dc22","1526","2026-05-09","","","csvref-entry-2adc57181e19fe3a4cfd6d29ed8f7ff4","tifeet","تيفيت","تيفيت: seed-account-3d2cf6d12174291e9009 -> seed-account-7ac32db4e3484ce2dc22","0.00","3.74","0.00","4.36","0.00","3.74","7132.456617","0.00","26675.39","0.00","19.08","136087.27","7132.456499","tafyeet","tafkeet"
"كسر أفرنجي","seed-account-7ac32db4e3484ce2dc22","seed-account-7ac32db4e3484ce2dc22","1528","2026-05-10","","","csvref-entry-49e35ad8ad1971a29f60e72717a28e5f","purchase","شراء ذهب","شراء ذهب: seed-account-7ac32db4e3484ce2dc22 -> acct_non_inventory_001","3.23","0.00","3.77","0.00","3.23","0.00","7132.456499","22220.00","0.00","0.00","22.31","158307.27","7095.798745","customer_purchase","inbound"
"كسر أفرنجي","seed-account-7ac32db4e3484ce2dc22","seed-account-7ac32db4e3484ce2dc22","1529","2026-05-10","","","csvref-entry-a2516ba96edb3823633589e5781ef044","purchase","شراء ذهب","شراء ذهب: seed-account-7ac32db4e3484ce2dc22 -> acct_non_inventory_001","1.13","0.00","1.32","0.00","1.13","0.00","7095.798745","7750.00","0.00","0.00","23.44","166057.27","7084.354522","customer_purchase","inbound"
"كسر أفرنجي","seed-account-7ac32db4e3484ce2dc22","seed-account-7ac32db4e3484ce2dc22","1540","2026-05-10","","","csvref-entry-c1cccbe83276b900fc6738e4e161ebeb","purchase","شراء ذهب","شراء ذهب: seed-account-7ac32db4e3484ce2dc22 -> acct_non_inventory_001","0.73","0.00","0.85","0.00","0.73","0.00","7084.354522","5000.00","0.00","0.00","24.17","171057.27","7077.255689","customer_purchase","inbound"
"كسر أفرنجي","seed-account-7ac32db4e3484ce2dc22","seed-account-7ac32db4e3484ce2dc22","1541","2026-05-10","","","csvref-entry-8d718358bc78008a59afc26671418db9","purchase","شراء ذهب","شراء ذهب: seed-account-7ac32db4e3484ce2dc22 -> acct_non_inventory_001","2.32","0.00","2.71","0.00","2.32","0.00","7077.255689","15950.00","0.00","0.00","26.49","187007.27","7059.542091","customer_purchase","inbound"
"كسر أفرنجي","seed-account-7ac32db4e3484ce2dc22","seed-account-7ac32db4e3484ce2dc22","1546","2026-05-10","","","csvref-entry-8923a4e77e63d6d6fa0a7c2a170d06a6","purchase","شراء ذهب","شراء ذهب: seed-account-7ac32db4e3484ce2dc22 -> acct_non_inventory_001","0.60","0.00","0.70","0.00","0.60","0.00","7059.542091","4100.00","0.00","0.00","27.09","191107.27","7054.531931","customer_purchase","inbound"
"كسر أفرنجي","seed-account-7ac32db4e3484ce2dc22","seed-account-7ac32db4e3484ce2dc22","1547","2026-05-10","","","csvref-entry-cc0c437a0756e1dd2aa535941519228a","purchase","شراء ذهب","شراء ذهب: seed-account-7ac32db4e3484ce2dc22 -> acct_non_inventory_001","1.59","0.00","1.86","0.00","1.59","0.00","7054.531931","10900.00","0.00","0.00","28.68","202007.27","7043.489191","customer_purchase","inbound"
"كسر أفرنجي","seed-account-7ac32db4e3484ce2dc22","seed-account-7ac32db4e3484ce2dc22","1551","2026-05-10","","","csvref-entry-fe93c99acc47a9232037879a346edcea","purchase","شراء ذهب","شراء ذهب: seed-account-7ac32db4e3484ce2dc22 -> acct_non_inventory_001","1.72","0.00","2.01","0.00","1.72","0.00","7043.489191","11850.00","0.00","0.00","30.40","213857.27","7034.778618","customer_purchase","inbound"
"كسر أفرنجي","seed-account-7ac32db4e3484ce2dc22","seed-account-7ac32db4e3484ce2dc22","1553","2026-05-10","","","csvref-entry-8411a8eb21072c7039bf6dc93e38e97a","purchase","شراء ذهب","شراء ذهب: seed-account-7ac32db4e3484ce2dc22 -> acct_non_inventory_001","0.10","0.00","0.12","0.00","0.10","0.00","7034.778618","685.00","0.00","0.00","30.50","214542.27","7034.172787","customer_purchase","inbound"
"كسر أفرنجي","seed-account-7ac32db4e3484ce2dc22","seed-account-7ac32db4e3484ce2dc22","1556","2026-05-11","","","csvref-entry-71f47d354c4e91f775d39eccdc37da1d","purchase","شراء ذهب","شراء ذهب: seed-account-7ac32db4e3484ce2dc22 -> acct_non_inventory_001","1.95","0.00","2.27","0.00","1.95","0.00","7034.172787","13450.00","0.00","0.00","32.45","227992.27","7025.955932","customer_purchase","inbound"
"كسر أفرنجي","seed-account-7ac32db4e3484ce2dc22","seed-account-7ac32db4e3484ce2dc22","1558","2026-05-11","","","csvref-entry-e6e277a98feae797870a098e44d9cc3b","purchase","شراء ذهب","شراء ذهب: seed-account-7ac32db4e3484ce2dc22 -> acct_non_inventory_001","0.59","0.00","0.69","0.00","0.59","0.00","7025.955932","4080.00","0.00","0.00","33.04","232072.27","7023.979116","customer_purchase","inbound"
"كسر أفرنجي","seed-account-7ac32db4e3484ce2dc22","seed-account-7ac32db4e3484ce2dc22","1560","2026-05-11","","","csvref-entry-a135f617ccbdaf1aa70b99431fb684ad","purchase","شراء ذهب","شراء ذهب: seed-account-7ac32db4e3484ce2dc22 -> acct_non_inventory_001","2.79","0.00","3.25","0.00","2.79","0.00","7023.979116","18900.00","0.00","0.00","35.83","250972.27","7004.528886","customer_purchase","inbound"
"كسر أفرنجي","seed-account-7ac32db4e3484ce2dc22","seed-account-7ac32db4e3484ce2dc22","1562","2026-05-12","","","csvref-entry-af71b6f399ee4949a02942723ef97511","purchase","شراء ذهب","شراء ذهب: seed-account-7ac32db4e3484ce2dc22 -> acct_non_inventory_001","1.47","0.00","1.71","0.00","1.47","0.00","7004.528886","10075.00","0.00","0.00","37.30","261047.27","6998.586327","customer_purchase","inbound"
"كسر أفرنجي","seed-account-7ac32db4e3484ce2dc22","seed-account-7ac32db4e3484ce2dc22","1567","2026-05-12","","","csvref-entry-6e06804ea58dd44de75c4c8d8a49909c","purchase","شراء ذهب","شراء ذهب: seed-account-7ac32db4e3484ce2dc22 -> acct_non_inventory_001","0.81","0.00","0.95","0.00","0.81","0.00","6998.586327","5620.00","0.00","0.00","38.11","266667.27","6997.304382","customer_purchase","inbound"
"كسر أفرنجي","seed-account-7ac32db4e3484ce2dc22","seed-account-7ac32db4e3484ce2dc22","1568","2026-05-12","","","csvref-entry-be30ff0c4c3aec4b2b493b6a48f74441","purchase","شراء ذهب","شراء ذهب: seed-account-7ac32db4e3484ce2dc22 -> acct_non_inventory_001","4.33","0.00","5.05","0.00","4.33","0.00","6997.304382","29750.00","0.00","0.00","42.44","296417.27","6984.384307","customer_purchase","inbound"
"كسر أفرنجي","seed-account-7ac32db4e3484ce2dc22","seed-account-7ac32db4e3484ce2dc22","1569","2026-05-12","","","csvref-entry-ae47a768c6171d8b5cee69636596c2fe","purchase","شراء ذهب","شراء ذهب: seed-account-7ac32db4e3484ce2dc22 -> acct_non_inventory_001","7.71","0.00","9.00","0.00","7.71","0.00","6984.384307","47100.00","0.00","0.00","50.15","343517.27","6849.796012","customer_purchase","inbound"
"كسر أفرنجي","seed-account-7ac32db4e3484ce2dc22","seed-account-7ac32db4e3484ce2dc22","1574","2026-05-12","","","csvref-entry-2bb5ad02cd24b7962542cf64d652d4dd","sale","بيع ذهب","بيع ذهب: acct_non_inventory_001 -> seed-account-7ac32db4e3484ce2dc22","0.00","0.33","0.00","0.38","0.00","0.33","6849.796012","0.00","2260.43","0.00","49.82","341256.84","6849.796066","sale","outbound"
"كسر أفرنجي","seed-account-7ac32db4e3484ce2dc22","seed-account-7ac32db4e3484ce2dc22","1575","2026-05-13","","","csvref-entry-ede4eecbe3a59b6662f280cc189ed581","purchase","شراء ذهب","شراء ذهب: seed-account-7ac32db4e3484ce2dc22 -> acct_non_inventory_001","0.42","0.00","0.49","0.00","0.42","0.00","6849.796066","2875.00","0.00","0.00","50.24","344131.84","6849.757962","customer_purchase","inbound"
"كسر أفرنجي","seed-account-7ac32db4e3484ce2dc22","seed-account-7ac32db4e3484ce2dc22","1578","2026-05-13","","","csvref-entry-60d13db72a450c568d0432460dae2a69","purchase","شراء ذهب","شراء ذهب: seed-account-7ac32db4e3484ce2dc22 -> acct_non_inventory_001","1.92","0.00","2.24","0.00","1.92","0.00","6849.757962","13150.00","0.00","0.00","52.16","357281.84","6849.728528","customer_purchase","inbound"
"كسر أفرنجي","seed-account-7ac32db4e3484ce2dc22","seed-account-7ac32db4e3484ce2dc22","1579","2026-05-13","","","csvref-entry-fd6edfc86020ce2c37969d3adab325f5","tifeet","تيفيت","تيفيت: seed-account-d6d361a10f6d7735f5a2 -> seed-account-7ac32db4e3484ce2dc22","0.00","0.47","0.00","0.55","0.00","0.47","6849.728528","0.00","3219.37","0.00","51.69","354062.47","6849.728574","tafyeet","tafkeet"
"كسر أفرنجي","seed-account-7ac32db4e3484ce2dc22","seed-account-7ac32db4e3484ce2dc22","1580","2026-05-13","","","csvref-entry-c0301fa0bc68841f2c475d67f06a428b","tifeet","تيفيت","تيفيت: seed-account-f7259c51816b3eca60b0 -> seed-account-7ac32db4e3484ce2dc22","0.00","4.32","0.00","5.04","0.00","4.32","6849.728574","0.00","29590.82","0.00","47.37","324471.65","6849.728731","tafyeet","tafkeet"
"كسر أفرنجي","seed-account-7ac32db4e3484ce2dc22","seed-account-7ac32db4e3484ce2dc22","1581","2026-05-13","","","csvref-entry-7e0fe4bacb85963e6a973370e5c4dba3","tifeet","تيفيت","تيفيت: seed-account-cb5d499baa26a3db6f1c -> seed-account-7ac32db4e3484ce2dc22","0.00","5.70","0.00","6.65","0.00","5.70","6849.728731","0.00","39043.46","0.00","41.67","285428.19","6849.728582","tafyeet","tafkeet"
"كسر أفرنجي","seed-account-7ac32db4e3484ce2dc22","seed-account-7ac32db4e3484ce2dc22","1582","2026-05-13","","","csvref-entry-a4992c8fac79b584bacd5ee1af57ecc9","tifeet","تيفيت","تيفيت: seed-account-6b34c4189c5376f463c7 -> seed-account-7ac32db4e3484ce2dc22","0.00","2.19","0.00","2.56","0.00","2.19","6849.728582","0.00","15000.91","0.00","39.48","270427.28","6849.728470","tafyeet","tafkeet"
"كسر أفرنجي","seed-account-7ac32db4e3484ce2dc22","seed-account-7ac32db4e3484ce2dc22","1583","2026-05-13","","","csvref-entry-f3419d51336762204615f7034beca89c","tifeet","تيفيت","تيفيت: seed-account-abefcfd780de9b384dc5 -> seed-account-7ac32db4e3484ce2dc22","0.00","8.71","0.00","10.16","0.00","8.71","6849.728470","0.00","59661.14","0.00","30.77","210766.14","6849.728307","tafyeet","tafkeet"
"كسر أفرنجي","seed-account-7ac32db4e3484ce2dc22","seed-account-7ac32db4e3484ce2dc22","1584","2026-05-13","","","csvref-entry-0717960962b34efa522430bbad9a54c5","tifeet","تيفيت","تيفيت: seed-account-3d2cf6d12174291e9009 -> seed-account-7ac32db4e3484ce2dc22","0.00","3.92","0.00","4.57","0.00","3.92","6849.728307","0.00","26850.93","0.00","26.85","183915.21","6849.728492","tafyeet","tafkeet"
"كسر أفرنجي","seed-account-7ac32db4e3484ce2dc22","seed-account-7ac32db4e3484ce2dc22","1588","2026-05-14","","","csvref-entry-75c93a7080acafe71fa4ef45862b9634","purchase","شراء ذهب","شراء ذهب: seed-account-7ac32db4e3484ce2dc22 -> acct_non_inventory_001","1.03","0.00","1.20","0.00","1.03","0.00","6849.728492","7000.00","0.00","0.00","27.88","190915.21","6847.747848","customer_purchase","inbound"
"كسر أفرنجي","seed-account-7ac32db4e3484ce2dc22","seed-account-7ac32db4e3484ce2dc22","1589","2026-05-14","","","csvref-entry-7fe46210642d9b4baea223c449c167e1","purchase","شراء ذهب","شراء ذهب: seed-account-7ac32db4e3484ce2dc22 -> acct_non_inventory_001","0.57","0.00","0.67","0.00","0.57","0.00","6847.747848","3900.00","0.00","0.00","28.45","194815.21","6847.634798","customer_purchase","inbound"
"كسر أفرنجي","seed-account-7ac32db4e3484ce2dc22","seed-account-7ac32db4e3484ce2dc22","1590","2026-05-14","","","csvref-entry-ed4e8fcd9a1f7899388ab11dd9532b5f","purchase","شراء ذهب","شراء ذهب: seed-account-7ac32db4e3484ce2dc22 -> acct_non_inventory_001","0.91","0.00","1.06","0.00","0.91","0.00","6847.634798","6120.00","0.00","0.00","29.36","200935.21","6843.842302","customer_purchase","inbound"
"كسر أفرنجي","seed-account-7ac32db4e3484ce2dc22","seed-account-7ac32db4e3484ce2dc22","1592","2026-05-14","","","csvref-entry-294d0fa01b550b54ddf07c45a61c2611","purchase","شراء ذهب","شراء ذهب: seed-account-7ac32db4e3484ce2dc22 -> acct_non_inventory_001","2.23","0.00","2.60","0.00","2.23","0.00","6843.842302","15700.00","0.00","0.00","31.59","216635.21","6857.714783","customer_purchase","inbound"
"كسر أفرنجي","seed-account-7ac32db4e3484ce2dc22","seed-account-7ac32db4e3484ce2dc22","1594","2026-05-14","","","csvref-entry-7f78d0e98728d2866ddf8aebf88a4225","purchase","شراء ذهب","شراء ذهب: seed-account-7ac32db4e3484ce2dc22 -> acct_non_inventory_001","0.07","0.00","0.08","0.00","0.07","0.00","6857.714783","400.00","0.00","0.00","31.66","217035.21","6855.186671","customer_purchase","inbound"
"كسر أفرنجي","seed-account-7ac32db4e3484ce2dc22","seed-account-7ac32db4e3484ce2dc22","1595","2026-05-14","","","csvref-entry-8df86273e3b69e84d2cb7c9797c89c48","purchase","شراء ذهب","شراء ذهب: seed-account-7ac32db4e3484ce2dc22 -> acct_non_inventory_001","1.50","0.00","1.75","0.00","1.50","0.00","6855.186671","10250.00","0.00","0.00","33.16","227285.21","6854.198130","customer_purchase","inbound"
"كسر أفرنجي","seed-account-7ac32db4e3484ce2dc22","seed-account-7ac32db4e3484ce2dc22","1597","2026-05-14","","","csvref-entry-8a50bdbb0404124da485a8ba4d334774","purchase","شراء ذهب","شراء ذهب: seed-account-7ac32db4e3484ce2dc22 -> acct_non_inventory_001","9.14","0.00","10.66","0.00","9.14","0.00","6854.198130","62300.00","0.00","0.00","42.30","289585.21","6845.986052","customer_purchase","inbound"
"كسر أفرنجي","seed-account-7ac32db4e3484ce2dc22","seed-account-7ac32db4e3484ce2dc22","1598","2026-05-14","","","csvref-entry-c7472d798c36018f4d948083c1941992","tifeet","تيفيت","تيفيت: seed-account-6b34c4189c5376f463c7 -> seed-account-7ac32db4e3484ce2dc22","0.00","0.42","0.00","0.49","0.00","0.42","6845.986052","0.00","2875.31","0.00","41.88","286709.90","6845.986151","tafyeet","tafkeet"
"كسر أفرنجي","seed-account-7ac32db4e3484ce2dc22","seed-account-7ac32db4e3484ce2dc22","1599","2026-05-14","","","csvref-entry-d405fb165e74bd3cd502d78d8f71885b","tifeet","تيفيت","تيفيت: seed-account-f7259c51816b3eca60b0 -> seed-account-7ac32db4e3484ce2dc22","0.00","2.37","0.00","2.76","0.00","2.37","6845.986151","0.00","16224.98","0.00","39.51","270484.92","6845.986333","tafyeet","tafkeet"
"كسر أفرنجي","seed-account-7ac32db4e3484ce2dc22","seed-account-7ac32db4e3484ce2dc22","1605","2026-05-15","","","csvref-entry-d5eabe5fe25b1c6ac2c5fe3be9806c5e","purchase","شراء ذهب","شراء ذهب: seed-account-7ac32db4e3484ce2dc22 -> acct_non_inventory_001","1.26","0.00","1.47","0.00","1.26","0.00","6845.986333","8450.00","0.00","0.00","40.77","278934.92","6841.670836","customer_purchase","inbound"
"كسر أفرنجي","seed-account-7ac32db4e3484ce2dc22","seed-account-7ac32db4e3484ce2dc22","1606","2026-05-16","","","csvref-entry-b8b0b947a8b699af3c5a3928d128d2a1","purchase","شراء ذهب","شراء ذهب: seed-account-7ac32db4e3484ce2dc22 -> acct_non_inventory_001","0.54","0.00","0.63","0.00","0.54","0.00","6841.670836","3600.00","0.00","0.00","41.31","282534.92","6839.383200","customer_purchase","inbound"
"كسر أفرنجي","seed-account-7ac32db4e3484ce2dc22","seed-account-7ac32db4e3484ce2dc22","1607","2026-05-16","","","csvref-entry-6b59f02bbb053e7161037b7c83fcf756","purchase","شراء ذهب","شراء ذهب: seed-account-7ac32db4e3484ce2dc22 -> acct_non_inventory_001","1.67","0.00","1.95","0.00","1.67","0.00","6839.383200","11200.00","0.00","0.00","42.98","293734.92","6834.223360","customer_purchase","inbound"
"كسر أفرنجي","seed-account-7ac32db4e3484ce2dc22","seed-account-7ac32db4e3484ce2dc22","1608","2026-05-16","","","csvref-entry-587337f167114c1ef8ff38e5cfcca11a","purchase","شراء ذهب","شراء ذهب: seed-account-7ac32db4e3484ce2dc22 -> acct_non_inventory_001","0.75","0.00","0.88","0.00","0.75","0.00","6834.223360","5070.00","0.00","0.00","43.73","298804.92","6832.950377","customer_purchase","inbound"
"كسر أفرنجي","seed-account-7ac32db4e3484ce2dc22","seed-account-7ac32db4e3484ce2dc22","1614","2026-05-16","","","csvref-entry-0eb5dbc58dfe79917082e53637038ce1","purchase","شراء ذهب","شراء ذهب: seed-account-7ac32db4e3484ce2dc22 -> acct_non_inventory_001","1.80","0.00","2.10","0.00","1.80","0.00","6832.950377","14175.00","0.00","0.00","45.53","312979.92","6874.147156","customer_purchase","inbound"
"كسر أفرنجي","seed-account-7ac32db4e3484ce2dc22","seed-account-7ac32db4e3484ce2dc22","1615","2026-05-16","","","csvref-entry-0a830855ee868e304c5259065455cba5","tifeet","تيفيت","تيفيت: seed-account-d6d361a10f6d7735f5a2 -> seed-account-7ac32db4e3484ce2dc22","0.00","0.09","0.00","0.10","0.00","0.09","6874.147156","0.00","618.67","0.00","45.44","312361.25","6874.147227","tafyeet","tafkeet"
"كسر أفرنجي","seed-account-7ac32db4e3484ce2dc22","seed-account-7ac32db4e3484ce2dc22","1616","2026-05-16","","","csvref-entry-70c034270cbe810e3e8f9d1f6b35ca56","tifeet","تيفيت","تيفيت: seed-account-960d86a1b65899e364b7 -> seed-account-7ac32db4e3484ce2dc22","0.00","1.67","0.00","1.95","0.00","1.67","6874.147227","0.00","11479.82","0.00","43.77","300881.43","6874.147361","tafyeet","tafkeet"
"كسر أفرنجي","seed-account-7ac32db4e3484ce2dc22","seed-account-7ac32db4e3484ce2dc22","1617","2026-05-16","","","csvref-entry-405d280d011f361ad8d922aad87cfbe0","tifeet","تيفيت","تيفيت: seed-account-cb5d499baa26a3db6f1c -> seed-account-7ac32db4e3484ce2dc22","0.00","1.65","0.00","1.92","0.00","1.65","6874.147361","0.00","11342.34","0.00","42.12","289539.09","6874.147436","tafyeet","tafkeet"
"كسر أفرنجي","seed-account-7ac32db4e3484ce2dc22","seed-account-7ac32db4e3484ce2dc22","1618","2026-05-16","","","csvref-entry-f7319e1a14ca5934f8a2bca13bde105c","tifeet","تيفيت","تيفيت: seed-account-7a7da1fd500bce293e8b -> seed-account-7ac32db4e3484ce2dc22","0.00","1.51","0.00","1.76","0.00","1.51","6874.147436","0.00","10379.96","0.00","40.61","279159.13","6874.147501","tafyeet","tafkeet"
"كسر أفرنجي","seed-account-7ac32db4e3484ce2dc22","seed-account-7ac32db4e3484ce2dc22","1619","2026-05-16","","","csvref-entry-6f0f5c0cf38be4b22fb87cd511515be1","tifeet","تيفيت","تيفيت: seed-account-abefcfd780de9b384dc5 -> seed-account-7ac32db4e3484ce2dc22","0.00","2.23","0.00","2.60","0.00","2.23","6874.147501","0.00","15329.34","0.00","38.38","263829.79","6874.147733","tafyeet","tafkeet"
"كسر أفرنجي","seed-account-7ac32db4e3484ce2dc22","seed-account-7ac32db4e3484ce2dc22","1620","2026-05-16","","","csvref-entry-cc78cc59991017fd62122598a3a2c735","tifeet","تيفيت","تيفيت: seed-account-3d2cf6d12174291e9009 -> seed-account-7ac32db4e3484ce2dc22","0.00","0.31","0.00","0.36","0.00","0.31","6874.147733","0.00","2130.99","0.00","38.07","261698.80","6874.147623","tafyeet","tafkeet"
"كسر أفرنجي","seed-account-7ac32db4e3484ce2dc22","seed-account-7ac32db4e3484ce2dc22","1621","2026-05-16","","","csvref-entry-800bda81da920c4f9619feed96a43e47","merchant_settlement","حساب تاجر ذهب","حساب تاجر ذهب: acct_non_inventory_040 -> seed-account-7ac32db4e3484ce2dc22","0.00","30.75","0.00","35.87","0.00","30.75","6874.147623","0.00","0.00","0.00","7.32","261698.80","35751.202186","merchant_delivery","other"
"كسر أفرنجي","seed-account-7ac32db4e3484ce2dc22","seed-account-7ac32db4e3484ce2dc22","1622","2026-05-17","","","csvref-entry-63ec91416729cdca7b543930b89c0065","purchase","شراء ذهب","شراء ذهب: seed-account-7ac32db4e3484ce2dc22 -> acct_non_inventory_001","3.83","0.00","4.47","0.00","3.83","0.00","35751.202186","25750.00","0.00","0.00","11.15","287448.80","25780.161435","customer_purchase","inbound"
"كسر أفرنجي","seed-account-7ac32db4e3484ce2dc22","seed-account-7ac32db4e3484ce2dc22","1625","2026-05-17","","","csvref-entry-b8ee9d6e09a66869e6dc2f15c0fc6069","purchase","شراء ذهب","شراء ذهب: seed-account-7ac32db4e3484ce2dc22 -> acct_non_inventory_001","1.28","0.00","1.49","0.00","1.28","0.00","25780.161435","8550.00","0.00","0.00","12.43","295998.80","23813.258246","customer_purchase","inbound"
"كسر أفرنجي","seed-account-7ac32db4e3484ce2dc22","seed-account-7ac32db4e3484ce2dc22","1627","2026-05-17","","","csvref-entry-f388c35d1780268adca801eaebf8b1ad","purchase","شراء ذهب","شراء ذهب: seed-account-7ac32db4e3484ce2dc22 -> acct_non_inventory_001","1.31","0.00","1.53","0.00","1.31","0.00","23813.258246","8850.00","0.00","0.00","13.74","304848.80","22186.957787","customer_purchase","inbound"
"كسر أفرنجي","seed-account-7ac32db4e3484ce2dc22","seed-account-7ac32db4e3484ce2dc22","1630","2026-05-18","","","csvref-entry-34c20a73edaf6edd41a1a18cfbbe4727","purchase","شراء ذهب","شراء ذهب: seed-account-7ac32db4e3484ce2dc22 -> acct_non_inventory_001","0.15","0.00","0.17","0.00","0.15","0.00","22186.957787","970.00","0.00","0.00","13.89","305818.80","22017.192225","customer_purchase","inbound"
"كسر أفرنجي","seed-account-7ac32db4e3484ce2dc22","seed-account-7ac32db4e3484ce2dc22","1633","2026-05-18","","","csvref-entry-dba63c5366a2db7d4ffc3468037db0ef","purchase","شراء ذهب","شراء ذهب: seed-account-7ac32db4e3484ce2dc22 -> acct_non_inventory_001","1.33","0.00","1.55","0.00","1.33","0.00","22017.192225","8900.00","0.00","0.00","15.22","314718.80","20677.976347","customer_purchase","inbound"
"كسر أفرنجي","seed-account-7ac32db4e3484ce2dc22","seed-account-7ac32db4e3484ce2dc22","1635","2026-05-19","","","csvref-entry-fa322833dc0d7c61428f289640f92fb1","purchase","شراء ذهب","شراء ذهب: seed-account-7ac32db4e3484ce2dc22 -> acct_non_inventory_001","4.93","0.00","5.75","0.00","4.93","0.00","20677.976347","33000.00","0.00","0.00","20.15","347718.80","17256.516129","customer_purchase","inbound"
"كسر أفرنجي","seed-account-7ac32db4e3484ce2dc22","seed-account-7ac32db4e3484ce2dc22","1637","2026-05-19","","","csvref-entry-f31c9351b2517d54ef30462d666b73fd","purchase","شراء ذهب","شراء ذهب: seed-account-7ac32db4e3484ce2dc22 -> acct_non_inventory_001","0.50","0.00","0.58","0.00","0.50","0.00","17256.516129","3250.00","0.00","0.00","20.65","350968.80","16996.067797","customer_purchase","inbound"
"كسر أفرنجي","seed-account-7ac32db4e3484ce2dc22","seed-account-7ac32db4e3484ce2dc22","1639","2026-05-19","","","csvref-entry-276cf68381a290756437732eac9fd94b","purchase","شراء ذهب","شراء ذهب: seed-account-7ac32db4e3484ce2dc22 -> acct_non_inventory_001","0.01","0.00","0.01","0.00","0.01","0.00","16996.067797","60.00","0.00","0.00","20.66","351028.80","16990.745402","customer_purchase","inbound"
"كسر أفرنجي","seed-account-7ac32db4e3484ce2dc22","seed-account-7ac32db4e3484ce2dc22","1640","2026-05-19","","","csvref-entry-6242a2da42eb11e9656207512055a86f","tifeet","تيفيت","تيفيت: seed-account-f7259c51816b3eca60b0 -> seed-account-7ac32db4e3484ce2dc22","0.00","3.32","0.00","3.87","0.00","3.32","16990.745402","0.00","56409.27","0.00","17.34","294619.53","16990.745675","tafyeet","tafkeet"
"كسر أفرنجي","seed-account-7ac32db4e3484ce2dc22","seed-account-7ac32db4e3484ce2dc22","1641","2026-05-19","","","csvref-entry-4fff910ee815559c30f3b09ee1e12584","merchant_settlement","حساب تاجر ذهب","حساب تاجر ذهب: acct_non_inventory_042 -> seed-account-7ac32db4e3484ce2dc22","0.00","1.63","0.00","1.90","0.00","1.63","16990.745675","0.00","0.00","0.00","15.71","294619.53","18753.630172","merchant_delivery","other"
"كسر أفرنجي","seed-account-7ac32db4e3484ce2dc22","seed-account-7ac32db4e3484ce2dc22","1647","2026-05-20","","","csvref-entry-4297822260f33d66a423532a2200f2f3","purchase","شراء ذهب","شراء ذهب: seed-account-7ac32db4e3484ce2dc22 -> acct_non_inventory_001","0.58","0.00","0.68","0.00","0.58","0.00","18753.630172","3875.00","0.00","0.00","16.29","298494.53","18323.789441","customer_purchase","inbound"
"كسر أفرنجي","seed-account-7ac32db4e3484ce2dc22","seed-account-7ac32db4e3484ce2dc22","1655","2026-05-20","","","csvref-entry-dae0c0acb8ad7151336aa948ad22c33e","purchase","شراء ذهب","شراء ذهب: seed-account-7ac32db4e3484ce2dc22 -> acct_non_inventory_001","0.11","0.00","0.13","0.00","0.11","0.00","18323.789441","740.00","0.00","0.00","16.40","299234.53","18246.007927","customer_purchase","inbound"
"كسر أفرنجي","seed-account-7ac32db4e3484ce2dc22","seed-account-7ac32db4e3484ce2dc22","1658","2026-05-21","","","csvref-entry-c6d36e9382a2cc8c0c46b79c769c29d6","purchase","شراء ذهب","شراء ذهب: seed-account-7ac32db4e3484ce2dc22 -> acct_non_inventory_001","1.70","0.00","1.98","0.00","1.70","0.00","18246.007927","11400.00","0.00","0.00","18.10","310634.53","17162.128729","customer_purchase","inbound"
"كسر أفرنجي","seed-account-7ac32db4e3484ce2dc22","seed-account-7ac32db4e3484ce2dc22","1662","2026-05-21","","","csvref-entry-99e2558b9aca818b2ae609503c91f8ff","purchase","شراء ذهب","شراء ذهب: seed-account-7ac32db4e3484ce2dc22 -> acct_non_inventory_001","0.67","0.00","0.78","0.00","0.67","0.00","17162.128729","4480.00","0.00","0.00","18.77","315114.53","16788.200852","customer_purchase","inbound"
"كسر أفرنجي","seed-account-7ac32db4e3484ce2dc22","seed-account-7ac32db4e3484ce2dc22","1668","2026-05-21","","","csvref-entry-a2857a27d604e8ee3f3fcda8583eb669","purchase","شراء ذهب","شراء ذهب: seed-account-7ac32db4e3484ce2dc22 -> acct_non_inventory_001","1.11","0.00","1.30","0.00","1.11","0.00","16788.200852","7450.00","0.00","0.00","19.88","322564.53","16225.579980","customer_purchase","inbound"
"كسر أفرنجي","seed-account-7ac32db4e3484ce2dc22","seed-account-7ac32db4e3484ce2dc22","1672","2026-05-23","","","csvref-entry-245c9f638c667820d58177ea06836acd","purchase","شراء ذهب","شراء ذهب: seed-account-7ac32db4e3484ce2dc22 -> acct_non_inventory_001","1.46","0.00","1.70","0.00","1.46","0.00","16225.579980","9760.00","0.00","0.00","21.34","332324.53","15572.845829","customer_purchase","inbound"
"كسر أفرنجي","seed-account-7ac32db4e3484ce2dc22","seed-account-7ac32db4e3484ce2dc22","1675","2026-05-23","","","csvref-entry-0f79dca8255da80dc029c240d9aa271c","purchase","شراء ذهب","شراء ذهب: seed-account-7ac32db4e3484ce2dc22 -> acct_non_inventory_001","5.49","0.00","6.40","0.00","5.49","0.00","15572.845829","36750.00","0.00","0.00","26.83","369074.53","13756.039135","customer_purchase","inbound"
"كسر أفرنجي","seed-account-7ac32db4e3484ce2dc22","seed-account-7ac32db4e3484ce2dc22","1677","2026-05-23","","","csvref-entry-17d499f89d32a1eedd17f14a8c0aaa6a","purchase","شراء ذهب","شراء ذهب: seed-account-7ac32db4e3484ce2dc22 -> acct_non_inventory_001","0.86","0.00","1.00","0.00","0.86","0.00","13756.039135","5725.00","0.00","0.00","27.69","374799.53","13535.555435","customer_purchase","inbound"
"كسر أفرنجي","seed-account-7ac32db4e3484ce2dc22","seed-account-7ac32db4e3484ce2dc22","1680","2026-05-23","","","csvref-entry-5d9215debe328ac5d22dac16c45fa249","purchase","شراء ذهب","شراء ذهب: seed-account-7ac32db4e3484ce2dc22 -> acct_non_inventory_001","5.49","0.00","6.40","0.00","5.49","0.00","13535.555435","36750.00","0.00","0.00","33.18","411549.53","12403.542194","customer_purchase","inbound"
"كسر أفرنجي","seed-account-7ac32db4e3484ce2dc22","seed-account-7ac32db4e3484ce2dc22","1684","2026-05-23","","","csvref-entry-e06c5122b65192d3ff12a06f25130078","purchase","شراء ذهب","شراء ذهب: seed-account-7ac32db4e3484ce2dc22 -> acct_non_inventory_001","1.47","0.00","1.72","0.00","1.47","0.00","12403.542194","9900.00","0.00","0.00","34.65","421449.53","12163.045599","customer_purchase","inbound"
"كسر أفرنجي","seed-account-7ac32db4e3484ce2dc22","seed-account-7ac32db4e3484ce2dc22","1686","2026-05-24","","","csvref-entry-239a9f7f244f0e0afcdbab3f0f851e20","purchase","شراء ذهب","شراء ذهب: seed-account-7ac32db4e3484ce2dc22 -> acct_non_inventory_001","1.83","0.00","2.14","0.00","1.83","0.00","12163.045599","12250.00","0.00","0.00","36.48","433699.53","11888.693257","customer_purchase","inbound"
"كسر أفرنجي","seed-account-7ac32db4e3484ce2dc22","seed-account-7ac32db4e3484ce2dc22","1695","2026-05-24","","","csvref-entry-2a32db5ba3bef65ad0730a532816b659","purchase","شراء ذهب","شراء ذهب: seed-account-7ac32db4e3484ce2dc22 -> acct_non_inventory_001","0.99","0.00","1.15","0.00","0.99","0.00","11888.693257","6600.00","0.00","0.00","37.47","440299.53","11750.721377","customer_purchase","inbound"
"كسر أفرنجي","seed-account-7ac32db4e3484ce2dc22","seed-account-7ac32db4e3484ce2dc22","1696","2026-05-25","","","csvref-entry-c26205a32c9d0a70bc052c214905d2fe","purchase","شراء ذهب","شراء ذهب: seed-account-7ac32db4e3484ce2dc22 -> acct_non_inventory_001","1.96","0.00","2.29","0.00","1.96","0.00","11750.721377","13200.00","0.00","0.00","39.43","453499.53","11501.382957","customer_purchase","inbound"
"كسر أفرنجي","seed-account-7ac32db4e3484ce2dc22","seed-account-7ac32db4e3484ce2dc22","1701","2026-05-25","","","csvref-entry-dc34d76b6ed3b43c5a1b42e77055bc07","purchase","شراء ذهب","شراء ذهب: seed-account-7ac32db4e3484ce2dc22 -> acct_non_inventory_001","2.15","0.00","2.51","0.00","2.15","0.00","11501.382957","14500.00","0.00","0.00","41.58","467999.53","11255.399952","customer_purchase","inbound"
"كسر أفرنجي","seed-account-7ac32db4e3484ce2dc22","seed-account-7ac32db4e3484ce2dc22","1709","2026-05-26","","","csvref-entry-24c373842bdd36531394ae4232efb31f","purchase","شراء ذهب","شراء ذهب: seed-account-7ac32db4e3484ce2dc22 -> acct_non_inventory_001","1.29","0.00","1.50","0.00","1.29","0.00","11255.399952","8500.00","0.00","0.00","42.87","476499.53","11114.987870","customer_purchase","inbound"
"كسر أفرنجي","seed-account-7ac32db4e3484ce2dc22","seed-account-7ac32db4e3484ce2dc22","1710","2026-05-26","","","csvref-entry-3b34cbf88b050bc52ca4e21a922dec96","purchase","شراء ذهب","شراء ذهب: seed-account-7ac32db4e3484ce2dc22 -> acct_non_inventory_001","1.41","0.00","1.64","0.00","1.41","0.00","11114.987870","9400.00","0.00","0.00","44.28","485899.53","10973.340786","customer_purchase","inbound"
"كسر أفرنجي","seed-account-7ac32db4e3484ce2dc22","seed-account-7ac32db4e3484ce2dc22","1711","2026-05-26","","","csvref-entry-0f58ab86171342923317accdab203256","purchase","شراء ذهب","شراء ذهب: seed-account-7ac32db4e3484ce2dc22 -> acct_non_inventory_001","0.11","0.00","0.13","0.00","0.11","0.00","10973.340786","725.00","0.00","0.00","44.39","486624.53","10962.480964","customer_purchase","inbound"
"كسر أفرنجي","seed-account-7ac32db4e3484ce2dc22","seed-account-7ac32db4e3484ce2dc22","1717","2026-05-26","","","csvref-entry-1dbca23e74359c6ae8d6dfbdf0eba1a9","purchase","شراء ذهب","شراء ذهب: seed-account-7ac32db4e3484ce2dc22 -> acct_non_inventory_001","0.45","0.00","0.53","0.00","0.45","0.00","10962.480964","3000.00","0.00","0.00","44.84","489624.53","10919.369536","customer_purchase","inbound"
"كسر أفرنجي","seed-account-7ac32db4e3484ce2dc22","seed-account-7ac32db4e3484ce2dc22","1718","2026-05-26","","","csvref-entry-99a44a84812b12ca19a30f3b1a39584b","purchase","شراء ذهب","شراء ذهب: seed-account-7ac32db4e3484ce2dc22 -> acct_non_inventory_001","2.09","0.00","2.44","0.00","2.09","0.00","10919.369536","14000.00","0.00","0.00","46.93","503624.53","10731.398466","customer_purchase","inbound"
"كسر أفرنجي","seed-account-7ac32db4e3484ce2dc22","seed-account-7ac32db4e3484ce2dc22","1724","2026-05-27","","","csvref-entry-82b87a78e2fc776560c41109611f04bc","purchase","شراء ذهب","شراء ذهب: seed-account-7ac32db4e3484ce2dc22 -> acct_non_inventory_001","0.43","0.00","0.50","0.00","0.43","0.00","10731.398466","2850.00","0.00","0.00","47.36","506474.53","10694.141258","customer_purchase","inbound"
"كسر أفرنجي","seed-account-7ac32db4e3484ce2dc22","seed-account-7ac32db4e3484ce2dc22","1725","2026-05-27","","","csvref-entry-ffad14354cfafd4192e1f212f66a8da8","purchase","شراء ذهب","شراء ذهب: seed-account-7ac32db4e3484ce2dc22 -> acct_non_inventory_001","2.74","0.00","3.20","0.00","2.74","0.00","10694.141258","18250.00","0.00","0.00","50.10","524724.53","10473.543513","customer_purchase","inbound"
"كسر أفرنجي","seed-account-7ac32db4e3484ce2dc22","seed-account-7ac32db4e3484ce2dc22","1726","2026-05-27","","","csvref-entry-8c120f72b14e5a4bbc0a877f6dc5046f","purchase","شراء ذهب","شراء ذهب: seed-account-7ac32db4e3484ce2dc22 -> acct_non_inventory_001","1.76","0.00","2.05","0.00","1.76","0.00","10473.543513","11600.00","0.00","0.00","51.86","536324.53","10341.776514","customer_purchase","inbound"
"كسر أفرنجي","seed-account-7ac32db4e3484ce2dc22","seed-account-7ac32db4e3484ce2dc22","1727","2026-05-27","","","csvref-entry-6847a9325719f089950cd1561e792f00","purchase","شراء ذهب","شراء ذهب: seed-account-7ac32db4e3484ce2dc22 -> acct_non_inventory_001","0.39","0.00","0.45","0.00","0.39","0.00","10341.776514","2500.00","0.00","0.00","52.25","538824.53","10312.431196","customer_purchase","inbound"
"كسر أفرنجي","seed-account-7ac32db4e3484ce2dc22","seed-account-7ac32db4e3484ce2dc22","1728","2026-05-27","","","csvref-entry-2a219547bbbbc0a2c8cf3bd392bc5744","purchase","شراء ذهب","شراء ذهب: seed-account-7ac32db4e3484ce2dc22 -> acct_non_inventory_001","0.79","0.00","0.92","0.00","0.79","0.00","10312.431196","5200.00","0.00","0.00","53.04","544024.53","10256.872738","customer_purchase","inbound"
"كسر أفرنجي","seed-account-7ac32db4e3484ce2dc22","seed-account-7ac32db4e3484ce2dc22","1729","2026-05-27","","","csvref-entry-bbbb05a90b9ff031af42dd0002c0f294","tifeet","تيفيت","تيفيت: seed-account-abefcfd780de9b384dc5 -> seed-account-7ac32db4e3484ce2dc22","0.00","6.39","0.00","7.45","0.00","6.39","10256.872738","0.00","65541.42","0.00","46.65","478483.11","10256.872669","tafyeet","tafkeet"
"كسر أفرنجي","seed-account-7ac32db4e3484ce2dc22","seed-account-7ac32db4e3484ce2dc22","1730","2026-05-27","","","csvref-entry-2bd04d04e6ef9f3fb6b79b503dff083f","tifeet","تيفيت","تيفيت: seed-account-f7259c51816b3eca60b0 -> seed-account-7ac32db4e3484ce2dc22","0.00","6.90","0.00","8.05","0.00","6.90","10256.872669","0.00","70772.42","0.00","39.75","407710.69","10256.872704","tafyeet","tafkeet"
"كسر أفرنجي","seed-account-7ac32db4e3484ce2dc22","seed-account-7ac32db4e3484ce2dc22","1731","2026-05-27","","","csvref-entry-c8513063f0087a9ba25bac12ba7f47b0","tifeet","تيفيت","تيفيت: seed-account-7a7da1fd500bce293e8b -> seed-account-7ac32db4e3484ce2dc22","0.00","7.85","0.00","9.16","0.00","7.85","10256.872704","0.00","80516.45","0.00","31.90","327194.24","10256.872727","tafyeet","tafkeet"
"كسر أفرنجي","seed-account-7ac32db4e3484ce2dc22","seed-account-7ac32db4e3484ce2dc22","1732","2026-05-27","","","csvref-entry-063e975366dc99ad5e0ad76ccea98f99","tifeet","تيفيت","تيفيت: seed-account-3d2cf6d12174291e9009 -> seed-account-7ac32db4e3484ce2dc22","0.00","4.36","0.00","5.09","0.00","4.36","10256.872727","0.00","44719.97","0.00","27.54","282474.27","10256.872549","tafyeet","tafkeet"
"كسر أفرنجي","seed-account-7ac32db4e3484ce2dc22","seed-account-7ac32db4e3484ce2dc22","1733","2026-05-27","","","csvref-entry-e1c1f323ca92ac15c9e78c2bcf982d46","tifeet","تيفيت","تيفيت: seed-account-d37d8b76e6ed91e88626 -> seed-account-7ac32db4e3484ce2dc22","0.00","1.66","0.00","1.94","0.00","1.66","10256.872549","0.00","17026.41","0.00","25.88","265447.86","10256.872488","tafyeet","tafkeet"
"كسر أفرنجي","seed-account-7ac32db4e3484ce2dc22","seed-account-7ac32db4e3484ce2dc22","1734","2026-05-27","","","csvref-entry-19cb38902e16802341a76f8ce510e8f2","tifeet","تيفيت","تيفيت: seed-account-cb5d499baa26a3db6f1c -> seed-account-7ac32db4e3484ce2dc22","0.00","4.35","0.00","5.07","0.00","4.35","10256.872488","0.00","44617.40","0.00","21.53","220830.46","10256.872271","tafyeet","tafkeet"
"كسر أفرنجي","seed-account-7ac32db4e3484ce2dc22","seed-account-7ac32db4e3484ce2dc22","1735","2026-05-27","","","csvref-entry-e70c09a77eda436e4ad1bc0d7f03f1ea","tifeet","تيفيت","تيفيت: seed-account-6b34c4189c5376f463c7 -> seed-account-7ac32db4e3484ce2dc22","0.00","3.93","0.00","4.59","0.00","3.93","10256.872271","0.00","40309.50","0.00","17.60","180520.96","10256.872727","tafyeet","tafkeet"
"كسر أفرنجي","seed-account-7ac32db4e3484ce2dc22","seed-account-7ac32db4e3484ce2dc22","1746","2026-05-28","","","csvref-entry-0a61f246d730cb32ac91f28b3efe1106","purchase","شراء ذهب","شراء ذهب: seed-account-7ac32db4e3484ce2dc22 -> acct_non_inventory_001","3.39","0.00","3.95","0.00","3.39","0.00","10256.872727","22700.00","0.00","0.00","20.99","203220.96","9681.798952","customer_purchase","inbound"
"كسر أفرنجي","seed-account-7ac32db4e3484ce2dc22","seed-account-7ac32db4e3484ce2dc22","1747","2026-05-28","","","csvref-entry-a44c3c0cc9a18973f77bdf77ecb276e3","tifeet","تيفيت","تيفيت: seed-account-abefcfd780de9b384dc5 -> seed-account-7ac32db4e3484ce2dc22","0.00","3.39","0.00","3.95","0.00","3.39","9681.798952","0.00","32821.30","0.00","17.60","170399.66","9681.798864","tafyeet","tafkeet"
"كسر أفرنجي","seed-account-7ac32db4e3484ce2dc22","seed-account-7ac32db4e3484ce2dc22","1753","2026-05-30","","","csvref-entry-b99d1f410eccc8c2a143e9a253991cf0","purchase","شراء ذهب","شراء ذهب: seed-account-7ac32db4e3484ce2dc22 -> acct_non_inventory_001","0.94","0.00","1.10","0.00","0.94","0.00","9681.798864","6300.00","0.00","0.00","18.54","176699.66","9530.725998","customer_purchase","inbound"
"كسر أفرنجي","seed-account-7ac32db4e3484ce2dc22","seed-account-7ac32db4e3484ce2dc22","1754","2026-05-30","","","csvref-entry-e6179dbf108451d9ccda5627aa0013d7","purchase","شراء ذهب","شراء ذهب: seed-account-7ac32db4e3484ce2dc22 -> acct_non_inventory_001","1.33","0.00","1.55","0.00","1.33","0.00","9530.725998","8850.00","0.00","0.00","19.87","185549.66","9338.181178","customer_purchase","inbound"
"كسر أفرنجي","seed-account-7ac32db4e3484ce2dc22","seed-account-7ac32db4e3484ce2dc22","1761","2026-05-31","","","csvref-entry-f01531602f1414fbcc9b359594894a6a","purchase","شراء ذهب","شراء ذهب: seed-account-7ac32db4e3484ce2dc22 -> acct_non_inventory_001","2.61","0.00","3.05","0.00","2.61","0.00","9338.181178","17400.00","0.00","0.00","22.48","202949.66","9028.009786","customer_purchase","inbound"
"كسر أفرنجي","seed-account-7ac32db4e3484ce2dc22","seed-account-7ac32db4e3484ce2dc22","1767","2026-05-31","","","csvref-entry-6f216497edb02fec53e38104d6d792ed","purchase","شراء ذهب","شراء ذهب: seed-account-7ac32db4e3484ce2dc22 -> acct_non_inventory_001","0.50","0.00","0.58","0.00","0.50","0.00","9028.009786","3300.00","0.00","0.00","22.98","206249.66","8975.181027","customer_purchase","inbound"
"كسر أفرنجي","seed-account-7ac32db4e3484ce2dc22","seed-account-7ac32db4e3484ce2dc22","1771","2026-06-01","","","csvref-entry-bc8c1063a628c7edd530acef9f74f5ac","purchase","شراء ذهب","شراء ذهب: seed-account-7ac32db4e3484ce2dc22 -> acct_non_inventory_001","1.27","0.00","1.48","0.00","1.27","0.00","8975.181027","8400.00","0.00","0.00","24.25","214649.66","8851.532371","customer_purchase","inbound"
"كسر أفرنجي","seed-account-7ac32db4e3484ce2dc22","seed-account-7ac32db4e3484ce2dc22","1773","2026-06-01","","","csvref-entry-31a327afb107fb60694f800385cfc55c","purchase","شراء ذهب","شراء ذهب: seed-account-7ac32db4e3484ce2dc22 -> acct_non_inventory_001","1.06","0.00","1.24","0.00","1.06","0.00","8851.532371","7000.00","0.00","0.00","25.31","221649.66","8757.394706","customer_purchase","inbound"
"كسر أفرنجي","seed-account-7ac32db4e3484ce2dc22","seed-account-7ac32db4e3484ce2dc22","1774","2026-06-01","","","csvref-entry-f4c44ca8a6e6f4512ff1f6103bf4afc7","purchase","شراء ذهب","شراء ذهب: seed-account-7ac32db4e3484ce2dc22 -> acct_non_inventory_001","2.29","0.00","2.67","0.00","2.29","0.00","8757.394706","15150.00","0.00","0.00","27.60","236799.66","8579.697826","customer_purchase","inbound"
"كسر أفرنجي","seed-account-7ac32db4e3484ce2dc22","seed-account-7ac32db4e3484ce2dc22","1775","2026-06-01","","","csvref-entry-b2e5a746e8dc01fbc16aba750047a56b","purchase","شراء ذهب","شراء ذهب: seed-account-7ac32db4e3484ce2dc22 -> acct_non_inventory_001","0.66","0.00","0.77","0.00","0.66","0.00","8579.697826","4350.00","0.00","0.00","28.26","241149.66","8533.250531","customer_purchase","inbound"
"كسر أفرنجي","seed-account-7ac32db4e3484ce2dc22","seed-account-7ac32db4e3484ce2dc22","1776","2026-06-01","","","csvref-entry-8fadda4525b32df44c97dc150fbcbb94","sale","بيع ذهب","بيع ذهب: acct_non_inventory_001 -> seed-account-7ac32db4e3484ce2dc22","0.00","1.70","0.00","1.98","0.00","1.70","8533.250531","0.00","14506.52","0.00","26.56","226643.14","8533.250753","sale","outbound"
"كسر أفرنجي","seed-account-7ac32db4e3484ce2dc22","seed-account-7ac32db4e3484ce2dc22","1784","2026-06-02","","","csvref-entry-406fbbe65f2701d047dc8d6f12fc8643","purchase","شراء ذهب","شراء ذهب: seed-account-7ac32db4e3484ce2dc22 -> acct_non_inventory_001","0.84","0.00","0.98","0.00","0.84","0.00","8533.250753","5525.00","0.00","0.00","27.40","232168.14","8473.289781","customer_purchase","inbound"
"كسر أفرنجي","seed-account-7ac32db4e3484ce2dc22","seed-account-7ac32db4e3484ce2dc22","1785","2026-06-02","","","csvref-entry-daa7f89666ed0966cd8ab8635cd15f05","purchase","شراء ذهب","شراء ذهب: seed-account-7ac32db4e3484ce2dc22 -> acct_non_inventory_001","1.80","0.00","2.10","0.00","1.80","0.00","8473.289781","11865.00","0.00","0.00","29.20","244033.14","8357.299315","customer_purchase","inbound"
"كسر أفرنجي","seed-account-7ac32db4e3484ce2dc22","seed-account-7ac32db4e3484ce2dc22","1786","2026-06-02","","","csvref-entry-b9372f57ebf744dd7b33085b91d55d01","tifeet","تيفيت","تيفيت: seed-account-abefcfd780de9b384dc5 -> seed-account-7ac32db4e3484ce2dc22","0.00","3.26","0.00","3.80","0.00","3.26","8357.299315","0.00","27244.79","0.00","25.94","216788.35","8357.299537","tafyeet","tafkeet"
"كسر أفرنجي","seed-account-7ac32db4e3484ce2dc22","seed-account-7ac32db4e3484ce2dc22","1787","2026-06-02","","","csvref-entry-e7b6b8784faf2b5838b2a31f6f310495","tifeet","تيفيت","تيفيت: seed-account-3d2cf6d12174291e9009 -> seed-account-7ac32db4e3484ce2dc22","0.00","1.93","0.00","2.25","0.00","1.93","8357.299537","0.00","16129.59","0.00","24.01","200658.76","8357.299459","tafyeet","tafkeet"
"كسر أفرنجي","seed-account-7ac32db4e3484ce2dc22","seed-account-7ac32db4e3484ce2dc22","1788","2026-06-02","","","csvref-entry-7d8e202fa94570155538d6b571fb98a7","tifeet","تيفيت","تيفيت: seed-account-6b34c4189c5376f463c7 -> seed-account-7ac32db4e3484ce2dc22","0.00","0.51","0.00","0.59","0.00","0.51","8357.299459","0.00","4262.22","0.00","23.50","196396.54","8357.299574","tafyeet","tafkeet"
"كسر أفرنجي","seed-account-7ac32db4e3484ce2dc22","seed-account-7ac32db4e3484ce2dc22","1789","2026-06-02","","","csvref-entry-4bb843c0a040c47922c5c46b8922393b","tifeet","تيفيت","تيفيت: seed-account-cb5d499baa26a3db6f1c -> seed-account-7ac32db4e3484ce2dc22","0.00","4.18","0.00","4.88","0.00","4.18","8357.299574","0.00","34933.51","0.00","19.32","161463.03","8357.299689","tafyeet","tafkeet"
"كسر أفرنجي","seed-account-7ac32db4e3484ce2dc22","seed-account-7ac32db4e3484ce2dc22","1797","2026-06-03","","","csvref-entry-4770b3a5f7571674310a621f47813bd1","purchase","شراء ذهب","شراء ذهب: seed-account-7ac32db4e3484ce2dc22 -> acct_non_inventory_001","0.73","0.00","0.85","0.00","0.73","0.00","8357.299689","4730.00","0.00","0.00","20.05","166193.03","8288.929177","customer_purchase","inbound"
"كسر أفرنجي","seed-account-7ac32db4e3484ce2dc22","seed-account-7ac32db4e3484ce2dc22","1798","2026-06-03","","","csvref-entry-a65d84a5dc42882dc3ab98bee694fc92","purchase","شراء ذهب","شراء ذهب: seed-account-7ac32db4e3484ce2dc22 -> acct_non_inventory_001","0.75","0.00","0.88","0.00","0.75","0.00","8288.929177","4900.00","0.00","0.00","20.80","171093.03","8225.626442","customer_purchase","inbound"
"كسر أفرنجي","seed-account-7ac32db4e3484ce2dc22","seed-account-7ac32db4e3484ce2dc22","1799","2026-06-03","","","csvref-entry-b335caacd521d427e5ce1b674a2d707d","purchase","شراء ذهب","شراء ذهب: seed-account-7ac32db4e3484ce2dc22 -> acct_non_inventory_001","0.31","0.00","0.36","0.00","0.31","0.00","8225.626442","2020.00","0.00","0.00","21.11","173113.03","8200.522501","customer_purchase","inbound"
"كسر أفرنجي","seed-account-7ac32db4e3484ce2dc22","seed-account-7ac32db4e3484ce2dc22","1804","2026-06-03","","","csvref-entry-a0ed5c938a3ed000254dc59845adbfaf","purchase","شراء ذهب","شراء ذهب: seed-account-7ac32db4e3484ce2dc22 -> acct_non_inventory_001","3.04","0.00","3.55","0.00","3.04","0.00","8200.522501","19930.00","0.00","0.00","24.15","193043.03","7993.500207","customer_purchase","inbound"
"كسر أفرنجي","seed-account-7ac32db4e3484ce2dc22","seed-account-7ac32db4e3484ce2dc22","1805","2026-06-03","","","csvref-entry-cc4bf69d4204689b08f57634876bd22b","purchase","شراء ذهب","شراء ذهب: seed-account-7ac32db4e3484ce2dc22 -> acct_non_inventory_001","0.05","0.00","0.06","0.00","0.05","0.00","7993.500207","260.00","0.00","0.00","24.20","193303.03","7987.728512","customer_purchase","inbound"
"كسر أفرنجي","seed-account-7ac32db4e3484ce2dc22","seed-account-7ac32db4e3484ce2dc22","1806","2026-06-03","","","csvref-entry-6c42782dc1a2b2be68c4a02368a09cfc","purchase","شراء ذهب","شراء ذهب: seed-account-7ac32db4e3484ce2dc22 -> acct_non_inventory_001","1.78","0.00","2.08","0.00","1.78","0.00","7987.728512","11750.00","0.00","0.00","25.98","205053.03","7892.726328","customer_purchase","inbound"
"كسر أفرنجي","seed-account-7ac32db4e3484ce2dc22","seed-account-7ac32db4e3484ce2dc22","1810","2026-06-04","","","csvref-entry-2e50814cfa9fa6fb5a70e7a3c38f120d","purchase","شراء ذهب","شراء ذهب: seed-account-7ac32db4e3484ce2dc22 -> acct_non_inventory_001","2.49","0.00","2.91","0.00","2.49","0.00","7892.726328","16400.00","0.00","0.00","28.47","221453.03","7778.469617","customer_purchase","inbound"
"كسر أفرنجي","seed-account-7ac32db4e3484ce2dc22","seed-account-7ac32db4e3484ce2dc22","1811","2026-06-04","","","csvref-entry-979dd347e538aa28999c52bfc88ff610","purchase","شراء ذهب","شراء ذهب: seed-account-7ac32db4e3484ce2dc22 -> acct_non_inventory_001","0.39","0.00","0.45","0.00","0.39","0.00","7778.469617","2500.00","0.00","0.00","28.86","223953.03","7759.980249","customer_purchase","inbound"
"كسر أفرنجي","seed-account-7ac32db4e3484ce2dc22","seed-account-7ac32db4e3484ce2dc22","1812","2026-06-04","","","csvref-entry-033ed20b6e6850c25be8fa166881c40c","purchase","شراء ذهب","شراء ذهب: seed-account-7ac32db4e3484ce2dc22 -> acct_non_inventory_001","1.13","0.00","1.32","0.00","1.13","0.00","7759.980249","7300.00","0.00","0.00","29.99","231253.03","7711.004668","customer_purchase","inbound"
"خاتم فضة","seed-account-feed1210d025ed84e443","seed-account-feed1210d025ed84e443","11","2026-01-01","","","csvref-entry-39887cceba2a8f8812a5a76833309ec0","opening","قيد افتتاحي","قيد افتتاحي: seed-account-feed1210d025ed84e443 -> acct_non_inventory_047","1646.60","0.00","1646.60","0.00","","","","98796.00","0.00","0.00","1646.60","98796.00","60.000000","opening","opening"
"خاتم فضة","seed-account-feed1210d025ed84e443","seed-account-feed1210d025ed84e443","340","2026-01-31","","","csvref-entry-c1b5f953ea51540bb2798d6a3e754a74","sale","بيع فضة","بيع فضة: acct_non_inventory_001 -> seed-account-feed1210d025ed84e443","0.00","3.18","0.00","3.18","","","60.000000","0.00","190.80","0.00","1643.42","98605.20","60.000000","sale","outbound"
"خاتم فضة","seed-account-feed1210d025ed84e443","seed-account-feed1210d025ed84e443","675","2026-03-05","","","csvref-entry-a130f1ae45143d2a6ae3fb9fe799dff6","sale","بيع فضة","بيع فضة: acct_non_inventory_001 -> seed-account-feed1210d025ed84e443","0.00","8.33","0.00","8.33","","","60.000000","0.00","499.80","0.00","1635.09","98105.40","60.000000","sale","outbound"
"خاتم فضة","seed-account-feed1210d025ed84e443","seed-account-feed1210d025ed84e443","1097","2026-04-06","","","csvref-entry-139f44e3ca9059a04f38e233186aca9c","sale","بيع فضة","بيع فضة: acct_non_inventory_001 -> seed-account-feed1210d025ed84e443","0.00","5.07","0.00","5.07","","","60.000000","0.00","304.20","0.00","1630.02","97801.20","60.000000","sale","outbound"
"خاتم فضة","seed-account-feed1210d025ed84e443","seed-account-feed1210d025ed84e443","1358","2026-04-23","","","csvref-entry-7d51dd7f7797a0ad1f8b4b5bb408af15","sale","بيع فضة","بيع فضة: acct_non_inventory_001 -> seed-account-feed1210d025ed84e443","0.00","11.70","0.00","11.70","","","60.000000","0.00","702.00","0.00","1618.32","97099.20","60.000000","sale","outbound"
"خاتم فضة","seed-account-feed1210d025ed84e443","seed-account-feed1210d025ed84e443","1371","2026-04-24","","","csvref-entry-9cb1a308179facf0acc06917649bde80","purchase","تاجر فضة","تاجر فضة: seed-account-feed1210d025ed84e443 -> acct_non_inventory_043","44.98","0.00","44.98","0.00","","","60.000000","375.00","0.00","0.00","1663.30","97474.20","58.602898","merchant_receipt","inbound"
"خاتم فضة","seed-account-feed1210d025ed84e443","seed-account-feed1210d025ed84e443","1631","2026-05-18","","","csvref-entry-53842d400975609dbe9d203af673c08a","sale","بيع فضة","بيع فضة: acct_non_inventory_001 -> seed-account-feed1210d025ed84e443","0.00","5.80","0.00","5.80","","","58.602898","0.00","339.90","0.00","1657.50","97134.30","58.602896","sale","outbound"
"خاتم فضة","seed-account-feed1210d025ed84e443","seed-account-feed1210d025ed84e443","1738","2026-05-28","","","csvref-entry-53bdfc096aa1bb974d3a1ded957230bc","sale","بيع فضة","بيع فضة: acct_non_inventory_001 -> seed-account-feed1210d025ed84e443","0.00","5.65","0.00","5.65","","","58.602896","0.00","331.10","0.00","1651.85","96803.20","58.602900","sale","outbound"
"خاتم فضة","seed-account-feed1210d025ed84e443","seed-account-feed1210d025ed84e443","1751","2026-05-30","","","csvref-entry-ef8da845286c972c7b380c2f5db73343","sale","بيع فضة","بيع فضة: acct_non_inventory_001 -> seed-account-feed1210d025ed84e443","0.00","6.97","0.00","6.97","","","58.602900","0.00","408.46","0.00","1644.88","96394.74","58.602901","sale","outbound"
"كسر فضة","seed-account-2da1e46de570300127c6","seed-account-2da1e46de570300127c6","3","2026-01-01","","","csvref-entry-1a9cade1308c36f5c382520b6ade558f","opening","قيد افتتاحي","قيد افتتاحي: seed-account-2da1e46de570300127c6 -> acct_non_inventory_047","305.00","0.00","305.00","0.00","","","","18300.00","0.00","0.00","305.00","18300.00","60.000000","opening","opening"
"كسر فضة","seed-account-2da1e46de570300127c6","seed-account-2da1e46de570300127c6","266","2026-01-24","","","csvref-entry-2e39c06b8cf498929823c6c1556a43ba","purchase","شراء فضة","شراء فضة: seed-account-2da1e46de570300127c6 -> acct_non_inventory_001","4.00","0.00","4.00","0.00","","","60.000000","250.00","0.00","0.00","309.00","18550.00","60.032362","customer_purchase","inbound"
"كسر فضة","seed-account-2da1e46de570300127c6","seed-account-2da1e46de570300127c6","312","2026-01-27","","","csvref-entry-ceb3fdf4729cfc02bfe1158fe586605f","merchant_settlement","حساب تاجر فضة","حساب تاجر فضة: acct_non_inventory_043 -> seed-account-2da1e46de570300127c6","0.00","49.59","0.00","49.59","","","60.032362","0.00","0.00","0.00","259.41","18550.00","71.508423","merchant_delivery","other"
"كسر فضة","seed-account-2da1e46de570300127c6","seed-account-2da1e46de570300127c6","354","2026-02-01","","","csvref-entry-9d5816e01d6bee7bad95ff43c924c75e","purchase","شراء فضة","شراء فضة: seed-account-2da1e46de570300127c6 -> acct_non_inventory_001","13.00","0.00","13.00","0.00","","","71.508423","1100.00","0.00","0.00","272.41","19650.00","72.133916","customer_purchase","inbound"
"كسر فضة","seed-account-2da1e46de570300127c6","seed-account-2da1e46de570300127c6","357","2026-02-02","","","csvref-entry-6ca52030ffc5dc9c75e3ba81b3ee59f5","purchase","شراء فضة","شراء فضة: seed-account-2da1e46de570300127c6 -> acct_non_inventory_001","5.00","0.00","5.00","0.00","","","72.133916","350.00","0.00","0.00","277.41","20000.00","72.095454","customer_purchase","inbound"
"كسر فضة","seed-account-2da1e46de570300127c6","seed-account-2da1e46de570300127c6","373","2026-02-03","","","csvref-entry-486b99337de5f41c4ea98be812e01c7d","purchase","شراء فضة","شراء فضة: seed-account-2da1e46de570300127c6 -> acct_non_inventory_001","13.00","0.00","13.00","0.00","","","72.095454","900.00","0.00","0.00","290.41","20900.00","71.967219","customer_purchase","inbound"
"كسر فضة","seed-account-2da1e46de570300127c6","seed-account-2da1e46de570300127c6","377","2026-02-03","","","csvref-entry-bc470268cd0c37057a0114db397c6b43","purchase","شراء فضة","شراء فضة: seed-account-2da1e46de570300127c6 -> acct_non_inventory_001","9.25","0.00","9.25","0.00","","","71.967219","650.00","0.00","0.00","299.66","21550.00","71.914837","customer_purchase","inbound"
"كسر فضة","seed-account-2da1e46de570300127c6","seed-account-2da1e46de570300127c6","400","2026-02-05","","","csvref-entry-54f44f039c1b5e192e90038fa25b8369","purchase","شراء فضة","شراء فضة: seed-account-2da1e46de570300127c6 -> acct_non_inventory_001","1.00","0.00","1.00","0.00","","","71.914837","70.00","0.00","0.00","300.66","21620.00","71.908468","customer_purchase","inbound"
"كسر فضة","seed-account-2da1e46de570300127c6","seed-account-2da1e46de570300127c6","463","2026-02-11","","","csvref-entry-e572aca705b99a04d8b8a3897ff89ec4","purchase","شراء فضة","شراء فضة: seed-account-2da1e46de570300127c6 -> acct_non_inventory_001","13.00","0.00","13.00","0.00","","","71.908468","850.00","0.00","0.00","313.66","22470.00","71.638079","customer_purchase","inbound"
"كسر فضة","seed-account-2da1e46de570300127c6","seed-account-2da1e46de570300127c6","607","2026-02-27","","","csvref-entry-7c75f2e692fcab33ff2cb63d2e0ab1fe","merchant_settlement","حساب تاجر فضة","حساب تاجر فضة: acct_non_inventory_043 -> seed-account-2da1e46de570300127c6","0.00","21.26","0.00","21.26","","","71.638079","0.00","0.00","0.00","292.40","22470.00","76.846785","merchant_delivery","other"
"كسر فضة","seed-account-2da1e46de570300127c6","seed-account-2da1e46de570300127c6","704","2026-03-08","","","csvref-entry-a6ee35ea29498f6150fe6759ba803d70","merchant_settlement","حساب تاجر فضة","حساب تاجر فضة: acct_non_inventory_043 -> seed-account-2da1e46de570300127c6","0.00","0.80","0.00","0.80","","","76.846785","0.00","0.00","0.00","291.60","22470.00","77.057613","merchant_delivery","other"
"كسر فضة","seed-account-2da1e46de570300127c6","seed-account-2da1e46de570300127c6","774","2026-03-13","","","csvref-entry-47a8e4dd11207b64f5e94d34955ac8fc","purchase","شراء فضة","شراء فضة: seed-account-2da1e46de570300127c6 -> acct_non_inventory_001","7.14","0.00","7.14","0.00","","","77.057613","500.00","0.00","0.00","298.74","22970.00","76.889603","customer_purchase","inbound"
"كسر فضة","seed-account-2da1e46de570300127c6","seed-account-2da1e46de570300127c6","794","2026-03-15","","","csvref-entry-b5f2e115b1db7fa26618cb94541fe614","purchase","شراء فضة","شراء فضة: seed-account-2da1e46de570300127c6 -> acct_non_inventory_001","1.80","0.00","1.80","0.00","","","76.889603","150.00","0.00","0.00","300.54","23120.00","76.928196","customer_purchase","inbound"
"كسر فضة","seed-account-2da1e46de570300127c6","seed-account-2da1e46de570300127c6","795","2026-03-15","","","csvref-entry-f91a93e2c1a2cb6563e04305f9d0c195","purchase","شراء فضة","شراء فضة: seed-account-2da1e46de570300127c6 -> acct_non_inventory_001","3.97","0.00","3.97","0.00","","","76.928196","280.00","0.00","0.00","304.51","23400.00","76.844767","customer_purchase","inbound"
"كسر فضة","seed-account-2da1e46de570300127c6","seed-account-2da1e46de570300127c6","812","2026-03-17","","","csvref-entry-f4d4808939027b5ac7b1753825567b04","merchant_settlement","حساب تاجر فضة","حساب تاجر فضة: acct_non_inventory_043 -> seed-account-2da1e46de570300127c6","0.00","1.87","0.00","1.87","","","76.844767","0.00","0.00","0.00","302.64","23400.00","77.319588","merchant_delivery","other"
"كسر فضة","seed-account-2da1e46de570300127c6","seed-account-2da1e46de570300127c6","826","2026-03-18","","","csvref-entry-f4867795303187601b756cfbb1877ed8","purchase","شراء فضة","شراء فضة: seed-account-2da1e46de570300127c6 -> acct_non_inventory_001","6.39","0.00","6.39","0.00","","","77.319588","400.00","0.00","0.00","309.03","23800.00","77.015177","customer_purchase","inbound"
"كسر فضة","seed-account-2da1e46de570300127c6","seed-account-2da1e46de570300127c6","895","2026-03-24","","","csvref-entry-efcb87edfee0fa807ab8f9052eae66c6","purchase","شراء فضة","شراء فضة: seed-account-2da1e46de570300127c6 -> acct_non_inventory_001","4.90","0.00","4.90","0.00","","","77.015177","300.00","0.00","0.00","313.93","24100.00","76.768706","customer_purchase","inbound"
"كسر فضة","seed-account-2da1e46de570300127c6","seed-account-2da1e46de570300127c6","896","2026-03-24","","","csvref-entry-9955e1ea687371d9a313ee8f6683dd80","purchase","شراء فضة","شراء فضة: seed-account-2da1e46de570300127c6 -> acct_non_inventory_001","1.31","0.00","1.31","0.00","","","76.768706","200.00","0.00","0.00","315.24","24300.00","77.084126","customer_purchase","inbound"
"كسر فضة","seed-account-2da1e46de570300127c6","seed-account-2da1e46de570300127c6","928","2026-03-25","","","csvref-entry-ed42c68d317a0bef893db4663409fbd8","purchase","شراء فضة","شراء فضة: seed-account-2da1e46de570300127c6 -> acct_non_inventory_001","10.00","0.00","10.00","0.00","","","77.084126","700.00","0.00","0.00","325.24","25000.00","76.866314","customer_purchase","inbound"
"كسر فضة","seed-account-2da1e46de570300127c6","seed-account-2da1e46de570300127c6","1118","2026-04-08","","","csvref-entry-59693af66e75947ebbfaca3eebaf3c80","purchase","شراء فضة","شراء فضة: seed-account-2da1e46de570300127c6 -> acct_non_inventory_001","4.50","0.00","4.50","0.00","","","76.866314","400.00","0.00","0.00","329.74","25400.00","77.030388","customer_purchase","inbound"
"كسر فضة","seed-account-2da1e46de570300127c6","seed-account-2da1e46de570300127c6","1187","2026-04-13","","","csvref-entry-9c6f0f8eb297a750a8afa7ace62d1010","purchase","شراء فضة","شراء فضة: seed-account-2da1e46de570300127c6 -> acct_non_inventory_001","7.50","0.00","7.50","0.00","","","77.030388","560.00","0.00","0.00","337.24","25960.00","76.977820","customer_purchase","inbound"
"كسر فضة","seed-account-2da1e46de570300127c6","seed-account-2da1e46de570300127c6","1222","2026-04-14","","","csvref-entry-adbf2ef08a6b6f431f1e851271646327","purchase","شراء فضة","شراء فضة: seed-account-2da1e46de570300127c6 -> acct_non_inventory_001","4.00","0.00","4.00","0.00","","","76.977820","400.00","0.00","0.00","341.24","26360.00","77.247685","customer_purchase","inbound"
"كسر فضة","seed-account-2da1e46de570300127c6","seed-account-2da1e46de570300127c6","1259","2026-04-17","","","csvref-entry-db74c146195cac7fdf703386e598ebab","purchase","شراء فضة","شراء فضة: seed-account-2da1e46de570300127c6 -> acct_non_inventory_001","4.80","0.00","4.80","0.00","","","77.247685","380.00","0.00","0.00","346.04","26740.00","77.274304","customer_purchase","inbound"
"كسر فضة","seed-account-2da1e46de570300127c6","seed-account-2da1e46de570300127c6","1307","2026-04-20","","","csvref-entry-cfc08338a1051e34771f19df1f1b482c","purchase","شراء فضة","شراء فضة: seed-account-2da1e46de570300127c6 -> acct_non_inventory_001","27.00","0.00","27.00","0.00","","","77.274304","1900.00","0.00","0.00","373.04","28640.00","76.774609","customer_purchase","inbound"
"كسر فضة","seed-account-2da1e46de570300127c6","seed-account-2da1e46de570300127c6","1329","2026-04-21","","","csvref-entry-ffa151a3d284f2ede2a48e5b160cb4a2","purchase","شراء فضة","شراء فضة: seed-account-2da1e46de570300127c6 -> acct_non_inventory_001","2.28","0.00","2.28","0.00","","","76.774609","160.00","0.00","0.00","375.32","28800.00","76.734520","customer_purchase","inbound"
"كسر فضة","seed-account-2da1e46de570300127c6","seed-account-2da1e46de570300127c6","1332","2026-04-21","","","csvref-entry-1715dcac0ba03bf97ffedcf110620c8c","purchase","شراء فضة","شراء فضة: seed-account-2da1e46de570300127c6 -> acct_non_inventory_001","4.28","0.00","4.28","0.00","","","76.734520","300.00","0.00","0.00","379.60","29100.00","76.659642","customer_purchase","inbound"
"كسر فضة","seed-account-2da1e46de570300127c6","seed-account-2da1e46de570300127c6","1351","2026-04-23","","","csvref-entry-a5183ebfab95421c064aa044a924d462","purchase","شراء فضة","شراء فضة: seed-account-2da1e46de570300127c6 -> acct_non_inventory_001","5.50","0.00","5.50","0.00","","","76.659642","550.00","0.00","0.00","385.10","29650.00","76.992989","customer_purchase","inbound"
"كسر فضة","seed-account-2da1e46de570300127c6","seed-account-2da1e46de570300127c6","1367","2026-04-24","","","csvref-entry-a5377959c3cf5c5c3b3a87f179d95526","purchase","شراء فضة","شراء فضة: seed-account-2da1e46de570300127c6 -> acct_non_inventory_001","7.00","0.00","7.00","0.00","","","76.992989","470.00","0.00","0.00","392.10","30120.00","76.817138","customer_purchase","inbound"
"كسر فضة","seed-account-2da1e46de570300127c6","seed-account-2da1e46de570300127c6","1372","2026-04-24","","","csvref-entry-c75e1f63947b29d93b23fef5044a70bb","merchant_settlement","حساب تاجر فضة","حساب تاجر فضة: acct_non_inventory_043 -> seed-account-2da1e46de570300127c6","0.00","38.96","0.00","38.96","","","76.817138","0.00","0.00","0.00","353.14","30120.00","85.291952","merchant_delivery","other"
"كسر فضة","seed-account-2da1e46de570300127c6","seed-account-2da1e46de570300127c6","1394","2026-04-26","","","csvref-entry-4ec82d033833e59b4fb2fa8e0fef3497","purchase","شراء فضة","شراء فضة: seed-account-2da1e46de570300127c6 -> acct_non_inventory_001","25.75","0.00","25.75","0.00","","","85.291952","2050.00","0.00","0.00","378.89","32170.00","84.905909","customer_purchase","inbound"
"كسر فضة","seed-account-2da1e46de570300127c6","seed-account-2da1e46de570300127c6","1460","2026-05-02","","","csvref-entry-d8da81b06158e5340602b61e1f499d47","purchase","شراء فضة","شراء فضة: seed-account-2da1e46de570300127c6 -> acct_non_inventory_001","6.00","0.00","6.00","0.00","","","84.905909","450.00","0.00","0.00","384.89","32620.00","84.751487","customer_purchase","inbound"
"كسر فضة","seed-account-2da1e46de570300127c6","seed-account-2da1e46de570300127c6","1461","2026-05-02","","","csvref-entry-d78cefdbc2c1c3010045d5ba1cb22776","purchase","شراء فضة","شراء فضة: seed-account-2da1e46de570300127c6 -> acct_non_inventory_001","7.35","0.00","7.35","0.00","","","84.751487","900.00","0.00","0.00","392.24","33520.00","85.457883","customer_purchase","inbound"
"كسر فضة","seed-account-2da1e46de570300127c6","seed-account-2da1e46de570300127c6","1505","2026-05-08","","","csvref-entry-19c91ed72ccc5e6308c4f86017cfe86b","merchant_settlement","حساب تاجر فضة","حساب تاجر فضة: acct_non_inventory_043 -> seed-account-2da1e46de570300127c6","0.00","8.23","0.00","8.23","","","85.457883","0.00","0.00","0.00","384.01","33520.00","87.289394","merchant_delivery","other"
"كسر فضة","seed-account-2da1e46de570300127c6","seed-account-2da1e46de570300127c6","1591","2026-05-14","","","csvref-entry-1f04bd89f69df8136a185cc59d85f37a","merchant_settlement","حساب تاجر فضة","حساب تاجر فضة: acct_non_inventory_043 -> seed-account-2da1e46de570300127c6","0.00","7.01","0.00","7.01","","","87.289394","0.00","0.00","0.00","377.00","33520.00","88.912467","merchant_delivery","other"
"كسر فضة","seed-account-2da1e46de570300127c6","seed-account-2da1e46de570300127c6","1609","2026-05-16","","","csvref-entry-ccc92566ea536fd061ebee8e6b91ca8c","purchase","شراء فضة","شراء فضة: seed-account-2da1e46de570300127c6 -> acct_non_inventory_001","14.00","0.00","14.00","0.00","","","88.912467","1000.00","0.00","0.00","391.00","34520.00","88.286445","customer_purchase","inbound"
"كسر فضة","seed-account-2da1e46de570300127c6","seed-account-2da1e46de570300127c6","1623","2026-05-17","","","csvref-entry-a1283b6851e1799336b5b0fe9e0d9c6f","purchase","شراء فضة","شراء فضة: seed-account-2da1e46de570300127c6 -> acct_non_inventory_001","4.50","0.00","4.50","0.00","","","88.286445","450.00","0.00","0.00","395.50","34970.00","88.419722","customer_purchase","inbound"
"كسر فضة","seed-account-2da1e46de570300127c6","seed-account-2da1e46de570300127c6","1624","2026-05-17","","","csvref-entry-30457e7b73f90a60c81eb2d6b7e29e7c","purchase","شراء فضة","شراء فضة: seed-account-2da1e46de570300127c6 -> acct_non_inventory_001","12.00","0.00","12.00","0.00","","","88.419722","1000.00","0.00","0.00","407.50","35970.00","88.269939","customer_purchase","inbound"
"كسر فضة","seed-account-2da1e46de570300127c6","seed-account-2da1e46de570300127c6","1665","2026-05-21","","","csvref-entry-7ea5715536d2dc1f2f195e378821b57f","purchase","شراء فضة","شراء فضة: seed-account-2da1e46de570300127c6 -> acct_non_inventory_001","6.75","0.00","6.75","0.00","","","88.269939","675.00","0.00","0.00","414.25","36645.00","88.461074","customer_purchase","inbound"
"كسر فضة","seed-account-2da1e46de570300127c6","seed-account-2da1e46de570300127c6","1708","2026-05-25","","","csvref-entry-54e5f951c75ef81ac63430e7d5956f28","purchase","شراء فضة","شراء فضة: seed-account-2da1e46de570300127c6 -> acct_non_inventory_001","5.50","0.00","5.50","0.00","","","88.461074","500.00","0.00","0.00","419.75","37145.00","88.493151","customer_purchase","inbound"
"كسر فضة","seed-account-2da1e46de570300127c6","seed-account-2da1e46de570300127c6","1712","2026-05-26","","","csvref-entry-0e609f5a0b7919051e86e9bb95975fa9","purchase","شراء فضة","شراء فضة: seed-account-2da1e46de570300127c6 -> acct_non_inventory_001","0.25","0.00","0.25","0.00","","","88.493151","25.00","0.00","0.00","420.00","37170.00","88.500000","customer_purchase","inbound"
"كسر فضة","seed-account-2da1e46de570300127c6","seed-account-2da1e46de570300127c6","1736","2026-05-27","","","csvref-entry-825da1020f438b1417bc092118737cf8","purchase","شراء فضة","شراء فضة: seed-account-2da1e46de570300127c6 -> acct_non_inventory_001","1.25","0.00","1.25","0.00","","","88.500000","100.00","0.00","0.00","421.25","37270.00","88.474777","customer_purchase","inbound"
"كسر فضة","seed-account-2da1e46de570300127c6","seed-account-2da1e46de570300127c6","1772","2026-06-01","","","csvref-entry-3dd4445955fdbca9c7ea015232287578","purchase","شراء فضة","شراء فضة: seed-account-2da1e46de570300127c6 -> acct_non_inventory_001","2.50","0.00","2.50","0.00","","","88.474777","200.00","0.00","0.00","423.75","37470.00","88.424779","customer_purchase","inbound"
"دبلة تنجستين","seed-account-93c8c8cf9d87c00e1e88","seed-account-93c8c8cf9d87c00e1e88","21","2026-01-01","","","csvref-entry-28cb29a01785ba9a31e6db2dbf79e8fc","opening","قيد افتتاحي","قيد افتتاحي: seed-account-93c8c8cf9d87c00e1e88 -> acct_non_inventory_048","80.000","0.000","0.00","0.00","","","","8000.00","0.00","0.00","80.000","8000.00","100.000000","opening","opening"
"دبلة تنجستين","seed-account-93c8c8cf9d87c00e1e88","seed-account-93c8c8cf9d87c00e1e88","33","2026-01-01","","","csvref-entry-0c2d445ec7b94a3c4b7995bf4019c624","sale","بيع ملحقات","بيع ملحقات: acct_non_inventory_001 -> seed-account-93c8c8cf9d87c00e1e88","0.000","1.000","0.00","0.00","","","100.000000","0.00","100.00","0.00","79.000","7900.00","100.000000","sale","outbound"
"دبلة تنجستين","seed-account-93c8c8cf9d87c00e1e88","seed-account-93c8c8cf9d87c00e1e88","346","2026-02-01","","","csvref-entry-0bfff678220f6e990e1653856f4ad035","sale","بيع ملحقات","بيع ملحقات: acct_non_inventory_001 -> seed-account-93c8c8cf9d87c00e1e88","0.000","1.000","0.00","0.00","","","100.000000","0.00","100.00","0.00","78.000","7800.00","100.000000","sale","outbound"
"دبلة تنجستين","seed-account-93c8c8cf9d87c00e1e88","seed-account-93c8c8cf9d87c00e1e88","364","2026-02-02","","","csvref-entry-94422b4161da794065cac9155acb7bcf","sale","بيع ملحقات","بيع ملحقات: acct_non_inventory_001 -> seed-account-93c8c8cf9d87c00e1e88","0.000","1.000","0.00","0.00","","","100.000000","0.00","100.00","0.00","77.000","7700.00","100.000000","sale","outbound"
"دبلة تنجستين","seed-account-93c8c8cf9d87c00e1e88","seed-account-93c8c8cf9d87c00e1e88","866","2026-03-22","","","csvref-entry-6b636655db8055ba28ccf197d28ab6bc","sale","بيع ملحقات","بيع ملحقات: acct_non_inventory_001 -> seed-account-93c8c8cf9d87c00e1e88","0.000","1.000","0.00","0.00","","","100.000000","0.00","100.00","0.00","76.000","7600.00","100.000000","sale","outbound"
"دبلة تنجستين","seed-account-93c8c8cf9d87c00e1e88","seed-account-93c8c8cf9d87c00e1e88","1233","2026-04-15","","","csvref-entry-b68b8fecfed1205bf273d9e64ec5a250","sale","بيع ملحقات","بيع ملحقات: acct_non_inventory_001 -> seed-account-93c8c8cf9d87c00e1e88","0.000","1.000","0.00","0.00","","","100.000000","0.00","100.00","0.00","75.000","7500.00","100.000000","sale","outbound"
"دبلة تنجستين","seed-account-93c8c8cf9d87c00e1e88","seed-account-93c8c8cf9d87c00e1e88","1261","2026-04-17","","","csvref-entry-e151ac9ffd10f7875cc01d780c92f362","sale","بيع ملحقات","بيع ملحقات: acct_non_inventory_001 -> seed-account-93c8c8cf9d87c00e1e88","0.000","1.000","0.00","0.00","","","100.000000","0.00","100.00","0.00","74.000","7400.00","100.000000","sale","outbound"
"دبلة تنجستين","seed-account-93c8c8cf9d87c00e1e88","seed-account-93c8c8cf9d87c00e1e88","1368","2026-04-24","","","csvref-entry-50547360093e82c439669f223b39017f","purchase","شراء ملحقات","شراء ملحقات: seed-account-93c8c8cf9d87c00e1e88 -> acct_non_inventory_001","8.000","0.000","0.00","0.00","","","100.000000","550.00","0.00","0.00","82.000","7950.00","96.951220","customer_purchase","inbound"
"دبلة تنجستين","seed-account-93c8c8cf9d87c00e1e88","seed-account-93c8c8cf9d87c00e1e88","1369","2026-04-24","","","csvref-entry-9f79355354a6e26a0f982f21fbb3d281","sale","بيع ملحقات","بيع ملحقات: acct_non_inventory_001 -> seed-account-93c8c8cf9d87c00e1e88","0.000","1.000","0.00","0.00","","","96.951220","0.00","96.95","0.00","81.000","7853.05","96.951235","sale","outbound"
"دبلة تنجستين","seed-account-93c8c8cf9d87c00e1e88","seed-account-93c8c8cf9d87c00e1e88","1419","2026-04-28","","","csvref-entry-d53e69b88ea812cf9b4711f2c1ae6959","sale","بيع ملحقات","بيع ملحقات: acct_non_inventory_001 -> seed-account-93c8c8cf9d87c00e1e88","0.000","1.000","0.00","0.00","","","96.951235","0.00","96.95","0.00","80.000","7756.10","96.951250","sale","outbound"
"دبلة تنجستين","seed-account-93c8c8cf9d87c00e1e88","seed-account-93c8c8cf9d87c00e1e88","1458","2026-05-01","","","csvref-entry-7f6f8798ab6718e5650ecf988c7db3da","sale","بيع ملحقات","بيع ملحقات: acct_non_inventory_001 -> seed-account-93c8c8cf9d87c00e1e88","0.000","1.000","0.00","0.00","","","96.951250","0.00","96.95","0.00","79.000","7659.15","96.951266","sale","outbound"
"دبلة تنجستين","seed-account-93c8c8cf9d87c00e1e88","seed-account-93c8c8cf9d87c00e1e88","1704","2026-05-25","","","csvref-entry-2a1bee6049f19d0e73b15d5eed885606","sale","بيع ملحقات","بيع ملحقات: acct_non_inventory_001 -> seed-account-93c8c8cf9d87c00e1e88","0.000","1.000","0.00","0.00","","","96.951266","0.00","96.95","0.00","78.000","7562.20","96.951282","sale","outbound"